Date,DCOILBRENTEU
1/2/2006,#N/A
1/3/2006,61.51
1/4/2006,61.25
1/5/2006,61.68
1/6/2006,62.43
1/9/2006,62.51
1/10/2006,62.32
1/11/2006,61.54
1/12/2006,62.95
1/13/2006,61.58
1/16/2006,62.34
1/17/2006,63.22
1/18/2006,63.60
1/19/2006,63.64
1/20/2006,64.92
1/23/2006,64.56
1/24/2006,63.82
1/25/2006,62.61
1/26/2006,62.93
1/27/2006,64.95
1/30/2006,65.14
1/31/2006,63.19
2/1/2006,65.64
2/2/2006,63.49
2/3/2006,62.54
2/6/2006,63.32
2/7/2006,61.64
2/8/2006,60.82
2/9/2006,60.70
2/10/2006,59.66
2/13/2006,59.16
2/14/2006,58.27
2/15/2006,57.67
2/16/2006,56.78
2/17/2006,58.34
2/20/2006,60.05
2/21/2006,59.35
2/22/2006,58.71
2/23/2006,58.71
2/24/2006,60.13
2/27/2006,59.44
2/28/2006,59.78
3/1/2006,61.12
3/2/2006,62.27
3/3/2006,62.69
3/6/2006,61.41
3/7/2006,59.79
3/8/2006,58.42
3/9/2006,58.82
3/10/2006,59.04
3/13/2006,60.99
3/14/2006,62.39
3/15/2006,63.12
3/16/2006,62.07
3/17/2006,63.54
3/20/2006,62.30
3/21/2006,59.96
3/22/2006,61.23
3/23/2006,61.76
3/24/2006,62.78
3/27/2006,62.59
3/28/2006,64.31
3/29/2006,64.88
3/30/2006,65.95
3/31/2006,66.06
4/3/2006,67.28
4/4/2006,65.93
4/5/2006,66.74
4/6/2006,67.58
4/7/2006,67.11
4/10/2006,68.20
4/11/2006,68.52
4/12/2006,69.54
4/13/2006,69.39
4/14/2006,#N/A
4/17/2006,#N/A
4/18/2006,70.97
4/19/2006,72.69
4/20/2006,72.57
4/21/2006,73.94
4/24/2006,73.96
4/25/2006,72.86
4/26/2006,73.46
4/27/2006,71.79
4/28/2006,72.15
5/1/2006,73.37
5/2/2006,74.45
5/3/2006,73.73
5/4/2006,71.84
5/5/2006,71.22
5/8/2006,68.26
5/9/2006,70.60
5/10/2006,69.83
5/11/2006,72.20
5/12/2006,71.30
5/15/2006,68.69
5/16/2006,68.66
5/17/2006,67.52
5/18/2006,67.39
5/19/2006,66.93
5/22/2006,66.52
5/23/2006,68.97
5/24/2006,68.45
5/25/2006,68.51
5/26/2006,69.88
5/29/2006,69.16
5/30/2006,69.82
5/31/2006,67.57
6/1/2006,68.77
6/2/2006,68.42
6/5/2006,69.13
6/6/2006,68.25
6/7/2006,67.17
6/8/2006,65.76
6/9/2006,69.13
6/12/2006,68.62
6/13/2006,65.67
6/14/2006,65.52
6/15/2006,66.04
6/16/2006,65.01
6/19/2006,66.40
6/20/2006,67.57
6/21/2006,68.17
6/22/2006,69.60
6/23/2006,69.91
6/26/2006,69.85
6/27/2006,71.26
6/28/2006,71.76
6/29/2006,73.02
6/30/2006,73.20
7/3/2006,73.94
7/4/2006,73.17
7/5/2006,72.88
7/6/2006,73.12
7/7/2006,74.14
7/10/2006,72.39
7/11/2006,73.14
7/12/2006,73.04
7/13/2006,75.23
7/14/2006,76.13
7/17/2006,75.12
7/18/2006,75.32
7/19/2006,71.62
7/20/2006,72.56
7/21/2006,72.96
7/24/2006,72.09
7/25/2006,72.49
7/26/2006,73.76
7/27/2006,75.36
7/28/2006,73.95
7/31/2006,74.75
8/1/2006,76.39
8/2/2006,77.63
8/3/2006,76.28
8/4/2006,76.53
8/7/2006,77.82
8/8/2006,77.93
8/9/2006,78.26
8/10/2006,75.69
8/11/2006,75.19
8/14/2006,73.78
8/15/2006,73.57
8/16/2006,72.67
8/17/2006,70.42
8/18/2006,71.30
8/21/2006,72.42
8/22/2006,72.06
8/23/2006,71.12
8/24/2006,71.40
8/25/2006,72.58
8/28/2006,69.44
8/29/2006,67.01
8/30/2006,67.15
8/31/2006,67.66
9/1/2006,70.49
9/4/2006,68.62
9/5/2006,65.94
9/6/2006,65.41
9/7/2006,64.52
9/8/2006,64.30
9/11/2006,62.41
9/12/2006,62.23
9/13/2006,61.28
9/14/2006,60.75
9/15/2006,60.23
9/18/2006,61.47
9/19/2006,62.52
9/20/2006,59.09
9/21/2006,59.27
9/22/2006,58.81
9/25/2006,57.89
9/26/2006,58.53
9/27/2006,57.60
9/28/2006,60.68
9/29/2006,59.09
10/2/2006,58.80
10/3/2006,56.28
10/4/2006,55.82
10/5/2006,57.93
10/6/2006,56.90
10/9/2006,59.25
10/10/2006,57.80
10/11/2006,57.75
10/12/2006,57.87
10/13/2006,58.97
10/16/2006,58.22
10/17/2006,60.13
10/18/2006,58.51
10/19/2006,57.74
10/20/2006,57.94
10/23/2006,56.56
10/24/2006,56.56
10/25/2006,58.79
10/26/2006,58.76
10/27/2006,57.99
10/30/2006,57.08
10/31/2006,56.13
11/1/2006,56.37
11/2/2006,56.26
11/3/2006,56.55
11/6/2006,57.02
11/7/2006,56.99
11/8/2006,57.18
11/9/2006,59.72
11/10/2006,59.18
11/13/2006,56.88
11/14/2006,57.90
11/15/2006,57.97
11/16/2006,59.50
11/17/2006,57.01
11/20/2006,57.38
11/21/2006,59.53
11/22/2006,58.66
11/23/2006,59.70
11/24/2006,60.72
11/27/2006,60.52
11/28/2006,61.22
11/29/2006,62.13
11/30/2006,64.36
12/1/2006,64.74
12/4/2006,63.97
12/5/2006,63.65
12/6/2006,63.70
12/7/2006,63.17
12/8/2006,63.67
12/11/2006,62.59
12/12/2006,62.58
12/13/2006,61.89
12/14/2006,62.85
12/15/2006,62.91
12/18/2006,62.81
12/19/2006,62.19
12/20/2006,63.13
12/21/2006,62.13
12/22/2006,61.92
12/25/2006,#N/A
12/26/2006,#N/A
12/27/2006,60.70
12/28/2006,59.41
12/29/2006,58.96
1/1/2007,#N/A
1/2/2007,58.49
1/3/2007,56.63
1/4/2007,54.58
1/5/2007,52.82
1/8/2007,52.82
1/9/2007,52.38
1/10/2007,52.11
1/11/2007,51.68
1/12/2007,49.95
1/15/2007,#N/A
1/16/2007,51.28
1/17/2007,51.19
1/18/2007,50.83
1/19/2007,52.29
1/22/2007,54.34
1/23/2007,53.93
1/24/2007,55.11
1/25/2007,55.67
1/26/2007,55.29
1/29/2007,54.71
1/30/2007,54.69
1/31/2007,56.52
2/1/2007,56.74
2/2/2007,56.93
2/5/2007,58.67
2/6/2007,58.04
2/7/2007,58.35
2/8/2007,57.24
2/9/2007,57.21
2/12/2007,55.52
2/13/2007,56.12
2/14/2007,55.05
2/15/2007,54.25
2/16/2007,56.78
2/19/2007,#N/A
2/20/2007,55.91
2/21/2007,57.74
2/22/2007,58.62
2/23/2007,60.38
2/26/2007,60.34
2/27/2007,60.28
2/28/2007,59.39
3/1/2007,61.18
3/2/2007,61.92
3/5/2007,59.78
3/6/2007,59.68
3/7/2007,61.13
3/8/2007,60.90
3/9/2007,60.25
3/12/2007,60.59
3/13/2007,61.52
3/14/2007,60.89
3/15/2007,60.40
3/16/2007,60.93
3/19/2007,60.49
3/20/2007,60.11
3/21/2007,60.18
3/22/2007,61.57
3/23/2007,63.10
3/26/2007,64.43
3/27/2007,64.25
3/28/2007,66.15
3/29/2007,67.19
3/30/2007,68.47
4/2/2007,68.94
4/3/2007,68.00
4/4/2007,68.09
4/5/2007,69.15
4/6/2007,#N/A
4/9/2007,#N/A
4/10/2007,67.64
4/11/2007,68.60
4/12/2007,67.79
4/13/2007,68.78
4/16/2007,67.10
4/17/2007,66.34
4/18/2007,65.09
4/19/2007,66.17
4/20/2007,66.34
4/23/2007,66.80
4/24/2007,67.94
4/25/2007,67.44
4/26/2007,67.51
4/27/2007,67.28
4/30/2007,67.23
5/1/2007,67.40
5/2/2007,65.57
5/3/2007,64.85
5/4/2007,65.14
5/7/2007,62.70
5/8/2007,63.55
5/9/2007,63.50
5/10/2007,64.63
5/11/2007,65.18
5/14/2007,65.86
5/15/2007,66.74
5/16/2007,66.83
5/17/2007,69.08
5/18/2007,69.26
5/21/2007,69.51
5/22/2007,70.05
5/23/2007,71.01
5/24/2007,71.96
5/25/2007,70.72
5/28/2007,#N/A
5/29/2007,69.31
5/30/2007,67.64
5/31/2007,68.18
6/1/2007,68.65
6/4/2007,70.90
6/5/2007,71.36
6/6/2007,71.50
6/7/2007,72.36
6/8/2007,70.04
6/11/2007,68.85
6/12/2007,68.56
6/13/2007,69.24
6/14/2007,71.18
6/15/2007,71.63
6/18/2007,72.33
6/19/2007,72.17
6/20/2007,70.55
6/21/2007,71.81
6/22/2007,72.04
6/25/2007,71.36
6/26/2007,71.41
6/27/2007,71.84
6/28/2007,71.96
6/29/2007,72.22
7/2/2007,72.90
7/3/2007,74.26
7/4/2007,#N/A
7/5/2007,75.40
7/6/2007,76.58
7/9/2007,77.10
7/10/2007,77.88
7/11/2007,77.44
7/12/2007,78.24
7/13/2007,78.12
7/16/2007,78.17
7/17/2007,77.59
7/18/2007,78.00
7/19/2007,78.37
7/20/2007,79.09
7/23/2007,78.36
7/24/2007,75.88
7/25/2007,75.21
7/26/2007,77.28
7/27/2007,76.58
7/30/2007,76.07
7/31/2007,77.01
8/1/2007,77.11
8/2/2007,76.14
8/3/2007,75.36
8/6/2007,72.69
8/7/2007,70.42
8/8/2007,70.73
8/9/2007,70.08
8/10/2007,69.57
8/13/2007,71.30
8/14/2007,69.29
8/15/2007,71.30
8/16/2007,68.77
8/17/2007,69.80
8/20/2007,68.37
8/21/2007,67.88
8/22/2007,67.73
8/23/2007,68.73
8/24/2007,69.49
8/27/2007,68.85
8/28/2007,69.66
8/29/2007,70.48
8/30/2007,71.46
8/31/2007,72.29
9/3/2007,#N/A
9/4/2007,74.22
9/5/2007,74.72
9/6/2007,76.21
9/7/2007,75.08
9/10/2007,74.97
9/11/2007,76.23
9/12/2007,77.15
9/13/2007,77.84
9/14/2007,78.27
9/17/2007,77.99
9/18/2007,77.00
9/19/2007,78.47
9/20/2007,78.48
9/21/2007,78.91
9/24/2007,77.87
9/25/2007,76.82
9/26/2007,76.21
9/27/2007,78.88
9/28/2007,80.97
10/1/2007,78.33
10/2/2007,76.87
10/3/2007,77.80
10/4/2007,77.84
10/5/2007,79.05
10/8/2007,76.94
10/9/2007,77.82
10/10/2007,77.85
10/11/2007,80.83
10/12/2007,80.82
10/15/2007,82.50
10/16/2007,84.43
10/17/2007,85.24
10/18/2007,85.03
10/19/2007,84.25
10/22/2007,82.72
10/23/2007,82.31
10/24/2007,83.47
10/25/2007,85.40
10/26/2007,84.71
10/29/2007,89.87
10/30/2007,89.87
10/31/2007,89.87
11/1/2007,90.36
11/2/2007,92.11
11/5/2007,92.16
11/6/2007,93.99
11/7/2007,94.85
11/8/2007,94.40
11/9/2007,92.32
11/12/2007,91.56
11/13/2007,89.09
11/14/2007,90.73
11/15/2007,90.32
11/16/2007,91.99
11/19/2007,91.59
11/20/2007,94.13
11/21/2007,94.97
11/22/2007,#N/A
11/23/2007,95.33
11/26/2007,94.88
11/27/2007,93.23
11/28/2007,91.64
11/29/2007,92.34
11/30/2007,88.71
12/3/2007,87.85
12/4/2007,89.97
12/5/2007,90.70
12/6/2007,88.46
12/7/2007,88.46
12/10/2007,87.33
12/11/2007,87.77
12/12/2007,91.69
12/13/2007,92.57
12/14/2007,91.86
12/17/2007,90.32
12/18/2007,90.71
12/19/2007,90.98
12/20/2007,91.06
12/21/2007,91.03
12/24/2007,91.59
12/25/2007,#N/A
12/26/2007,#N/A
12/27/2007,95.66
12/28/2007,95.92
12/31/2007,93.68
1/1/2008,#N/A
1/2/2008,97.01
1/3/2008,98.45
1/4/2008,96.87
1/7/2008,94.19
1/8/2008,96.37
1/9/2008,96.76
1/10/2008,92.80
1/11/2008,91.86
1/14/2008,92.58
1/15/2008,90.87
1/16/2008,88.10
1/17/2008,88.96
1/18/2008,89.66
1/21/2008,#N/A
1/22/2008,88.11
1/23/2008,87.06
1/24/2008,87.69
1/25/2008,90.96
1/28/2008,90.91
1/29/2008,92.49
1/30/2008,92.46
1/31/2008,91.58
2/1/2008,91.41
2/4/2008,91.09
2/5/2008,89.60
2/6/2008,88.73
2/7/2008,88.55
2/8/2008,91.45
2/11/2008,93.93
2/12/2008,94.28
2/13/2008,93.82
2/14/2008,95.92
2/15/2008,96.96
2/18/2008,#N/A
2/19/2008,97.03
2/20/2008,97.88
2/21/2008,97.52
2/22/2008,96.07
2/25/2008,97.43
2/26/2008,99.05
2/27/2008,98.28
2/28/2008,99.83
2/29/2008,100.90
3/3/2008,101.83
3/4/2008,98.60
3/5/2008,100.95
3/6/2008,103.47
3/7/2008,104.66
3/10/2008,105.33
3/11/2008,106.78
3/12/2008,107.99
3/13/2008,109.18
3/14/2008,109.16
3/17/2008,104.41
3/18/2008,105.35
3/19/2008,102.65
3/20/2008,99.78
3/21/2008,#N/A
3/24/2008,100.93
3/25/2008,99.91
3/26/2008,102.83
3/27/2008,103.89
3/28/2008,102.68
3/31/2008,102.33
4/1/2008,98.69
4/2/2008,98.85
4/3/2008,102.31
4/4/2008,102.21
4/7/2008,105.98
4/8/2008,105.05
4/9/2008,107.46
4/10/2008,107.37
4/11/2008,107.15
4/14/2008,108.32
4/15/2008,110.84
4/16/2008,110.95
4/17/2008,111.34
4/18/2008,110.67
4/21/2008,111.35
4/22/2008,113.54
4/23/2008,115.34
4/24/2008,114.85
4/25/2008,116.62
4/28/2008,115.70
4/29/2008,113.86
4/30/2008,111.12
5/1/2008,107.30
5/2/2008,111.92
5/5/2008,115.68
5/6/2008,119.88
5/7/2008,120.27
5/8/2008,119.85
5/9/2008,123.54
5/12/2008,122.89
5/13/2008,123.11
5/14/2008,121.18
5/15/2008,122.76
5/16/2008,122.98
5/19/2008,122.19
5/20/2008,124.12
5/21/2008,127.28
5/22/2008,129.04
5/23/2008,129.72
5/26/2008,#N/A
5/27/2008,128.92
5/28/2008,128.93
5/29/2008,129.33
5/30/2008,127.85
6/2/2008,128.50
6/3/2008,126.28
6/4/2008,121.72
6/5/2008,122.36
6/6/2008,132.81
6/9/2008,134.43
6/10/2008,135.24
6/11/2008,134.52
6/12/2008,132.11
6/13/2008,134.29
6/16/2008,133.90
6/17/2008,131.27
6/18/2008,129.12
6/19/2008,131.84
6/20/2008,134.28
6/23/2008,134.54
6/24/2008,135.37
6/25/2008,131.59
6/26/2008,136.82
6/27/2008,139.38
6/30/2008,138.40
7/1/2008,140.67
7/2/2008,141.24
7/3/2008,143.95
7/4/2008,#N/A
7/7/2008,139.62
7/8/2008,134.15
7/9/2008,133.91
7/10/2008,135.81
7/11/2008,143.68
7/14/2008,142.43
7/15/2008,136.02
7/16/2008,133.31
7/17/2008,134.16
7/18/2008,129.34
7/21/2008,129.34
7/22/2008,127.18
7/23/2008,126.86
7/24/2008,125.43
7/25/2008,124.70
7/28/2008,125.67
7/29/2008,125.77
7/30/2008,122.46
7/31/2008,124.10
8/1/2008,124.16
8/4/2008,121.87
8/5/2008,116.50
8/6/2008,114.47
8/7/2008,116.94
8/8/2008,113.03
8/11/2008,110.54
8/12/2008,108.98
8/13/2008,110.68
8/14/2008,111.82
8/15/2008,108.80
8/18/2008,109.33
8/19/2008,109.02
8/20/2008,108.72
8/21/2008,117.24
8/22/2008,113.99
8/25/2008,109.74
8/26/2008,112.20
8/27/2008,113.05
8/28/2008,113.54
8/29/2008,113.49
9/1/2008,#N/A
9/2/2008,104.94
9/3/2008,103.88
9/4/2008,103.41
9/5/2008,102.51
9/8/2008,101.08
9/9/2008,98.94
9/10/2008,96.00
9/11/2008,96.01
9/12/2008,94.37
9/15/2008,90.45
9/16/2008,85.85
9/17/2008,86.09
9/18/2008,90.89
9/19/2008,93.46
9/22/2008,100.43
9/23/2008,100.72
9/24/2008,102.09
9/25/2008,100.45
9/26/2008,100.88
9/29/2008,95.96
9/30/2008,93.52
10/1/2008,92.19
10/2/2008,88.88
10/3/2008,88.95
10/6/2008,84.71
10/7/2008,83.17
10/8/2008,80.77
10/9/2008,81.65
10/10/2008,74.58
10/13/2008,74.37
10/14/2008,74.98
10/15/2008,66.86
10/16/2008,64.14
10/17/2008,66.05
10/20/2008,67.45
10/21/2008,65.99
10/22/2008,62.95
10/23/2008,65.06
10/24/2008,60.57
10/27/2008,59.34
10/28/2008,58.87
10/29/2008,64.00
10/30/2008,60.86
10/31/2008,60.00
11/3/2008,60.32
11/4/2008,62.78
11/5/2008,61.09
11/6/2008,56.14
11/7/2008,56.84
11/10/2008,57.08
11/11/2008,54.76
11/12/2008,52.47
11/13/2008,51.32
11/14/2008,50.70
11/17/2008,50.82
11/18/2008,49.10
11/19/2008,48.35
11/20/2008,45.79
11/21/2008,44.91
11/24/2008,49.51
11/25/2008,47.51
11/26/2008,49.39
11/27/2008,#N/A
11/28/2008,47.72
12/1/2008,47.58
12/2/2008,45.64
12/3/2008,44.39
12/4/2008,43.83
12/5/2008,37.04
12/8/2008,40.02
12/9/2008,39.77
12/10/2008,39.34
12/11/2008,43.54
12/12/2008,42.38
12/15/2008,45.02
12/16/2008,42.00
12/17/2008,41.84
12/18/2008,40.19
12/19/2008,39.52
12/22/2008,38.08
12/23/2008,35.27
12/24/2008,34.45
12/25/2008,#N/A
12/26/2008,33.73
12/29/2008,34.16
12/30/2008,35.22
12/31/2008,35.82
1/1/2009,#N/A
1/2/2009,42.94
1/5/2009,45.84
1/6/2009,48.89
1/7/2009,46.23
1/8/2009,42.94
1/9/2009,42.34
1/12/2009,40.86
1/13/2009,43.05
1/14/2009,42.27
1/15/2009,42.32
1/16/2009,43.42
1/19/2009,#N/A
1/20/2009,41.22
1/21/2009,39.90
1/22/2009,42.42
1/23/2009,43.13
1/26/2009,48.00
1/27/2009,42.86
1/28/2009,42.86
1/29/2009,43.13
1/30/2009,44.17
2/2/2009,42.96
2/3/2009,43.15
2/4/2009,43.68
2/5/2009,43.92
2/6/2009,44.49
2/9/2009,47.23
2/10/2009,45.88
2/11/2009,44.24
2/12/2009,47.23
2/13/2009,43.36
2/16/2009,#N/A
2/17/2009,39.69
2/18/2009,39.41
2/19/2009,42.36
2/20/2009,42.19
2/23/2009,41.27
2/24/2009,40.18
2/25/2009,42.37
2/26/2009,45.15
2/27/2009,44.41
3/2/2009,42.60
3/3/2009,42.72
3/4/2009,46.07
3/5/2009,44.45
3/6/2009,43.48
3/9/2009,44.55
3/10/2009,44.99
3/11/2009,43.20
3/12/2009,42.19
3/13/2009,44.97
3/16/2009,44.12
3/17/2009,45.53
3/18/2009,45.22
3/19/2009,48.03
3/20/2009,49.27
3/23/2009,51.84
3/24/2009,51.32
3/25/2009,51.46
3/26/2009,51.89
3/27/2009,50.81
3/30/2009,49.05
3/31/2009,46.13
4/1/2009,45.92
4/2/2009,50.89
4/3/2009,50.48
4/6/2009,50.91
4/7/2009,50.62
4/8/2009,52.06
4/9/2009,52.33
4/10/2009,#N/A
4/13/2009,50.73
4/14/2009,52.06
4/15/2009,51.31
4/16/2009,51.83
4/17/2009,52.02
4/20/2009,49.06
4/21/2009,48.69
4/22/2009,48.50
4/23/2009,48.29
4/24/2009,50.29
4/27/2009,48.67
4/28/2009,48.64
4/29/2009,50.22
4/30/2009,50.30
5/1/2009,51.75
5/4/2009,53.26
5/5/2009,53.16
5/6/2009,55.07
5/7/2009,56.63
5/8/2009,56.02
5/11/2009,55.99
5/12/2009,56.52
5/13/2009,56.84
5/14/2009,56.25
5/15/2009,56.33
5/18/2009,56.51
5/19/2009,57.12
5/20/2009,59.10
5/21/2009,58.02
5/22/2009,58.70
5/25/2009,#N/A
5/26/2009,59.05
5/27/2009,61.28
5/28/2009,63.47
5/29/2009,64.98
6/1/2009,66.60
6/2/2009,67.67
6/3/2009,66.15
6/4/2009,67.68
6/5/2009,67.77
6/8/2009,67.61
6/9/2009,68.94
6/10/2009,70.52
6/11/2009,71.71
6/12/2009,70.62
6/15/2009,68.49
6/16/2009,70.52
6/17/2009,68.95
6/18/2009,69.96
6/19/2009,70.48
6/22/2009,66.13
6/23/2009,66.36
6/24/2009,68.47
6/25/2009,68.82
6/26/2009,68.10
6/29/2009,69.75
6/30/2009,68.11
7/1/2009,68.52
7/2/2009,65.74
7/3/2009,#N/A
7/6/2009,63.12
7/7/2009,61.54
7/8/2009,59.71
7/9/2009,59.17
7/10/2009,58.43
7/13/2009,58.25
7/14/2009,60.48
7/15/2009,61.25
7/16/2009,62.02
7/17/2009,63.54
7/20/2009,64.64
7/21/2009,65.93
7/22/2009,65.36
7/23/2009,68.06
7/24/2009,68.82
7/27/2009,69.78
7/28/2009,68.53
7/29/2009,65.79
7/30/2009,68.82
7/31/2009,70.08
8/3/2009,72.90
8/4/2009,73.82
8/5/2009,74.39
8/6/2009,74.61
8/7/2009,74.21
8/10/2009,73.79
8/11/2009,71.58
8/12/2009,74.03
8/13/2009,73.76
8/14/2009,71.33
8/17/2009,68.65
8/18/2009,68.66
8/19/2009,72.81
8/20/2009,73.75
8/21/2009,73.71
8/24/2009,74.34
8/25/2009,73.10
8/26/2009,70.74
8/27/2009,70.68
8/28/2009,72.80
8/31/2009,69.02
9/1/2009,68.78
9/2/2009,67.60
9/3/2009,66.78
9/4/2009,65.84
9/7/2009,#N/A
9/8/2009,69.20
9/9/2009,69.76
9/10/2009,68.96
9/11/2009,68.76
9/14/2009,66.91
9/15/2009,66.53
9/16/2009,68.51
9/17/2009,71.56
9/18/2009,70.72
9/21/2009,68.11
9/22/2009,69.65
9/23/2009,67.43
9/24/2009,64.99
9/25/2009,64.60
9/28/2009,65.43
9/29/2009,64.63
9/30/2009,65.82
10/1/2009,67.12
10/2/2009,66.50
10/5/2009,65.26
10/6/2009,68.51
10/7/2009,67.65
10/8/2009,68.47
10/9/2009,69.45
10/12/2009,70.75
10/13/2009,70.81
10/14/2009,72.16
10/15/2009,73.14
10/16/2009,74.58
10/19/2009,75.86
10/20/2009,76.51
10/21/2009,77.74
10/22/2009,78.36
10/23/2009,77.72
10/26/2009,76.45
10/27/2009,76.69
10/28/2009,75.11
10/29/2009,77.18
10/30/2009,74.91
11/2/2009,75.56
11/3/2009,75.68
11/4/2009,78.21
11/5/2009,78.02
11/6/2009,75.51
11/9/2009,77.18
11/10/2009,77.07
11/11/2009,76.99
11/12/2009,75.18
11/13/2009,74.81
11/16/2009,77.14
11/17/2009,77.36
11/18/2009,78.64
11/19/2009,76.45
11/20/2009,75.61
11/23/2009,78.14
11/24/2009,75.35
11/25/2009,76.57
11/26/2009,#N/A
11/27/2009,76.00
11/30/2009,77.77
12/1/2009,78.68
12/2/2009,76.96
12/3/2009,77.76
12/4/2009,77.74
12/7/2009,76.18
12/8/2009,74.93
12/9/2009,73.63
12/10/2009,70.91
12/11/2009,70.07
12/14/2009,71.19
12/15/2009,71.33
12/16/2009,73.34
12/17/2009,71.28
12/18/2009,71.87
12/21/2009,72.74
12/22/2009,71.64
12/23/2009,73.87
12/24/2009,75.15
12/25/2009,#N/A
12/28/2009,76.59
12/29/2009,76.65
12/30/2009,77.62
12/31/2009,77.91
1/1/2010,#N/A
1/4/2010,79.05
1/5/2010,79.27
1/6/2010,80.14
1/7/2010,80.57
1/8/2010,80.06
1/11/2010,80.14
1/12/2010,79.38
1/13/2010,77.57
1/14/2010,77.61
1/15/2010,76.85
1/18/2010,#N/A
1/19/2010,75.18
1/20/2010,75.09
1/21/2010,74.13
1/22/2010,72.73
1/25/2010,72.18
1/26/2010,72.63
1/27/2010,72.75
1/28/2010,70.65
1/29/2010,71.20
2/1/2010,71.58
2/2/2010,73.94
2/3/2010,75.77
2/4/2010,71.30
2/5/2010,70.11
2/8/2010,69.62
2/9/2010,70.40
2/10/2010,70.40
2/11/2010,72.35
2/12/2010,71.49
2/15/2010,#N/A
2/16/2010,74.82
2/17/2010,74.89
2/18/2010,76.61
2/19/2010,76.88
2/22/2010,76.95
2/23/2010,76.44
2/24/2010,77.00
2/25/2010,74.38
2/26/2010,76.36
3/1/2010,76.07
3/2/2010,77.50
3/3/2010,78.66
3/4/2010,77.88
3/5/2010,79.20
3/8/2010,78.94
3/9/2010,78.77
3/10/2010,80.29
3/11/2010,79.44
3/12/2010,79.38
3/15/2010,77.08
3/16/2010,79.45
3/17/2010,80.28
3/18/2010,80.09
3/19/2010,78.37
3/22/2010,78.09
3/23/2010,79.17
3/24/2010,78.03
3/25/2010,78.64
3/26/2010,77.98
3/29/2010,79.89
3/30/2010,79.46
3/31/2010,80.37
4/1/2010,82.63
4/2/2010,#N/A
4/5/2010,84.48
4/6/2010,85.05
4/7/2010,84.49
4/8/2010,82.63
4/9/2010,82.77
4/12/2010,85.21
4/13/2010,83.44
4/14/2010,85.81
4/15/2010,86.90
4/16/2010,84.81
4/19/2010,83.09
4/20/2010,84.73
4/21/2010,84.55
4/22/2010,84.58
4/23/2010,86.09
4/26/2010,86.72
4/27/2010,85.59
4/28/2010,84.59
4/29/2010,86.82
4/30/2010,86.19
5/3/2010,88.09
5/4/2010,85.39
5/5/2010,82.31
5/6/2010,80.21
5/7/2010,76.48
5/10/2010,78.08
5/11/2010,79.00
5/12/2010,78.70
5/13/2010,79.41
5/14/2010,76.43
5/17/2010,73.87
5/18/2010,75.12
5/19/2010,71.86
5/20/2010,69.56
5/21/2010,70.45
5/24/2010,69.62
5/25/2010,67.18
5/26/2010,70.59
5/27/2010,73.56
5/28/2010,73.00
5/31/2010,#N/A
6/1/2010,73.08
6/2/2010,72.78
6/3/2010,73.12
6/4/2010,71.84
6/7/2010,71.09
6/8/2010,71.43
6/9/2010,73.68
6/10/2010,74.33
6/11/2010,73.28
6/14/2010,75.11
6/15/2010,75.29
6/16/2010,76.12
6/17/2010,77.52
6/18/2010,77.05
6/21/2010,78.53
6/22/2010,78.08
6/23/2010,75.22
6/24/2010,75.17
6/25/2010,76.21
6/28/2010,76.66
6/29/2010,74.21
6/30/2010,74.94
7/1/2010,71.73
7/2/2010,71.75
7/5/2010,#N/A
7/6/2010,73.08
7/7/2010,72.97
7/8/2010,74.56
7/9/2010,75.20
7/12/2010,74.35
7/13/2010,76.45
7/14/2010,76.63
7/15/2010,75.52
7/16/2010,75.55
7/19/2010,76.29
7/20/2010,76.31
7/21/2010,75.75
7/22/2010,77.59
7/23/2010,77.27
7/26/2010,77.90
7/27/2010,75.52
7/28/2010,76.66
7/29/2010,78.60
7/30/2010,77.50
8/2/2010,81.93
8/3/2010,83.60
8/4/2010,83.76
8/5/2010,82.90
8/6/2010,81.28
8/9/2010,81.54
8/10/2010,79.89
8/11/2010,77.83
8/12/2010,76.63
8/13/2010,75.14
8/16/2010,74.56
8/17/2010,76.74
8/18/2010,75.10
8/19/2010,74.84
8/20/2010,73.48
8/23/2010,73.08
8/24/2010,70.61
8/25/2010,70.74
8/26/2010,74.50
8/27/2010,75.16
8/30/2010,76.05
8/31/2010,75.51
9/1/2010,75.53
9/2/2010,74.93
9/3/2010,75.03
9/6/2010,#N/A
9/7/2010,75.78
9/8/2010,77.48
9/9/2010,77.87
9/10/2010,77.54
9/13/2010,78.52
9/14/2010,78.89
9/15/2010,78.46
9/16/2010,78.89
9/17/2010,77.43
9/20/2010,79.42
9/21/2010,78.76
9/22/2010,77.29
9/23/2010,77.69
9/24/2010,78.73
9/27/2010,77.71
9/28/2010,79.14
9/29/2010,78.79
9/30/2010,80.77
10/1/2010,82.69
10/4/2010,83.42
10/5/2010,83.35
10/6/2010,85.01
10/7/2010,83.67
10/8/2010,83.88
10/11/2010,83.08
10/12/2010,82.99
10/13/2010,84.01
10/14/2010,83.55
10/15/2010,81.94
10/18/2010,82.30
10/19/2010,81.12
10/20/2010,81.68
10/21/2010,81.28
10/22/2010,80.75
10/25/2010,81.91
10/26/2010,82.62
10/27/2010,81.27
10/28/2010,82.97
10/29/2010,82.47
11/1/2010,84.06
11/2/2010,84.71
11/3/2010,85.33
11/4/2010,86.83
11/5/2010,87.05
11/8/2010,87.15
11/9/2010,87.93
11/10/2010,87.92
11/11/2010,88.08
11/12/2010,86.07
11/15/2010,85.49
11/16/2010,83.98
11/17/2010,83.36
11/18/2010,83.70
11/19/2010,83.17
11/22/2010,82.34
11/23/2010,82.37
11/24/2010,84.53
11/25/2010,#N/A
11/26/2010,84.78
11/29/2010,85.90
11/30/2010,86.02
12/1/2010,88.56
12/2/2010,89.37
12/3/2010,90.65
12/6/2010,91.25
12/7/2010,90.78
12/8/2010,89.74
12/9/2010,89.93
12/10/2010,89.54
12/13/2010,90.40
12/14/2010,90.63
12/15/2010,91.33
12/16/2010,91.09
12/17/2010,91.11
12/20/2010,91.31
12/21/2010,93.11
12/22/2010,93.55
12/23/2010,93.63
12/24/2010,#N/A
12/27/2010,93.08
12/28/2010,93.52
12/29/2010,93.52
12/30/2010,92.50
12/31/2010,93.23
1/3/2011,95.82
1/4/2011,93.52
1/5/2011,95.07
1/6/2011,94.95
1/7/2011,94.25
1/10/2011,95.05
1/11/2011,96.80
1/12/2011,97.86
1/13/2011,97.86
1/14/2011,97.86
1/17/2011,#N/A
1/18/2011,97.83
1/19/2011,98.42
1/20/2011,96.27
1/21/2011,96.84
1/24/2011,96.76
1/25/2011,96.76
1/26/2011,96.04
1/27/2011,96.48
1/28/2011,97.06
1/31/2011,98.97
2/1/2011,100.40
2/2/2011,101.30
2/3/2011,101.69
2/4/2011,99.43
2/7/2011,99.44
2/8/2011,99.25
2/9/2011,100.16
2/10/2011,100.74
2/11/2011,99.93
2/14/2011,103.12
2/15/2011,102.48
2/16/2011,102.78
2/17/2011,103.45
2/18/2011,102.20
2/21/2011,#N/A
2/22/2011,106.82
2/23/2011,109.77
2/24/2011,113.91
2/25/2011,111.47
2/28/2011,112.27
3/1/2011,113.34
3/2/2011,116.89
3/3/2011,114.42
3/4/2011,115.71
3/7/2011,116.58
3/8/2011,112.32
3/9/2011,115.19
3/10/2011,114.07
3/11/2011,114.07
3/14/2011,112.95
3/15/2011,111.11
3/16/2011,110.96
3/17/2011,114.18
3/18/2011,114.13
3/21/2011,114.92
3/22/2011,115.63
3/23/2011,115.65
3/24/2011,115.41
3/25/2011,115.45
3/28/2011,115.95
3/29/2011,115.58
3/30/2011,115.35
3/31/2011,116.94
4/1/2011,118.63
4/4/2011,120.07
4/5/2011,122.87
4/6/2011,123.01
4/7/2011,122.90
4/8/2011,126.30
4/11/2011,126.46
4/12/2011,121.33
4/13/2011,122.70
4/14/2011,122.74
4/15/2011,124.63
4/18/2011,121.69
4/19/2011,121.35
4/20/2011,124.26
4/21/2011,123.64
4/22/2011,#N/A
4/25/2011,#N/A
4/26/2011,124.55
4/27/2011,124.94
4/28/2011,126.59
4/29/2011,#N/A
5/2/2011,126.64
5/3/2011,124.01
5/4/2011,121.55
5/5/2011,111.93
5/6/2011,113.69
5/9/2011,113.21
5/10/2011,117.82
5/11/2011,115.66
5/12/2011,112.87
5/13/2011,113.08
5/16/2011,113.72
5/17/2011,109.39
5/18/2011,112.54
5/19/2011,113.20
5/20/2011,111.25
5/23/2011,110.13
5/24/2011,112.52
5/25/2011,114.47
5/26/2011,115.06
5/27/2011,114.85
5/30/2011,#N/A
5/31/2011,117.18
6/1/2011,116.15
6/2/2011,114.30
6/3/2011,115.09
6/6/2011,115.40
6/7/2011,116.14
6/8/2011,118.43
6/9/2011,119.95
6/10/2011,118.71
6/13/2011,120.49
6/14/2011,120.35
6/15/2011,114.67
6/16/2011,114.69
6/17/2011,113.74
6/20/2011,112.21
6/21/2011,112.02
6/22/2011,113.59
6/23/2011,108.27
6/24/2011,104.79
6/27/2011,104.57
6/28/2011,107.57
6/29/2011,111.49
6/30/2011,111.71
7/1/2011,109.82
7/4/2011,#N/A
7/5/2011,113.21
7/6/2011,113.55
7/7/2011,117.40
7/8/2011,117.40
7/11/2011,117.35
7/12/2011,117.36
7/13/2011,118.46
7/14/2011,117.38
7/15/2011,118.06
7/18/2011,117.05
7/19/2011,118.18
7/20/2011,118.52
7/21/2011,118.25
7/22/2011,118.99
7/25/2011,118.27
7/26/2011,118.14
7/27/2011,117.99
7/28/2011,118.16
7/29/2011,115.93
8/1/2011,116.37
8/2/2011,116.02
8/3/2011,113.74
8/4/2011,110.22
8/5/2011,106.92
8/8/2011,103.06
8/9/2011,103.63
8/10/2011,103.84
8/11/2011,107.82
8/12/2011,108.17
8/15/2011,108.89
8/16/2011,109.69
8/17/2011,111.37
8/18/2011,108.36
8/19/2011,109.37
8/22/2011,108.83
8/23/2011,110.35
8/24/2011,111.91
8/25/2011,111.91
8/26/2011,112.29
8/29/2011,#N/A
8/30/2011,115.59
8/31/2011,116.48
9/1/2011,116.43
9/2/2011,115.92
9/5/2011,#N/A
9/6/2011,113.29
9/7/2011,117.50
9/8/2011,117.99
9/9/2011,115.10
9/12/2011,114.75
9/13/2011,114.08
9/14/2011,113.10
9/15/2011,116.71
9/16/2011,116.26
9/19/2011,112.89
9/20/2011,114.39
9/21/2011,114.26
9/22/2011,109.21
9/23/2011,109.17
9/26/2011,107.90
9/27/2011,109.54
9/28/2011,108.52
9/29/2011,107.08
9/30/2011,105.42
10/3/2011,103.61
10/4/2011,101.84
10/5/2011,103.77
10/6/2011,104.38
10/7/2011,106.56
10/10/2011,109.49
10/11/2011,109.22
10/12/2011,112.44
10/13/2011,112.45
10/14/2011,114.33
10/17/2011,112.92
10/18/2011,112.08
10/19/2011,111.76
10/20/2011,109.00
10/21/2011,111.60
10/24/2011,111.67
10/25/2011,112.11
10/26/2011,110.43
10/27/2011,112.45
10/28/2011,110.01
10/31/2011,108.43
11/1/2011,106.97
11/2/2011,110.82
11/3/2011,110.76
11/4/2011,112.22
11/7/2011,114.75
11/8/2011,115.61
11/9/2011,115.29
11/10/2011,113.32
11/11/2011,114.43
11/14/2011,112.57
11/15/2011,111.90
11/16/2011,111.91
11/17/2011,109.25
11/18/2011,107.82
11/21/2011,105.98
11/22/2011,107.77
11/23/2011,106.83
11/24/2011,#N/A
11/25/2011,106.08
11/28/2011,109.38
11/29/2011,111.25
11/30/2011,111.22
12/1/2011,108.83
12/2/2011,109.59
12/5/2011,110.18
12/6/2011,110.16
12/7/2011,110.07
12/8/2011,108.23
12/9/2011,107.91
12/12/2011,107.82
12/13/2011,109.25
12/14/2011,105.72
12/15/2011,104.52
12/16/2011,104.00
12/19/2011,104.55
12/20/2011,107.80
12/21/2011,108.00
12/22/2011,108.98
12/23/2011,109.28
12/26/2011,#N/A
12/27/2011,#N/A
12/28/2011,107.54
12/29/2011,106.89
12/30/2011,108.09
1/2/2012,#N/A
1/3/2012,111.12
1/4/2012,113.37
1/5/2012,113.59
1/6/2012,111.96
1/9/2012,111.07
1/10/2012,113.30
1/11/2012,111.66
1/12/2012,112.97
1/13/2012,109.88
1/16/2012,#N/A
1/17/2012,110.55
1/18/2012,109.81
1/19/2012,109.54
1/20/2012,108.50
1/23/2012,109.46
1/24/2012,108.38
1/25/2012,108.48
1/26/2012,109.08
1/27/2012,110.50
1/30/2012,110.24
1/31/2012,110.26
2/1/2012,111.96
2/2/2012,110.96
2/3/2012,112.56
2/6/2012,115.47
2/7/2012,116.86
2/8/2012,117.18
2/9/2012,118.40
2/10/2012,118.13
2/13/2012,118.73
2/14/2012,118.30
2/15/2012,120.25
2/16/2012,121.00
2/17/2012,120.69
2/20/2012,#N/A
2/21/2012,120.85
2/22/2012,123.07
2/23/2012,124.53
2/24/2012,124.89
2/27/2012,126.46
2/28/2012,124.02
2/29/2012,122.23
3/1/2012,125.76
3/2/2012,125.93
3/5/2012,126.68
3/6/2012,125.03
3/7/2012,125.37
3/8/2012,127.96
3/9/2012,128.08
3/12/2012,127.27
3/13/2012,128.14
3/14/2012,126.98
3/15/2012,123.63
3/16/2012,125.09
3/19/2012,125.76
3/20/2012,124.38
3/21/2012,123.89
3/22/2012,122.49
3/23/2012,125.21
3/26/2012,125.85
3/27/2012,125.25
3/28/2012,124.41
3/29/2012,123.23
3/30/2012,123.41
4/2/2012,124.44
4/3/2012,#N/A
4/4/2012,123.04
4/5/2012,123.58
4/6/2012,#N/A
4/9/2012,#N/A
4/10/2012,121.89
4/11/2012,120.41
4/12/2012,120.57
4/13/2012,120.62
4/16/2012,118.23
4/17/2012,117.41
4/18/2012,115.18
4/19/2012,117.00
4/20/2012,118.08
4/23/2012,116.66
4/24/2012,117.74
4/25/2012,117.45
4/26/2012,119.33
4/27/2012,119.30
4/30/2012,118.66
5/1/2012,119.57
5/2/2012,117.57
5/3/2012,115.91
5/4/2012,111.66
5/7/2012,#N/A
5/8/2012,110.48
5/9/2012,111.89
5/10/2012,112.24
5/11/2012,112.50
5/14/2012,110.79
5/15/2012,111.40
5/16/2012,109.80
5/17/2012,109.31
5/18/2012,108.03
5/21/2012,109.02
5/22/2012,109.76
5/23/2012,106.88
5/24/2012,107.20
5/25/2012,107.86
5/28/2012,#N/A
5/29/2012,107.55
5/30/2012,103.85
5/31/2012,103.86
6/1/2012,98.63
6/4/2012,97.74
6/5/2012,98.65
6/6/2012,101.14
6/7/2012,100.05
6/8/2012,97.57
6/11/2012,98.60
6/12/2012,96.59
6/13/2012,97.29
6/14/2012,96.46
6/15/2012,97.13
6/18/2012,95.21
6/19/2012,95.14
6/20/2012,93.50
6/21/2012,89.22
6/22/2012,89.22
6/25/2012,88.69
6/26/2012,90.19
6/27/2012,92.06
6/28/2012,91.02
6/29/2012,94.17
7/2/2012,95.28
7/3/2012,99.89
7/4/2012,#N/A
7/5/2012,101.54
7/6/2012,98.50
7/9/2012,99.94
7/10/2012,99.15
7/11/2012,99.23
7/12/2012,99.18
7/13/2012,101.91
7/16/2012,102.10
7/17/2012,104.21
7/18/2012,105.92
7/19/2012,107.79
7/20/2012,106.98
7/23/2012,103.91
7/24/2012,103.57
7/25/2012,102.35
7/26/2012,104.77
7/27/2012,106.30
7/30/2012,106.54
7/31/2012,105.93
8/1/2012,106.78
8/2/2012,107.55
8/3/2012,109.57
8/6/2012,110.01
8/7/2012,112.39
8/8/2012,113.42
8/9/2012,113.52
8/10/2012,113.13
8/13/2012,114.48
8/14/2012,113.90
8/15/2012,115.51
8/16/2012,116.12
8/17/2012,115.20
8/20/2012,115.50
8/21/2012,116.03
8/22/2012,115.77
8/23/2012,117.45
8/24/2012,115.76
8/27/2012,113.74
8/28/2012,112.62
8/29/2012,112.53
8/30/2012,112.28
8/31/2012,113.93
9/3/2012,#N/A
9/4/2012,114.98
9/5/2012,113.32
9/6/2012,114.50
9/7/2012,113.64
9/10/2012,113.84
9/11/2012,114.86
9/12/2012,114.86
9/13/2012,116.00
9/14/2012,117.48
9/17/2012,116.70
9/18/2012,113.29
9/19/2012,108.49
9/20/2012,109.41
9/21/2012,111.27
9/24/2012,109.20
9/25/2012,110.77
9/26/2012,108.99
9/27/2012,111.45
9/28/2012,111.36
10/1/2012,112.58
10/2/2012,112.49
10/3/2012,109.32
10/4/2012,110.48
10/5/2012,112.17
10/8/2012,112.60
10/9/2012,114.32
10/10/2012,116.11
10/11/2012,116.18
10/12/2012,115.17
10/15/2012,115.00
10/16/2012,115.00
10/17/2012,113.49
10/18/2012,112.58
10/19/2012,111.89
10/22/2012,109.62
10/23/2012,107.53
10/24/2012,107.66
10/25/2012,107.64
10/26/2012,108.90
10/29/2012,109.33
10/30/2012,109.40
10/31/2012,109.89
11/1/2012,108.84
11/2/2012,106.79
11/5/2012,105.59
11/6/2012,109.27
11/7/2012,108.21
11/8/2012,107.23
11/9/2012,108.61
11/12/2012,110.23
11/13/2012,108.82
11/14/2012,109.66
11/15/2012,110.07
11/16/2012,106.81
11/19/2012,110.06
11/20/2012,110.01
11/21/2012,110.81
11/22/2012,#N/A
11/23/2012,110.14
11/26/2012,110.18
11/27/2012,109.33
11/28/2012,108.26
11/29/2012,110.47
11/30/2012,110.84
12/3/2012,111.27
12/4/2012,109.99
12/5/2012,108.96
12/6/2012,108.01
12/7/2012,107.16
12/10/2012,108.25
12/11/2012,107.60
12/12/2012,110.17
12/13/2012,110.18
12/14/2012,109.28
12/17/2012,109.35
12/18/2012,109.96
12/19/2012,109.95
12/20/2012,110.57
12/21/2012,109.13
12/24/2012,108.44
12/25/2012,#N/A
12/26/2012,110.72
12/27/2012,110.04
12/28/2012,110.05
12/31/2012,110.80
1/1/2013,#N/A
1/2/2013,112.98
1/3/2013,113.03
1/4/2013,112.58
1/7/2013,112.49
1/8/2013,113.03
1/9/2013,113.07
1/10/2013,112.97
1/11/2013,110.30
1/14/2013,111.32
1/15/2013,111.72
1/16/2013,110.97
1/17/2013,111.01
1/18/2013,111.71
1/21/2013,#N/A
1/22/2013,112.72
1/23/2013,113.68
1/24/2013,114.59
1/25/2013,113.88
1/28/2013,113.92
1/29/2013,115.22
1/30/2013,115.42
1/31/2013,115.55
2/1/2013,115.55
2/4/2013,116.06
2/5/2013,117.03
2/6/2013,116.61
2/7/2013,117.17
2/8/2013,118.90
2/11/2013,118.29
2/12/2013,117.89
2/13/2013,118.43
2/14/2013,118.48
2/15/2013,117.40
2/18/2013,#N/A
2/19/2013,117.04
2/20/2013,116.23
2/21/2013,114.19
2/22/2013,113.74
2/25/2013,114.55
2/26/2013,112.96
2/27/2013,112.24
2/28/2013,112.20
3/1/2013,110.14
3/4/2013,109.90
3/5/2013,110.42
3/6/2013,110.27
3/7/2013,110.42
3/8/2013,108.91
3/11/2013,108.64
3/12/2013,108.48
3/13/2013,107.51
3/14/2013,108.10
3/15/2013,109.32
3/18/2013,108.54
3/19/2013,106.91
3/20/2013,108.27
3/21/2013,106.41
3/22/2013,106.51
3/25/2013,106.66
3/26/2013,107.10
3/27/2013,108.51
3/28/2013,108.46
3/29/2013,#N/A
4/1/2013,108.76
4/2/2013,109.66
4/3/2013,107.82
4/4/2013,105.09
4/5/2013,103.98
4/8/2013,103.16
4/9/2013,104.08
4/10/2013,104.80
4/11/2013,103.62
4/12/2013,100.58
4/15/2013,99.32
4/16/2013,97.88
4/17/2013,96.84
4/18/2013,97.48
4/19/2013,98.94
4/22/2013,99.07
4/23/2013,99.25
4/24/2013,100.71
4/25/2013,101.62
4/26/2013,102.39
4/29/2013,102.88
4/30/2013,101.53
5/1/2013,98.34
5/2/2013,100.32
5/3/2013,104.60
5/6/2013,105.00
5/7/2013,105.18
5/8/2013,103.79
5/9/2013,103.59
5/10/2013,101.31
5/13/2013,102.17
5/14/2013,102.70
5/15/2013,101.57
5/16/2013,104.27
5/17/2013,103.83
5/20/2013,104.55
5/21/2013,103.10
5/22/2013,102.14
5/23/2013,100.46
5/24/2013,101.24
5/27/2013,#N/A
5/28/2013,103.77
5/29/2013,102.14
5/30/2013,101.79
5/31/2013,100.43
6/3/2013,101.63
6/4/2013,102.04
6/5/2013,103.51
6/6/2013,103.37
6/7/2013,104.07
6/10/2013,103.87
6/11/2013,101.50
6/12/2013,103.11
6/13/2013,103.38
6/14/2013,105.10
6/17/2013,105.80
6/18/2013,105.21
6/19/2013,105.56
6/20/2013,102.72
6/21/2013,100.36
6/24/2013,99.80
6/25/2013,101.51
6/26/2013,100.62
6/27/2013,102.74
6/28/2013,102.49
7/1/2013,103.19
7/2/2013,103.96
7/3/2013,106.12
7/4/2013,#N/A
7/5/2013,107.46
7/8/2013,107.75
7/9/2013,107.90
7/10/2013,108.43
7/11/2013,108.18
7/12/2013,109.03
7/15/2013,109.05
7/16/2013,109.29
7/17/2013,109.67
7/18/2013,109.71
7/19/2013,109.34
7/22/2013,108.82
7/23/2013,109.27
7/24/2013,108.23
7/25/2013,108.10
7/26/2013,107.57
7/29/2013,108.10
7/30/2013,107.47
7/31/2013,107.89
8/1/2013,109.94
8/2/2013,109.63
8/5/2013,109.81
8/6/2013,108.77
8/7/2013,108.39
8/8/2013,107.32
8/9/2013,108.49
8/12/2013,109.28
8/13/2013,110.69
8/14/2013,110.26
8/15/2013,111.58
8/16/2013,111.82
8/19/2013,111.41
8/20/2013,110.74
8/21/2013,110.82
8/22/2013,110.51
8/23/2013,112.12
8/26/2013,112.23
8/27/2013,115.21
8/28/2013,116.27
8/29/2013,116.91
8/30/2013,115.97
9/2/2013,#N/A
9/3/2013,115.49
9/4/2013,115.65
9/5/2013,115.81
9/6/2013,117.15
9/9/2013,115.20
9/10/2013,112.10
9/11/2013,112.37
9/12/2013,113.11
9/13/2013,113.31
9/16/2013,110.86
9/17/2013,109.05
9/18/2013,109.09
9/19/2013,110.66
9/20/2013,110.22
9/23/2013,108.56
9/24/2013,107.68
9/25/2013,109.46
9/26/2013,108.86
9/27/2013,109.45
9/30/2013,107.85
10/1/2013,107.32
10/2/2013,109.09
10/3/2013,109.49
10/4/2013,109.42
10/7/2013,109.66
10/8/2013,110.56
10/9/2013,109.02
10/10/2013,111.63
10/11/2013,110.65
10/14/2013,110.13
10/15/2013,110.67
10/16/2013,110.79
10/17/2013,109.55
10/18/2013,109.40
10/21/2013,109.47
10/22/2013,109.57
10/23/2013,107.74
10/24/2013,106.63
10/25/2013,105.70
10/28/2013,108.29
10/29/2013,108.04
10/30/2013,108.41
10/31/2013,107.53
11/1/2013,105.78
11/4/2013,104.85
11/5/2013,105.01
11/6/2013,105.46
11/7/2013,103.08
11/8/2013,104.29
11/11/2013,105.76
11/12/2013,106.29
11/13/2013,106.90
11/14/2013,108.29
11/15/2013,108.25
11/18/2013,108.80
11/19/2013,108.29
11/20/2013,108.27
11/21/2013,109.90
11/22/2013,111.36
11/25/2013,110.83
11/26/2013,112.04
11/27/2013,111.32
11/28/2013,#N/A
11/29/2013,111.07
12/2/2013,111.49
12/3/2013,113.06
12/4/2013,113.27
12/5/2013,112.07
12/6/2013,111.50
12/9/2013,110.07
12/10/2013,108.91
12/11/2013,109.47
12/12/2013,108.99
12/13/2013,108.08
12/16/2013,110.30
12/17/2013,108.91
12/18/2013,109.56
12/19/2013,110.78
12/20/2013,112.15
12/23/2013,111.58
12/24/2013,111.57
12/25/2013,#N/A
12/26/2013,111.65
12/27/2013,112.06
12/30/2013,110.47
12/31/2013,109.95
1/1/2014,#N/A
1/2/2014,107.94
1/3/2014,106.57
1/6/2014,106.71
1/7/2014,107.01
1/8/2014,107.42
1/9/2014,107.49
1/10/2014,106.44
1/13/2014,108.02
1/14/2014,107.12
1/15/2014,108.09
1/16/2014,107.46
1/17/2014,108.45
1/20/2014,108.01
1/21/2014,109.17
1/22/2014,109.69
1/23/2014,109.69
1/24/2014,109.14
1/27/2014,108.72
1/28/2014,109.10
1/29/2014,108.83
1/30/2014,109.36
1/31/2014,108.16
2/3/2014,106.55
2/4/2014,107.04
2/5/2014,106.81
2/6/2014,108.15
2/7/2014,110.12
2/10/2014,110.18
2/11/2014,109.21
2/12/2014,108.62
2/13/2014,108.98
2/14/2014,108.63
2/17/2014,#N/A
2/18/2014,110.14
2/19/2014,110.37
2/20/2014,109.42
2/21/2014,109.03
2/24/2014,109.76
2/25/2014,109.19
2/26/2014,109.39
2/27/2014,108.54
2/28/2014,108.98
3/3/2014,111.26
3/4/2014,109.17
3/5/2014,108.15
3/6/2014,107.99
3/7/2014,109.14
3/10/2014,108.27
3/11/2014,108.35
3/12/2014,107.88
3/13/2014,107.48
3/14/2014,108.08
3/17/2014,106.99
3/18/2014,106.79
3/19/2014,105.95
3/20/2014,105.73
3/21/2014,107.20
3/24/2014,106.59
3/25/2014,107.01
3/26/2014,105.90
3/27/2014,106.58
3/28/2014,106.64
3/31/2014,105.95
4/1/2014,105.70
4/2/2014,103.37
4/3/2014,104.88
4/4/2014,106.41
4/7/2014,104.89
4/8/2014,105.83
4/9/2014,107.39
4/10/2014,107.10
4/11/2014,107.34
4/14/2014,107.68
4/15/2014,109.10
4/16/2014,109.71
4/17/2014,109.79
4/18/2014,#N/A
4/21/2014,109.69
4/22/2014,108.54
4/23/2014,108.48
4/24/2014,109.79
4/25/2014,109.53
4/28/2014,109.12
4/29/2014,109.89
4/30/2014,108.63
5/1/2014,108.63
5/2/2014,109.48
5/5/2014,109.48
5/6/2014,108.30
5/7/2014,108.17
5/8/2014,108.19
5/9/2014,108.26
5/12/2014,108.37
5/13/2014,108.78
5/14/2014,109.87
5/15/2014,109.74
5/16/2014,110.90
5/19/2014,110.84
5/20/2014,110.35
5/21/2014,111.32
5/22/2014,110.89
5/23/2014,110.19
5/26/2014,110.01
5/27/2014,109.81
5/28/2014,109.09
5/29/2014,109.98
5/30/2014,109.21
6/2/2014,109.34
6/3/2014,108.87
6/4/2014,109.07
6/5/2014,108.43
6/6/2014,109.21
6/9/2014,110.55
6/10/2014,109.18
6/11/2014,109.83
6/12/2014,112.18
6/13/2014,113.15
6/16/2014,113.42
6/17/2014,114.02
6/18/2014,114.25
6/19/2014,115.19
6/20/2014,114.55
6/23/2014,113.62
6/24/2014,113.74
6/25/2014,112.84
6/26/2014,112.61
6/27/2014,112.62
6/30/2014,111.03
7/1/2014,110.84
7/2/2014,110.18
7/3/2014,108.98
7/4/2014,#N/A
7/7/2014,108.70
7/8/2014,107.65
7/9/2014,106.84
7/10/2014,106.20
7/11/2014,105.77
7/14/2014,104.73
7/15/2014,104.73
7/16/2014,105.41
7/17/2014,106.04
7/18/2014,106.03
7/21/2014,105.71
7/22/2014,106.48
7/23/2014,106.85
7/24/2014,105.78
7/25/2014,106.89
7/28/2014,106.70
7/29/2014,106.98
7/30/2014,106.47
7/31/2014,104.94
8/1/2014,103.45
8/4/2014,103.63
8/5/2014,102.82
8/6/2014,104.17
8/7/2014,104.02
8/8/2014,103.36
8/11/2014,103.47
8/12/2014,101.68
8/13/2014,102.27
8/14/2014,101.15
8/15/2014,101.13
8/18/2014,99.37
8/19/2014,99.74
8/20/2014,99.92
8/21/2014,100.28
8/22/2014,100.09
8/25/2014,100.49
8/26/2014,100.50
8/27/2014,100.40
8/28/2014,100.71
8/29/2014,101.12
9/1/2014,#N/A
9/2/2014,100.21
9/3/2014,100.88
9/4/2014,101.21
9/5/2014,99.51
9/8/2014,99.53
9/9/2014,98.08
9/10/2014,96.26
9/11/2014,96.42
9/12/2014,96.31
9/15/2014,96.43
9/16/2014,97.39
9/17/2014,97.70
9/18/2014,96.82
9/19/2014,96.75
9/22/2014,95.37
9/23/2014,94.87
9/24/2014,94.53
9/25/2014,95.20
9/26/2014,95.08
9/29/2014,95.70
9/30/2014,94.67
10/1/2014,94.57
10/2/2014,91.29
10/3/2014,90.80
10/6/2014,90.65
10/7/2014,90.90
10/8/2014,90.25
10/9/2014,90.47
10/10/2014,88.66
10/13/2014,87.82
10/14/2014,86.36
10/15/2014,84.02
10/16/2014,84.02
10/17/2014,85.27
10/20/2014,84.42
10/21/2014,85.17
10/22/2014,86.38
10/23/2014,85.94
10/24/2014,86.00
10/27/2014,85.64
10/28/2014,85.57
10/29/2014,86.91
10/30/2014,85.50
10/31/2014,84.17
11/3/2014,84.90
11/4/2014,82.12
11/5/2014,82.88
11/6/2014,82.08
11/7/2014,83.20
11/10/2014,82.90
11/11/2014,80.94
11/12/2014,80.42
11/13/2014,77.74
11/14/2014,77.51
11/17/2014,76.86
11/18/2014,77.23
11/19/2014,77.21
11/20/2014,77.61
11/21/2014,79.20
11/24/2014,79.62
11/25/2014,77.62
11/26/2014,77.39
11/27/2014,#N/A
11/28/2014,71.89
12/1/2014,70.87
12/2/2014,71.13
12/3/2014,70.13
12/4/2014,68.48
12/5/2014,68.00
12/8/2014,65.64
12/9/2014,66.11
12/10/2014,63.32
12/11/2014,63.65
12/12/2014,61.67
12/15/2014,61.09
12/16/2014,60.26
12/17/2014,59.84
12/18/2014,58.81
12/19/2014,58.87
12/22/2014,58.31
12/23/2014,59.07
12/24/2014,58.67
12/25/2014,#N/A
12/26/2014,58.72
12/29/2014,57.86
12/30/2014,55.60
12/31/2014,55.27
1/1/2015,#N/A
1/2/2015,55.38
1/5/2015,51.08
1/6/2015,50.12
1/7/2015,49.06
1/8/2015,49.43
1/9/2015,47.64
1/12/2015,46.90
1/13/2015,45.13
1/14/2015,45.82
1/15/2015,47.66
1/16/2015,47.38
1/19/2015,#N/A
1/20/2015,46.49
1/21/2015,46.50
1/22/2015,46.09
1/23/2015,46.69
1/26/2015,46.07
1/27/2015,46.55
1/28/2015,47.07
1/29/2015,46.61
1/30/2015,47.52
2/2/2015,51.74
2/3/2015,54.41
2/4/2015,55.07
2/5/2015,55.98
2/6/2015,55.88
2/9/2015,57.00
2/10/2015,55.79
2/11/2015,53.48
2/12/2015,56.23
2/13/2015,60.33
2/16/2015,61.57
2/17/2015,60.78
2/18/2015,60.72
2/19/2015,58.78
2/20/2015,60.99
2/23/2015,59.78
2/24/2015,60.33
2/25/2015,59.77
2/26/2015,61.39
2/27/2015,61.89
3/2/2015,60.75
3/3/2015,61.18
3/4/2015,59.18
3/5/2015,60.33
3/6/2015,59.15
3/9/2015,58.67
3/10/2015,55.95
3/11/2015,56.46
3/12/2015,56.66
3/13/2015,54.80
3/16/2015,52.00
3/17/2015,52.17
3/18/2015,52.59
3/19/2015,52.96
3/20/2015,53.88
3/23/2015,53.82
3/24/2015,53.61
3/25/2015,54.18
3/26/2015,57.02
3/27/2015,56.44
3/30/2015,53.99
3/31/2015,53.69
4/1/2015,55.73
4/2/2015,55.73
4/3/2015,#N/A
4/6/2015,55.73
4/7/2015,57.55
4/8/2015,56.42
4/9/2015,56.04
4/10/2015,56.82
4/13/2015,57.14
4/14/2015,57.69
4/15/2015,59.32
4/16/2015,60.13
4/17/2015,61.31
4/20/2015,61.20
4/21/2015,60.12
4/22/2015,60.12
4/23/2015,62.66
4/24/2015,62.96
4/27/2015,62.86
4/28/2015,62.61
4/29/2015,63.97
4/30/2015,63.90
5/1/2015,64.13
5/4/2015,64.62
5/5/2015,65.44
5/6/2015,66.22
5/7/2015,64.93
5/8/2015,63.82
5/11/2015,62.82
5/12/2015,65.09
5/13/2015,66.33
5/14/2015,65.58
5/15/2015,64.69
5/18/2015,65.15
5/19/2015,63.48
5/20/2015,63.52
5/21/2015,64.70
5/22/2015,64.70
5/25/2015,#N/A
5/26/2015,61.65
5/27/2015,61.35
5/28/2015,60.12
5/29/2015,63.16
6/1/2015,62.87
6/2/2015,63.14
6/3/2015,62.78
6/4/2015,60.34
6/5/2015,60.36
6/8/2015,61.33
6/9/2015,63.23
6/10/2015,64.68
6/11/2015,63.76
6/12/2015,63.19
6/15/2015,60.99
6/16/2015,60.75
6/17/2015,60.75
6/18/2015,61.37
6/19/2015,59.41
6/22/2015,60.54
6/23/2015,61.67
6/24/2015,61.63
6/25/2015,60.24
6/26/2015,60.14
6/29/2015,59.03
6/30/2015,60.31
7/1/2015,61.65
7/2/2015,61.73
7/3/2015,59.06
7/6/2015,57.19
7/7/2015,54.72
7/8/2015,55.70
7/9/2015,57.83
7/10/2015,57.72
7/13/2015,57.63
7/14/2015,57.20
7/15/2015,57.34
7/16/2015,57.31
7/17/2015,56.38
7/20/2015,56.42
7/21/2015,55.94
7/22/2015,56.36
7/23/2015,55.76
7/24/2015,54.29
7/27/2015,54.07
7/28/2015,54.30
7/29/2015,54.73
7/30/2015,54.29
7/31/2015,53.29
8/3/2015,49.49
8/4/2015,49.08
8/5/2015,49.04
8/6/2015,47.80
8/7/2015,47.54
8/10/2015,48.30
8/11/2015,47.33
8/12/2015,48.29
8/13/2015,48.01
8/14/2015,47.79
8/17/2015,47.77
8/18/2015,47.00
8/19/2015,45.75
8/20/2015,45.63
8/21/2015,43.84
8/24/2015,41.59
8/25/2015,41.86
8/26/2015,41.76
8/27/2015,44.46
8/28/2015,47.97
8/31/2015,#N/A
9/1/2015,48.80
9/2/2015,47.67
9/3/2015,50.41
9/4/2015,48.59
9/7/2015,46.42
9/8/2015,48.88
9/9/2015,48.04
9/10/2015,47.77
9/11/2015,46.87
9/14/2015,45.87
9/15/2015,45.91
9/16/2015,49.35
9/17/2015,48.27
9/18/2015,47.28
9/21/2015,47.64
9/22/2015,46.69
9/23/2015,48.00
9/24/2015,47.06
9/25/2015,47.28
9/28/2015,46.04
9/29/2015,47.58
9/30/2015,47.29
10/1/2015,47.48
10/2/2015,46.55
10/5/2015,49.45
10/6/2015,51.34
10/7/2015,51.66
10/8/2015,52.13
10/9/2015,52.08
10/12/2015,50.95
10/13/2015,48.94
10/14/2015,48.25
10/15/2015,47.87
10/16/2015,48.96
10/19/2015,47.51
10/20/2015,46.93
10/21/2015,46.72
10/22/2015,46.59
10/23/2015,46.30
10/26/2015,46.57
10/27/2015,45.54
10/28/2015,47.60
10/29/2015,48.04
10/30/2015,48.00
11/2/2015,47.91
11/3/2015,48.00
11/4/2015,46.96
11/5/2015,47.19
11/6/2015,46.09
11/9/2015,45.38
11/10/2015,46.44
11/11/2015,44.98
11/12/2015,44.98
11/13/2015,41.98
11/16/2015,40.28
11/17/2015,41.28
11/18/2015,41.45
11/19/2015,42.22
11/20/2015,42.49
11/23/2015,43.70
11/24/2015,44.38
11/25/2015,43.56
11/26/2015,43.55
11/27/2015,43.07
11/30/2015,43.73
12/1/2015,42.97
12/2/2015,41.92
12/3/2015,42.00
12/4/2015,41.44
12/7/2015,39.69
12/8/2015,39.44
12/9/2015,39.04
12/10/2015,38.65
12/11/2015,36.99
12/14/2015,36.51
12/15/2015,37.66
12/16/2015,36.96
12/17/2015,36.29
12/18/2015,36.76
12/21/2015,35.34
12/22/2015,35.26
12/23/2015,35.79
12/24/2015,37.22
12/25/2015,#N/A
12/28/2015,37.08
12/29/2015,36.85
12/30/2015,35.65
12/31/2015,36.61