Date,USD3MTD156N
1/2/2006,#N/A
1/3/2006,4.54438
1/4/2006,4.54063
1/5/2006,4.55000
1/6/2006,4.55000
1/9/2006,4.56000
1/10/2006,4.56850
1/11/2006,4.58000
1/12/2006,4.60000
1/13/2006,4.60000
1/16/2006,4.60000
1/17/2006,4.60225
1/18/2006,4.60100
1/19/2006,4.61375
1/20/2006,4.62000
1/23/2006,4.62288
1/24/2006,4.63000
1/25/2006,4.63975
1/26/2006,4.66000
1/27/2006,4.66750
1/30/2006,4.68000
1/31/2006,4.68000
2/1/2006,4.69000
2/2/2006,4.71000
2/3/2006,4.71000
2/6/2006,4.71500
2/7/2006,4.72000
2/8/2006,4.72000
2/9/2006,4.74000
2/10/2006,4.74063
2/13/2006,4.74875
2/14/2006,4.75000
2/15/2006,4.75000
2/16/2006,4.77000
2/17/2006,4.77000
2/20/2006,4.77031
2/21/2006,4.77375
2/22/2006,4.78000
2/23/2006,4.80000
2/24/2006,4.81000
2/27/2006,4.82000
2/28/2006,4.82250
3/1/2006,4.83000
3/2/2006,4.84000
3/3/2006,4.85000
3/6/2006,4.86000
3/7/2006,4.87000
3/8/2006,4.88000
3/9/2006,4.89000
3/10/2006,4.90000
3/13/2006,4.91000
3/14/2006,4.91688
3/15/2006,4.92000
3/16/2006,4.93000
3/17/2006,4.93000
3/20/2006,4.93538
3/21/2006,4.94000
3/22/2006,4.95031
3/23/2006,4.96000
3/24/2006,4.96475
3/27/2006,4.96000
3/28/2006,4.96000
3/29/2006,4.97938
3/30/2006,4.99000
3/31/2006,5.00000
4/3/2006,5.00000
4/4/2006,5.01000
4/5/2006,5.01375
4/6/2006,5.02250
4/7/2006,5.02813
4/10/2006,5.04469
4/11/2006,5.05000
4/12/2006,5.06825
4/13/2006,5.07688
4/14/2006,#N/A
4/17/2006,#N/A
4/18/2006,5.08000
4/19/2006,5.07469
4/20/2006,5.09000
4/21/2006,5.10000
4/24/2006,5.10750
4/25/2006,5.11000
4/26/2006,5.12563
4/27/2006,5.14875
4/28/2006,5.13000
5/1/2006,#N/A
5/2/2006,5.14563
5/3/2006,5.15000
5/4/2006,5.16000
5/5/2006,5.16625
5/8/2006,5.16000
5/9/2006,5.16188
5/10/2006,5.16438
5/11/2006,5.17000
5/12/2006,5.17000
5/15/2006,5.17063
5/16/2006,5.17250
5/17/2006,5.17381
5/18/2006,5.18938
5/19/2006,5.19375
5/22/2006,5.20750
5/23/2006,5.21000
5/24/2006,5.21438
5/25/2006,5.22000
5/26/2006,5.22688
5/29/2006,#N/A
5/30/2006,5.23063
5/31/2006,5.23813
6/1/2006,5.27063
6/2/2006,5.27000
6/5/2006,5.23625
6/6/2006,5.27000
6/7/2006,5.28250
6/8/2006,5.30000
6/9/2006,5.31000
6/12/2006,5.31938
6/13/2006,5.32938
6/14/2006,5.34063
6/15/2006,5.39563
6/16/2006,5.41375
6/19/2006,5.42438
6/20/2006,5.43688
6/21/2006,5.44875
6/22/2006,5.46000
6/23/2006,5.48000
6/26/2006,5.49000
6/27/2006,5.50000
6/28/2006,5.49875
6/29/2006,5.50813
6/30/2006,5.48063
7/3/2006,5.48000
7/4/2006,5.48563
7/5/2006,5.48875
7/6/2006,5.50719
7/7/2006,5.51000
7/10/2006,5.50000
7/11/2006,5.50000
7/12/2006,5.50031
7/13/2006,5.50688
7/14/2006,5.49813
7/17/2006,5.49000
7/18/2006,5.50000
7/19/2006,5.52000
7/20/2006,5.51063
7/21/2006,5.48500
7/24/2006,5.49000
7/25/2006,5.49000
7/26/2006,5.50000
7/27/2006,5.48500
7/28/2006,5.48875
7/31/2006,5.46563
8/1/2006,5.46750
8/2/2006,5.47188
8/3/2006,5.48000
8/4/2006,5.49938
8/7/2006,5.44000
8/8/2006,5.44594
8/9/2006,5.40375
8/10/2006,5.40188
8/11/2006,5.40500
8/14/2006,5.41625
8/15/2006,5.42625
8/16/2006,5.41000
8/17/2006,5.39250
8/18/2006,5.39938
8/21/2006,5.39813
8/22/2006,5.40000
8/23/2006,5.40000
8/24/2006,5.40000
8/25/2006,5.40000
8/28/2006,#N/A
8/29/2006,5.40000
8/30/2006,5.40000
8/31/2006,5.39750
9/1/2006,5.39063
9/4/2006,5.39000
9/5/2006,5.39000
9/6/2006,5.39000
9/7/2006,5.39000
9/8/2006,5.39000
9/11/2006,5.39000
9/12/2006,5.39000
9/13/2006,5.39000
9/14/2006,5.39000
9/15/2006,5.39000
9/18/2006,5.39000
9/19/2006,5.39000
9/20/2006,5.38688
9/21/2006,5.38875
9/22/2006,5.37063
9/25/2006,5.36781
9/26/2006,5.36375
9/27/2006,5.36688
9/28/2006,5.37163
9/29/2006,5.37000
10/2/2006,5.37000
10/3/2006,5.37000
10/4/2006,5.37000
10/5/2006,5.36813
10/6/2006,5.37000
10/9/2006,5.37000
10/10/2006,5.37188
10/11/2006,5.37344
10/12/2006,5.37375
10/13/2006,5.37375
10/16/2006,5.37438
10/17/2006,5.37438
10/18/2006,5.37375
10/19/2006,5.37375
10/20/2006,5.37563
10/23/2006,5.37688
10/24/2006,5.38000
10/25/2006,5.38000
10/26/2006,5.37625
10/27/2006,5.37563
10/30/2006,5.37125
10/31/2006,5.37063
11/1/2006,5.37000
11/2/2006,5.36813
11/3/2006,5.37000
11/6/2006,5.37531
11/7/2006,5.37535
11/8/2006,5.37442
11/9/2006,5.37625
11/10/2006,5.37438
11/13/2006,5.37375
11/14/2006,5.37500
11/15/2006,5.37313
11/16/2006,5.37500
11/17/2006,5.37500
11/20/2006,5.37063
11/21/2006,5.37000
11/22/2006,5.37000
11/23/2006,5.37000
11/24/2006,5.37000
11/27/2006,5.37000
11/28/2006,5.37000
11/29/2006,5.36938
11/30/2006,5.37000
12/1/2006,5.36563
12/4/2006,5.35250
12/5/2006,5.35000
12/6/2006,5.35000
12/7/2006,5.35313
12/8/2006,5.35563
12/11/2006,5.36000
12/12/2006,5.36000
12/13/2006,5.36000
12/14/2006,5.36063
12/15/2006,5.36500
12/18/2006,5.36500
12/19/2006,5.36500
12/20/2006,5.36500
12/21/2006,5.36563
12/22/2006,5.36250
12/25/2006,#N/A
12/26/2006,#N/A
12/27/2006,5.36375
12/28/2006,5.36000
12/29/2006,5.36000
1/1/2007,#N/A
1/2/2007,5.36000
1/3/2007,5.36000
1/4/2007,5.36000
1/5/2007,5.36000
1/8/2007,5.36000
1/9/2007,5.36000
1/10/2007,5.36000
1/11/2007,5.36000
1/12/2007,5.36000
1/15/2007,5.36025
1/16/2007,5.36000
1/17/2007,5.36000
1/18/2007,5.36000
1/19/2007,5.36000
1/22/2007,5.36000
1/23/2007,5.36000
1/24/2007,5.36000
1/25/2007,5.36000
1/26/2007,5.36000
1/29/2007,5.36000
1/30/2007,5.36000
1/31/2007,5.36000
2/1/2007,5.36000
2/2/2007,5.36000
2/5/2007,5.36000
2/6/2007,5.36000
2/7/2007,5.36000
2/8/2007,5.36000
2/9/2007,5.36000
2/12/2007,5.36000
2/13/2007,5.36000
2/14/2007,5.36000
2/15/2007,5.36000
2/16/2007,5.36000
2/19/2007,5.36000
2/20/2007,5.36000
2/21/2007,5.36000
2/22/2007,5.36000
2/23/2007,5.36000
2/26/2007,5.36000
2/27/2007,5.36000
2/28/2007,5.34813
3/1/2007,5.34750
3/2/2007,5.34625
3/5/2007,5.33000
3/6/2007,5.34000
3/7/2007,5.34000
3/8/2007,5.34000
3/9/2007,5.34000
3/12/2007,5.35500
3/13/2007,5.35488
3/14/2007,5.35000
3/15/2007,5.35000
3/16/2007,5.35000
3/19/2007,5.35000
3/20/2007,5.35000
3/21/2007,5.35000
3/22/2007,5.34631
3/23/2007,5.34788
3/26/2007,5.35000
3/27/2007,5.35000
3/28/2007,5.35000
3/29/2007,5.34938
3/30/2007,5.35000
4/2/2007,5.35000
4/3/2007,5.35000
4/4/2007,5.35000
4/5/2007,5.35000
4/6/2007,#N/A
4/9/2007,#N/A
4/10/2007,5.35500
4/11/2007,5.35500
4/12/2007,5.35563
4/13/2007,5.35688
4/16/2007,5.35875
4/17/2007,5.35988
4/18/2007,5.35813
4/19/2007,5.35500
4/20/2007,5.35500
4/23/2007,5.35500
4/24/2007,5.35500
4/25/2007,5.35500
4/26/2007,5.35500
4/27/2007,5.35625
4/30/2007,5.35500
5/1/2007,5.35500
5/2/2007,5.35500
5/3/2007,5.35563
5/4/2007,5.35656
5/7/2007,#N/A
5/8/2007,5.35688
5/9/2007,5.35813
5/10/2007,5.36000
5/11/2007,5.36000
5/14/2007,5.36000
5/15/2007,5.36000
5/16/2007,5.36000
5/17/2007,5.36000
5/18/2007,5.36000
5/21/2007,5.36000
5/22/2007,5.36000
5/23/2007,5.36000
5/24/2007,5.36000
5/25/2007,5.36000
5/28/2007,#N/A
5/29/2007,5.36000
5/30/2007,5.36000
5/31/2007,5.36000
6/1/2007,5.36000
6/4/2007,5.36000
6/5/2007,5.36000
6/6/2007,5.36000
6/7/2007,5.36000
6/8/2007,5.36000
6/11/2007,5.36000
6/12/2007,5.36000
6/13/2007,5.36000
6/14/2007,5.36000
6/15/2007,5.36000
6/18/2007,5.36000
6/19/2007,5.36000
6/20/2007,5.36000
6/21/2007,5.36000
6/22/2007,5.36000
6/25/2007,5.36000
6/26/2007,5.36000
6/27/2007,5.36000
6/28/2007,5.36000
6/29/2007,5.36000
7/2/2007,5.36000
7/3/2007,5.36000
7/4/2007,5.36000
7/5/2007,5.36000
7/6/2007,5.36000
7/9/2007,5.36000
7/10/2007,5.36000
7/11/2007,5.36000
7/12/2007,5.36000
7/13/2007,5.36000
7/16/2007,5.36000
7/17/2007,5.36000
7/18/2007,5.36000
7/19/2007,5.36000
7/20/2007,5.36000
7/23/2007,5.36000
7/24/2007,5.36000
7/25/2007,5.36000
7/26/2007,5.36000
7/27/2007,5.35750
7/30/2007,5.35625
7/31/2007,5.35866
8/1/2007,5.35953
8/2/2007,5.36000
8/3/2007,5.36000
8/6/2007,5.35625
8/7/2007,5.36000
8/8/2007,5.38000
8/9/2007,5.50000
8/10/2007,5.57500
8/13/2007,5.55750
8/14/2007,5.53000
8/15/2007,5.52000
8/16/2007,5.51000
8/17/2007,5.50000
8/20/2007,5.49500
8/21/2007,5.49438
8/22/2007,5.49875
8/23/2007,5.50500
8/24/2007,5.50563
8/27/2007,#N/A
8/28/2007,5.51000
8/29/2007,5.54125
8/30/2007,5.58000
8/31/2007,5.62125
9/3/2007,5.66875
9/4/2007,5.69813
9/5/2007,5.72000
9/6/2007,5.72375
9/7/2007,5.72500
9/10/2007,5.70375
9/11/2007,5.70313
9/12/2007,5.70313
9/13/2007,5.69438
9/14/2007,5.64625
9/17/2007,5.59750
9/18/2007,5.58750
9/19/2007,5.23750
9/20/2007,5.21000
9/21/2007,5.20250
9/24/2007,5.20000
9/25/2007,5.20000
9/26/2007,5.19813
9/27/2007,5.23063
9/28/2007,5.22875
10/1/2007,5.23000
10/2/2007,5.24000
10/3/2007,5.24375
10/4/2007,5.24375
10/5/2007,5.24313
10/8/2007,5.25313
10/9/2007,5.24875
10/10/2007,5.24750
10/11/2007,5.24250
10/12/2007,5.22375
10/15/2007,5.21438
10/16/2007,5.20875
10/17/2007,5.19875
10/18/2007,5.18000
10/19/2007,5.15125
10/22/2007,5.09250
10/23/2007,5.08375
10/24/2007,5.06500
10/25/2007,5.01063
10/26/2007,4.98375
10/29/2007,4.96000
10/30/2007,4.91125
10/31/2007,4.89375
11/1/2007,4.87750
11/2/2007,4.86500
11/5/2007,4.87500
11/6/2007,4.89750
11/7/2007,4.89625
11/8/2007,4.88688
11/9/2007,4.87938
11/12/2007,4.87000
11/13/2007,4.86875
11/14/2007,4.87750
11/15/2007,4.90500
11/16/2007,4.94875
11/19/2007,4.98188
11/20/2007,5.00000
11/21/2007,5.01500
11/22/2007,5.03000
11/23/2007,5.04000
11/26/2007,5.05313
11/27/2007,5.06188
11/28/2007,5.08125
11/29/2007,5.12375
11/30/2007,5.13125
12/3/2007,5.14063
12/4/2007,5.15000
12/5/2007,5.15063
12/6/2007,5.14625
12/7/2007,5.14063
12/10/2007,5.13250
12/11/2007,5.11125
12/12/2007,5.05750
12/13/2007,4.99063
12/14/2007,4.96625
12/17/2007,4.94125
12/18/2007,4.92625
12/19/2007,4.91000
12/20/2007,4.88375
12/21/2007,4.85750
12/24/2007,4.84250
12/25/2007,#N/A
12/26/2007,#N/A
12/27/2007,4.83000
12/28/2007,4.72875
12/31/2007,4.70250
1/1/2008,#N/A
1/2/2008,4.68063
1/3/2008,4.64625
1/4/2008,4.62000
1/7/2008,4.54313
1/8/2008,4.50500
1/9/2008,4.44250
1/10/2008,4.37688
1/11/2008,4.25750
1/14/2008,4.05500
1/15/2008,3.99750
1/16/2008,3.95125
1/17/2008,3.92625
1/18/2008,3.89375
1/21/2008,3.84750
1/22/2008,3.71750
1/23/2008,3.33125
1/24/2008,3.24375
1/25/2008,3.30625
1/28/2008,3.25125
1/29/2008,3.24375
1/30/2008,3.23938
1/31/2008,3.11188
2/1/2008,3.09500
2/4/2008,3.14500
2/5/2008,3.16188
2/6/2008,3.12750
2/7/2008,3.09625
2/8/2008,3.08813
2/11/2008,3.07000
2/12/2008,3.06750
2/13/2008,3.06500
2/14/2008,3.06500
2/15/2008,3.07000
2/18/2008,3.07000
2/19/2008,3.07000
2/20/2008,3.07813
2/21/2008,3.09250
2/22/2008,3.08000
2/25/2008,3.08938
2/26/2008,3.09000
2/27/2008,3.08500
2/28/2008,3.07563
2/29/2008,3.05750
3/3/2008,3.01438
3/4/2008,3.00813
3/5/2008,3.00000
3/6/2008,2.99000
3/7/2008,2.93875
3/10/2008,2.90125
3/11/2008,2.86750
3/12/2008,2.85000
3/13/2008,2.80000
3/14/2008,2.76375
3/17/2008,2.57875
3/18/2008,2.54188
3/19/2008,2.59875
3/20/2008,2.60625
3/21/2008,#N/A
3/24/2008,#N/A
3/25/2008,2.65500
3/26/2008,2.67125
3/27/2008,2.69625
3/28/2008,2.69750
3/31/2008,2.68813
4/1/2008,2.68375
4/2/2008,2.70000
4/3/2008,2.72750
4/4/2008,2.72750
4/7/2008,2.71000
4/8/2008,2.71000
4/9/2008,2.71563
4/10/2008,2.71000
4/11/2008,2.71313
4/14/2008,2.70875
4/15/2008,2.71594
4/16/2008,2.73375
4/17/2008,2.81750
4/18/2008,2.90750
4/21/2008,2.92000
4/22/2008,2.92000
4/23/2008,2.92000
4/24/2008,2.90688
4/25/2008,2.91250
4/28/2008,2.89938
4/29/2008,2.87281
4/30/2008,2.85000
5/1/2008,2.78438
5/2/2008,2.77000
5/5/2008,#N/A
5/6/2008,2.75750
5/7/2008,2.73438
5/8/2008,2.71563
5/9/2008,2.68500
5/12/2008,2.67813
5/13/2008,2.67563
5/14/2008,2.72000
5/15/2008,2.71875
5/16/2008,2.69500
5/19/2008,2.67750
5/20/2008,2.65750
5/21/2008,2.63813
5/22/2008,2.63813
5/23/2008,2.64563
5/26/2008,#N/A
5/27/2008,2.64438
5/28/2008,2.64938
5/29/2008,2.68188
5/30/2008,2.68063
6/2/2008,2.67625
6/3/2008,2.67313
6/4/2008,2.67188
6/5/2008,2.67688
6/6/2008,2.69563
6/9/2008,2.69125
6/10/2008,2.78625
6/11/2008,2.78813
6/12/2008,2.77625
6/13/2008,2.81375
6/16/2008,2.81250
6/17/2008,2.80875
6/18/2008,2.80250
6/19/2008,2.80125
6/20/2008,2.80188
6/23/2008,2.80438
6/24/2008,2.80938
6/25/2008,2.80813
6/26/2008,2.80063
6/27/2008,2.79125
6/30/2008,2.78313
7/1/2008,2.78750
7/2/2008,2.79125
7/3/2008,2.79125
7/4/2008,2.78938
7/7/2008,2.79125
7/8/2008,2.79000
7/9/2008,2.79188
7/10/2008,2.78813
7/11/2008,2.79063
7/14/2008,2.79063
7/15/2008,2.78938
7/16/2008,2.78500
7/17/2008,2.78625
7/18/2008,2.79063
7/21/2008,2.79938
7/22/2008,2.79625
7/23/2008,2.80000
7/24/2008,2.79500
7/25/2008,2.79313
7/28/2008,2.79625
7/29/2008,2.79875
7/30/2008,2.80063
7/31/2008,2.79125
8/1/2008,2.79438
8/4/2008,2.79813
8/5/2008,2.80188
8/6/2008,2.80250
8/7/2008,2.80250
8/8/2008,2.80375
8/11/2008,2.80375
8/12/2008,2.80438
8/13/2008,2.80438
8/14/2008,2.80688
8/15/2008,2.80875
8/18/2008,2.81000
8/19/2008,2.81125
8/20/2008,2.81188
8/21/2008,2.81063
8/22/2008,2.81000
8/25/2008,#N/A
8/26/2008,2.80938
8/27/2008,2.81000
8/28/2008,2.81000
8/29/2008,2.81063
9/1/2008,2.81000
9/2/2008,2.81313
9/3/2008,2.81375
9/4/2008,2.81500
9/5/2008,2.81438
9/8/2008,2.81688
9/9/2008,2.81813
9/10/2008,2.81875
9/11/2008,2.81875
9/12/2008,2.81875
9/15/2008,2.81625
9/16/2008,2.87625
9/17/2008,3.06250
9/18/2008,3.20375
9/19/2008,3.21000
9/22/2008,3.19750
9/23/2008,3.21125
9/24/2008,3.47625
9/25/2008,3.76875
9/26/2008,3.76188
9/29/2008,3.88250
9/30/2008,4.05250
10/1/2008,4.15000
10/2/2008,4.20750
10/3/2008,4.33375
10/6/2008,4.28875
10/7/2008,4.32000
10/8/2008,4.52375
10/9/2008,4.75000
10/10/2008,4.81875
10/13/2008,4.75250
10/14/2008,4.63500
10/15/2008,4.55000
10/16/2008,4.50250
10/17/2008,4.41875
10/20/2008,4.05875
10/21/2008,3.83375
10/22/2008,3.54125
10/23/2008,3.53500
10/24/2008,3.51625
10/27/2008,3.50750
10/28/2008,3.46500
10/29/2008,3.42000
10/30/2008,3.19250
10/31/2008,3.02625
11/3/2008,2.85875
11/4/2008,2.70625
11/5/2008,2.50625
11/6/2008,2.38750
11/7/2008,2.29000
11/10/2008,2.23500
11/11/2008,2.17500
11/12/2008,2.13250
11/13/2008,2.14875
11/14/2008,2.23625
11/17/2008,2.23875
11/18/2008,2.21750
11/19/2008,2.17250
11/20/2008,2.15313
11/21/2008,2.15750
11/24/2008,2.16875
11/25/2008,2.19625
11/26/2008,2.18125
11/27/2008,2.20250
11/28/2008,2.21688
12/1/2008,2.22000
12/2/2008,2.21000
12/3/2008,2.20125
12/4/2008,2.19250
12/5/2008,2.18563
12/8/2008,2.18938
12/9/2008,2.16375
12/10/2008,2.09875
12/11/2008,1.99625
12/12/2008,1.92125
12/15/2008,1.87125
12/16/2008,1.84750
12/17/2008,1.57750
12/18/2008,1.52500
12/19/2008,1.49750
12/22/2008,1.46625
12/23/2008,1.46625
12/24/2008,1.46750
12/25/2008,#N/A
12/26/2008,#N/A
12/29/2008,1.45875
12/30/2008,1.43500
12/31/2008,1.42500
1/1/2009,#N/A
1/2/2009,1.41250
1/5/2009,1.42125
1/6/2009,1.41125
1/7/2009,1.39750
1/8/2009,1.35375
1/9/2009,1.26000
1/12/2009,1.16000
1/13/2009,1.09438
1/14/2009,1.08250
1/15/2009,1.08563
1/16/2009,1.14250
1/19/2009,1.13250
1/20/2009,1.12250
1/21/2009,1.12500
1/22/2009,1.15938
1/23/2009,1.16938
1/26/2009,1.18375
1/27/2009,1.18438
1/28/2009,1.17438
1/29/2009,1.17000
1/30/2009,1.18438
2/2/2009,1.22500
2/3/2009,1.23375
2/4/2009,1.23563
2/5/2009,1.24125
2/6/2009,1.24125
2/9/2009,1.22813
2/10/2009,1.22188
2/11/2009,1.23125
2/12/2009,1.23438
2/13/2009,1.23750
2/16/2009,1.24563
2/17/2009,1.24563
2/18/2009,1.25125
2/19/2009,1.25063
2/20/2009,1.24875
2/23/2009,1.24875
2/24/2009,1.25000
2/25/2009,1.25625
2/26/2009,1.26125
2/27/2009,1.26438
3/2/2009,1.26625
3/3/2009,1.27125
3/4/2009,1.27663
3/5/2009,1.28375
3/6/2009,1.29250
3/9/2009,1.31250
3/10/2009,1.33125
3/11/2009,1.32594
3/12/2009,1.32000
3/13/2009,1.31563
3/16/2009,1.30875
3/17/2009,1.29938
3/18/2009,1.28750
3/19/2009,1.22688
3/20/2009,1.22281
3/23/2009,1.22219
3/24/2009,1.22625
3/25/2009,1.22750
3/26/2009,1.23188
3/27/2009,1.22000
3/30/2009,1.20750
3/31/2009,1.19188
4/1/2009,1.17688
4/2/2009,1.16594
4/3/2009,1.16094
4/6/2009,1.15688
4/7/2009,1.14938
4/8/2009,1.13875
4/9/2009,1.13125
4/10/2009,#N/A
4/13/2009,#N/A
4/14/2009,1.12188
4/15/2009,1.11250
4/16/2009,1.10688
4/17/2009,1.10188
4/20/2009,1.10063
4/21/2009,1.10000
4/22/2009,1.09938
4/23/2009,1.09188
4/24/2009,1.07250
4/27/2009,1.05375
4/28/2009,1.03938
4/29/2009,1.02750
4/30/2009,1.01625
5/1/2009,1.00688
5/4/2009,#N/A
5/5/2009,0.98625
5/6/2009,0.97375
5/7/2009,0.95625
5/8/2009,0.93750
5/11/2009,0.92000
5/12/2009,0.90563
5/13/2009,0.88313
5/14/2009,0.85438
5/15/2009,0.82563
5/18/2009,0.78500
5/19/2009,0.75250
5/20/2009,0.71625
5/21/2009,0.66125
5/22/2009,0.66000
5/25/2009,#N/A
5/26/2009,0.66375
5/27/2009,0.67375
5/28/2009,0.66750
5/29/2009,0.65625
6/1/2009,0.65000
6/2/2009,0.64625
6/3/2009,0.63688
6/4/2009,0.62938
6/5/2009,0.63250
6/8/2009,0.65000
6/9/2009,0.64750
6/10/2009,0.63875
6/11/2009,0.62938
6/12/2009,0.62438
6/15/2009,0.61438
6/16/2009,0.61313
6/17/2009,0.61000
6/18/2009,0.60875
6/19/2009,0.61188
6/22/2009,0.61000
6/23/2009,0.60750
6/24/2009,0.60438
6/25/2009,0.60125
6/26/2009,0.59750
6/29/2009,0.59688
6/30/2009,0.59500
7/1/2009,0.58750
7/2/2009,0.57750
7/3/2009,0.55875
7/6/2009,0.54813
7/7/2009,0.53750
7/8/2009,0.52500
7/9/2009,0.51000
7/10/2009,0.50500
7/13/2009,0.50938
7/14/2009,0.51313
7/15/2009,0.51375
7/16/2009,0.51000
7/17/2009,0.50375
7/20/2009,0.50500
7/21/2009,0.50313
7/22/2009,0.50188
7/23/2009,0.50375
7/24/2009,0.50188
7/27/2009,0.49625
7/28/2009,0.49125
7/29/2009,0.48750
7/30/2009,0.48313
7/31/2009,0.47938
8/3/2009,0.47188
8/4/2009,0.47063
8/5/2009,0.46813
8/6/2009,0.46438
8/7/2009,0.46125
8/10/2009,0.45875
8/11/2009,0.45438
8/12/2009,0.44969
8/13/2009,0.44000
8/14/2009,0.42938
8/17/2009,0.43125
8/18/2009,0.42500
8/19/2009,0.41875
8/20/2009,0.40688
8/21/2009,0.39313
8/24/2009,0.38688
8/25/2009,0.38000
8/26/2009,0.37188
8/27/2009,0.36063
8/28/2009,0.34750
8/31/2009,#N/A
9/1/2009,0.33438
9/2/2009,0.33000
9/3/2009,0.32188
9/4/2009,0.31438
9/7/2009,0.30875
9/8/2009,0.30188
9/9/2009,0.29869
9/10/2009,0.29969
9/11/2009,0.29900
9/14/2009,0.29500
9/15/2009,0.29338
9/16/2009,0.29188
9/17/2009,0.29188
9/18/2009,0.28938
9/21/2009,0.28938
9/22/2009,0.28563
9/23/2009,0.28500
9/24/2009,0.28313
9/25/2009,0.28250
9/28/2009,0.28250
9/29/2009,0.28969
9/30/2009,0.28688
10/1/2009,0.28438
10/2/2009,0.28406
10/5/2009,0.28406
10/6/2009,0.28406
10/7/2009,0.28438
10/8/2009,0.28438
10/9/2009,0.28438
10/12/2009,0.28438
10/13/2009,0.28438
10/14/2009,0.28406
10/15/2009,0.28406
10/16/2009,0.28406
10/19/2009,0.28338
10/20/2009,0.28313
10/21/2009,0.28344
10/22/2009,0.28219
10/23/2009,0.28188
10/26/2009,0.28063
10/27/2009,0.28063
10/28/2009,0.28063
10/29/2009,0.28063
10/30/2009,0.28063
11/2/2009,0.27938
11/3/2009,0.27813
11/4/2009,0.27750
11/5/2009,0.27531
11/6/2009,0.27406
11/9/2009,0.27250
11/10/2009,0.27250
11/11/2009,0.27250
11/12/2009,0.27250
11/13/2009,0.27250
11/16/2009,0.27125
11/17/2009,0.27031
11/18/2009,0.26906
11/19/2009,0.26656
11/20/2009,0.26219
11/23/2009,0.26188
11/24/2009,0.26063
11/25/2009,0.25563
11/26/2009,0.25438
11/27/2009,0.25563
11/30/2009,0.25656
12/1/2009,0.25531
12/2/2009,0.25500
12/3/2009,0.25531
12/4/2009,0.25656
12/7/2009,0.25656
12/8/2009,0.25594
12/9/2009,0.25519
12/10/2009,0.25425
12/11/2009,0.25363
12/14/2009,0.25375
12/15/2009,0.25344
12/16/2009,0.25375
12/17/2009,0.25338
12/18/2009,0.25125
12/21/2009,0.24875
12/22/2009,0.24875
12/23/2009,0.25063
12/24/2009,0.25063
12/25/2009,#N/A
12/28/2009,#N/A
12/29/2009,0.25063
12/30/2009,0.25063
12/31/2009,0.25063
1/1/2010,#N/A
1/4/2010,0.25438
1/5/2010,0.25250
1/6/2010,0.25000
1/7/2010,0.24938
1/8/2010,0.25125
1/11/2010,0.25125
1/12/2010,0.25125
1/13/2010,0.25125
1/14/2010,0.25125
1/15/2010,0.25125
1/18/2010,0.24875
1/19/2010,0.24900
1/20/2010,0.24888
1/21/2010,0.24888
1/22/2010,0.24906
1/25/2010,0.24875
1/26/2010,0.24875
1/27/2010,0.24875
1/28/2010,0.24875
1/29/2010,0.24906
2/1/2010,0.24906
2/2/2010,0.25031
2/3/2010,0.24906
2/4/2010,0.24875
2/5/2010,0.24969
2/8/2010,0.25000
2/9/2010,0.25000
2/10/2010,0.25000
2/11/2010,0.25000
2/12/2010,0.25000
2/15/2010,0.25000
2/16/2010,0.25000
2/17/2010,0.25063
2/18/2010,0.25125
2/19/2010,0.25194
2/22/2010,0.25219
2/23/2010,0.25194
2/24/2010,0.25194
2/25/2010,0.25194
2/26/2010,0.25169
3/1/2010,0.25169
3/2/2010,0.25194
3/3/2010,0.25194
3/4/2010,0.25219
3/5/2010,0.25363
3/8/2010,0.25425
3/9/2010,0.25550
3/10/2010,0.25563
3/11/2010,0.25703
3/12/2010,0.25719
3/15/2010,0.25763
3/16/2010,0.26088
3/17/2010,0.26638
3/18/2010,0.27100
3/19/2010,0.27750
3/22/2010,0.28188
3/23/2010,0.28353
3/24/2010,0.28491
3/25/2010,0.28781
3/26/2010,0.28875
3/29/2010,0.29013
3/30/2010,0.29088
3/31/2010,0.29150
4/1/2010,0.29150
4/2/2010,#N/A
4/5/2010,#N/A
4/6/2010,0.29488
4/7/2010,0.29525
4/8/2010,0.29400
4/9/2010,0.29781
4/12/2010,0.30041
4/13/2010,0.30281
4/14/2010,0.30375
4/15/2010,0.30438
4/16/2010,0.30531
4/19/2010,0.30531
4/20/2010,0.30719
4/21/2010,0.31281
4/22/2010,0.31578
4/23/2010,0.32063
4/26/2010,0.32375
4/27/2010,0.32781
4/28/2010,0.33781
4/29/2010,0.34438
4/30/2010,0.34656
5/3/2010,#N/A
5/4/2010,0.35313
5/5/2010,0.36016
5/6/2010,0.37359
5/7/2010,0.42813
5/10/2010,0.42125
5/11/2010,0.42281
5/12/2010,0.43019
5/13/2010,0.43588
5/14/2010,0.44506
5/17/2010,0.46000
5/18/2010,0.46469
5/19/2010,0.47750
5/20/2010,0.48406
5/21/2010,0.49688
5/24/2010,0.50969
5/25/2010,0.53625
5/26/2010,0.53781
5/27/2010,0.53844
5/28/2010,0.53625
5/31/2010,#N/A
6/1/2010,0.53625
6/2/2010,0.53750
6/3/2010,0.53781
6/4/2010,0.53656
6/7/2010,0.53719
6/8/2010,0.53688
6/9/2010,0.53656
6/10/2010,0.53644
6/11/2010,0.53706
6/14/2010,0.53706
6/15/2010,0.53894
6/16/2010,0.53894
6/17/2010,0.53925
6/18/2010,0.53819
6/21/2010,0.53838
6/22/2010,0.53825
6/23/2010,0.53825
6/24/2010,0.53719
6/25/2010,0.53469
6/28/2010,0.53344
6/29/2010,0.53300
6/30/2010,0.53394
7/1/2010,0.53331
7/2/2010,0.53363
7/5/2010,0.53125
7/6/2010,0.53113
7/7/2010,0.52988
7/8/2010,0.52750
7/9/2010,0.52681
7/12/2010,0.52556
7/13/2010,0.52594
7/14/2010,0.52563
7/15/2010,0.52469
7/16/2010,0.52125
7/19/2010,0.51781
7/20/2010,0.51250
7/21/2010,0.50625
7/22/2010,0.49781
7/23/2010,0.49313
7/26/2010,0.48750
7/27/2010,0.48125
7/28/2010,0.47500
7/29/2010,0.46563
7/30/2010,0.45375
8/2/2010,0.44469
8/3/2010,0.43469
8/4/2010,0.42406
8/5/2010,0.41813
8/6/2010,0.41125
8/9/2010,0.40438
8/10/2010,0.39781
8/11/2010,0.38438
8/12/2010,0.37625
8/13/2010,0.36938
8/16/2010,0.36188
8/17/2010,0.35219
8/18/2010,0.34547
8/19/2010,0.33906
8/20/2010,0.32922
8/23/2010,0.31750
8/24/2010,0.30750
8/25/2010,0.30375
8/26/2010,0.29938
8/27/2010,0.29688
8/30/2010,#N/A
8/31/2010,0.29563
9/1/2010,0.29563
9/2/2010,0.29438
9/3/2010,0.29281
9/6/2010,0.29219
9/7/2010,0.29188
9/8/2010,0.29250
9/9/2010,0.29250
9/10/2010,0.29219
9/13/2010,0.29219
9/14/2010,0.29188
9/15/2010,0.29203
9/16/2010,0.29141
9/17/2010,0.29156
9/20/2010,0.29031
9/21/2010,0.28969
9/22/2010,0.28938
9/23/2010,0.28938
9/24/2010,0.28938
9/27/2010,0.28938
9/28/2010,0.28938
9/29/2010,0.29000
9/30/2010,0.29000
10/1/2010,0.29063
10/4/2010,0.29063
10/5/2010,0.29000
10/6/2010,0.28969
10/7/2010,0.28906
10/8/2010,0.28906
10/11/2010,0.28906
10/12/2010,0.28906
10/13/2010,0.28906
10/14/2010,0.28906
10/15/2010,0.28906
10/18/2010,0.28906
10/19/2010,0.28906
10/20/2010,0.28844
10/21/2010,0.28844
10/22/2010,0.28844
10/25/2010,0.28844
10/26/2010,0.28844
10/27/2010,0.28813
10/28/2010,0.28688
10/29/2010,0.28594
11/1/2010,0.28594
11/2/2010,0.28594
11/3/2010,0.28594
11/4/2010,0.28563
11/5/2010,0.28563
11/8/2010,0.28563
11/9/2010,0.28563
11/10/2010,0.28563
11/11/2010,0.28563
11/12/2010,0.28438
11/15/2010,0.28438
11/16/2010,0.28438
11/17/2010,0.28438
11/18/2010,0.28438
11/19/2010,0.28438
11/22/2010,0.28438
11/23/2010,0.28438
11/24/2010,0.28750
11/25/2010,0.29188
11/26/2010,0.29438
11/29/2010,0.29594
11/30/2010,0.30031
12/1/2010,0.30344
12/2/2010,0.30344
12/3/2010,0.30344
12/6/2010,0.30344
12/7/2010,0.30219
12/8/2010,0.30219
12/9/2010,0.30219
12/10/2010,0.30156
12/13/2010,0.30156
12/14/2010,0.30188
12/15/2010,0.30188
12/16/2010,0.30375
12/17/2010,0.30375
12/20/2010,0.30281
12/21/2010,0.30281
12/22/2010,0.30281
12/23/2010,0.30281
12/24/2010,0.30281
12/27/2010,#N/A
12/28/2010,#N/A
12/29/2010,0.30281
12/30/2010,0.30281
12/31/2010,0.30281
1/3/2011,#N/A
1/4/2011,0.30281
1/5/2011,0.30281
1/6/2011,0.30313
1/7/2011,0.30313
1/10/2011,0.30313
1/11/2011,0.30313
1/12/2011,0.30313
1/13/2011,0.30313
1/14/2011,0.30313
1/17/2011,0.30313
1/18/2011,0.30313
1/19/2011,0.30313
1/20/2011,0.30313
1/21/2011,0.30313
1/24/2011,0.30313
1/25/2011,0.30438
1/26/2011,0.30438
1/27/2011,0.30438
1/28/2011,0.30438
1/31/2011,0.30438
2/1/2011,0.31050
2/2/2011,0.31050
2/3/2011,0.31050
2/4/2011,0.31150
2/7/2011,0.31200
2/8/2011,0.31200
2/9/2011,0.31200
2/10/2011,0.31200
2/11/2011,0.31300
2/14/2011,0.31400
2/15/2011,0.31350
2/16/2011,0.31350
2/17/2011,0.31350
2/18/2011,0.31250
2/21/2011,0.31250
2/22/2011,0.31250
2/23/2011,0.31150
2/24/2011,0.31050
2/25/2011,0.31050
2/28/2011,0.30950
3/1/2011,0.30950
3/2/2011,0.30950
3/3/2011,0.30950
3/4/2011,0.30950
3/7/2011,0.30950
3/8/2011,0.30950
3/9/2011,0.30950
3/10/2011,0.30950
3/11/2011,0.30950
3/14/2011,0.30900
3/15/2011,0.30900
3/16/2011,0.30900
3/17/2011,0.30900
3/18/2011,0.30900
3/21/2011,0.30900
3/22/2011,0.30900
3/23/2011,0.30800
3/24/2011,0.30850
3/25/2011,0.30750
3/28/2011,0.30700
3/29/2011,0.30700
3/30/2011,0.30450
3/31/2011,0.30300
4/1/2011,0.30100
4/4/2011,0.29675
4/5/2011,0.29375
4/6/2011,0.29263
4/7/2011,0.28950
4/8/2011,0.28525
4/11/2011,0.28275
4/12/2011,0.28075
4/13/2011,0.27800
4/14/2011,0.27550
4/15/2011,0.27475
4/18/2011,0.27400
4/19/2011,0.27375
4/20/2011,0.27375
4/21/2011,0.27375
4/22/2011,#N/A
4/25/2011,#N/A
4/26/2011,0.27275
4/27/2011,0.27325
4/28/2011,0.27300
4/29/2011,#N/A
5/2/2011,#N/A
5/3/2011,0.27225
5/4/2011,0.27025
5/5/2011,0.26825
5/6/2011,0.26700
5/9/2011,0.26575
5/10/2011,0.26400
5/11/2011,0.26225
5/12/2011,0.26075
5/13/2011,0.26050
5/16/2011,0.26050
5/17/2011,0.25975
5/18/2011,0.26000
5/19/2011,0.25850
5/20/2011,0.25750
5/23/2011,0.25675
5/24/2011,0.25500
5/25/2011,0.25450
5/26/2011,0.25400
5/27/2011,0.25388
5/30/2011,#N/A
5/31/2011,0.25288
6/1/2011,0.25288
6/2/2011,0.25200
6/3/2011,0.25200
6/6/2011,0.25175
6/7/2011,0.25175
6/8/2011,0.25025
6/9/2011,0.24950
6/10/2011,0.24850
6/13/2011,0.24700
6/14/2011,0.24525
6/15/2011,0.24500
6/16/2011,0.24650
6/17/2011,0.24650
6/20/2011,0.24650
6/21/2011,0.24550
6/22/2011,0.24550
6/23/2011,0.24650
6/24/2011,0.24625
6/27/2011,0.24575
6/28/2011,0.24575
6/29/2011,0.24575
6/30/2011,0.24575
7/1/2011,0.24575
7/4/2011,0.24575
7/5/2011,0.24575
7/6/2011,0.24575
7/7/2011,0.24605
7/8/2011,0.24605
7/11/2011,0.24605
7/12/2011,0.24900
7/13/2011,0.24925
7/14/2011,0.24975
7/15/2011,0.24975
7/18/2011,0.25125
7/19/2011,0.25200
7/20/2011,0.25300
7/21/2011,0.25300
7/22/2011,0.25300
7/25/2011,0.25210
7/26/2011,0.25260
7/27/2011,0.25285
7/28/2011,0.25395
7/29/2011,0.25550
8/1/2011,0.25722
8/2/2011,0.26444
8/3/2011,0.26828
8/4/2011,0.26939
8/5/2011,0.27161
8/8/2011,0.27478
8/9/2011,0.27839
8/10/2011,0.28061
8/11/2011,0.28617
8/12/2011,0.29006
8/15/2011,0.29172
8/16/2011,0.29283
8/17/2011,0.29589
8/18/2011,0.29778
8/19/2011,0.30300
8/22/2011,0.30844
8/23/2011,0.31178
8/24/2011,0.31428
8/25/2011,0.31900
8/26/2011,0.32278
8/29/2011,#N/A
8/30/2011,0.32556
8/31/2011,0.32722
9/1/2011,0.32944
9/2/2011,0.33056
9/5/2011,0.33278
9/6/2011,0.33561
9/7/2011,0.33683
9/8/2011,0.33683
9/9/2011,0.33794
9/12/2011,0.34289
9/13/2011,0.34711
9/14/2011,0.34911
9/15/2011,0.35022
9/16/2011,0.35133
9/19/2011,0.35250
9/20/2011,0.35500
9/21/2011,0.35556
9/22/2011,0.35806
9/23/2011,0.36022
9/26/2011,0.36278
9/27/2011,0.36522
9/28/2011,0.36856
9/29/2011,0.37211
9/30/2011,0.37433
10/3/2011,0.37761
10/4/2011,0.38094
10/5/2011,0.38361
10/6/2011,0.38778
10/7/2011,0.39111
10/10/2011,0.39417
10/11/2011,0.39750
10/12/2011,0.40083
10/13/2011,0.40306
10/14/2011,0.40472
10/17/2011,0.40583
10/18/2011,0.40917
10/19/2011,0.41167
10/20/2011,0.41556
10/21/2011,0.41833
10/24/2011,0.42028
10/25/2011,0.42222
10/26/2011,0.42472
10/27/2011,0.42806
10/28/2011,0.42944
10/31/2011,0.42944
11/1/2011,0.43167
11/2/2011,0.43306
11/3/2011,0.43500
11/4/2011,0.43750
11/7/2011,0.44139
11/8/2011,0.44417
11/9/2011,0.44917
11/10/2011,0.45278
11/11/2011,0.45722
11/14/2011,0.46056
11/15/2011,0.46556
11/16/2011,0.47111
11/17/2011,0.47944
11/18/2011,0.48778
11/21/2011,0.49500
11/22/2011,0.50028
11/23/2011,0.50611
11/24/2011,0.51167
11/25/2011,0.51806
11/28/2011,0.52306
11/29/2011,0.52694
11/30/2011,0.52889
12/1/2011,0.52722
12/2/2011,0.52833
12/5/2011,0.53390
12/6/2011,0.53775
12/7/2011,0.54000
12/8/2011,0.54000
12/9/2011,0.54175
12/12/2011,0.54350
12/13/2011,0.54625
12/14/2011,0.55505
12/15/2011,0.55915
12/16/2011,0.56315
12/19/2011,0.56695
12/20/2011,0.56975
12/21/2011,0.57125
12/22/2011,0.57375
12/23/2011,0.57575
12/26/2011,#N/A
12/27/2011,#N/A
12/28/2011,0.57925
12/29/2011,0.58100
12/30/2011,0.58100
1/2/2012,#N/A
1/3/2012,0.58250
1/4/2012,0.58250
1/5/2012,0.58250
1/6/2012,0.58150
1/9/2012,0.58050
1/10/2012,0.57950
1/11/2012,0.57650
1/12/2012,0.57150
1/13/2012,0.56700
1/16/2012,0.56490
1/17/2012,0.56230
1/18/2012,0.56120
1/19/2012,0.56120
1/20/2012,0.56110
1/23/2012,0.56010
1/24/2012,0.55910
1/25/2012,0.55660
1/26/2012,0.55310
1/27/2012,0.55110
1/30/2012,0.54685
1/31/2012,0.54235
2/1/2012,0.53710
2/2/2012,0.53060
2/3/2012,0.52700
2/6/2012,0.52325
2/7/2012,0.52000
2/8/2012,0.51325
2/9/2012,0.51000
2/10/2012,0.50600
2/13/2012,0.50260
2/14/2012,0.49760
2/15/2012,0.49510
2/16/2012,0.49310
2/17/2012,0.49310
2/20/2012,0.49310
2/21/2012,0.49260
2/22/2012,0.49160
2/23/2012,0.49060
2/24/2012,0.49060
2/27/2012,0.48910
2/28/2012,0.48750
2/29/2012,0.48425
3/1/2012,0.47970
3/2/2012,0.47575
3/5/2012,0.47455
3/6/2012,0.47455
3/7/2012,0.47455
3/8/2012,0.47355
3/9/2012,0.47355
3/12/2012,0.47355
3/13/2012,0.47365
3/14/2012,0.47365
3/15/2012,0.47365
3/16/2012,0.47365
3/19/2012,0.47365
3/20/2012,0.47415
3/21/2012,0.47415
3/22/2012,0.47365
3/23/2012,0.47315
3/26/2012,0.47265
3/27/2012,0.47065
3/28/2012,0.46965
3/29/2012,0.46815
3/30/2012,0.46815
4/2/2012,0.46815
4/3/2012,0.46915
4/4/2012,0.46915
4/5/2012,0.46915
4/6/2012,#N/A
4/9/2012,#N/A
4/10/2012,0.46915
4/11/2012,0.46865
4/12/2012,0.46665
4/13/2012,0.46615
4/16/2012,0.46565
4/17/2012,0.46565
4/18/2012,0.46565
4/19/2012,0.46565
4/20/2012,0.46565
4/23/2012,0.46565
4/24/2012,0.46585
4/25/2012,0.46585
4/26/2012,0.46585
4/27/2012,0.46585
4/30/2012,0.46585
5/1/2012,0.46585
5/2/2012,0.46585
5/3/2012,0.46585
5/4/2012,0.46585
5/7/2012,#N/A
5/8/2012,0.46585
5/9/2012,0.46685
5/10/2012,0.46685
5/11/2012,0.46685
5/14/2012,0.46585
5/15/2012,0.46585
5/16/2012,0.46685
5/17/2012,0.46685
5/18/2012,0.46685
5/21/2012,0.46685
5/22/2012,0.46685
5/23/2012,0.46685
5/24/2012,0.46685
5/25/2012,0.46685
5/28/2012,0.46685
5/29/2012,0.46685
5/30/2012,0.46685
5/31/2012,0.46685
6/1/2012,0.46785
6/4/2012,#N/A
6/5/2012,#N/A
6/6/2012,0.46785
6/7/2012,0.46785
6/8/2012,0.46785
6/11/2012,0.46785
6/12/2012,0.46785
6/13/2012,0.46785
6/14/2012,0.46785
6/15/2012,0.46785
6/18/2012,0.46785
6/19/2012,0.46785
6/20/2012,0.46760
6/21/2012,0.46760
6/22/2012,0.46160
6/25/2012,0.46060
6/26/2012,0.46060
6/27/2012,0.46060
6/28/2012,0.46060
6/29/2012,0.46060
7/2/2012,0.46060
7/3/2012,0.46060
7/4/2012,0.45960
7/5/2012,0.45960
7/6/2012,0.45760
7/9/2012,0.45760
7/10/2012,0.45760
7/11/2012,0.45610
7/12/2012,0.45510
7/13/2012,0.45510
7/16/2012,0.45510
7/17/2012,0.45510
7/18/2012,0.45510
7/19/2012,0.45310
7/20/2012,0.45210
7/23/2012,0.45110
7/24/2012,0.44810
7/25/2012,0.44810
7/26/2012,0.44710
7/27/2012,0.44660
7/30/2012,0.44460
7/31/2012,0.44260
8/1/2012,0.44160
8/2/2012,0.44185
8/3/2012,0.43935
8/6/2012,0.43885
8/7/2012,0.43785
8/8/2012,0.43675
8/9/2012,0.43750
8/10/2012,0.43700
8/13/2012,0.43450
8/14/2012,0.43650
8/15/2012,0.43450
8/16/2012,0.43350
8/17/2012,0.43450
8/20/2012,0.43350
8/21/2012,0.43350
8/22/2012,0.43075
8/23/2012,0.42685
8/24/2012,0.42485
8/27/2012,#N/A
8/28/2012,0.42275
8/29/2012,0.42175
8/30/2012,0.42075
8/31/2012,0.41825
9/3/2012,0.41435
9/4/2012,0.41185
9/5/2012,0.40985
9/6/2012,0.40835
9/7/2012,0.40775
9/10/2012,0.40425
9/11/2012,0.39875
9/12/2012,0.39425
9/13/2012,0.38875
9/14/2012,0.38525
9/17/2012,0.38075
9/18/2012,0.37875
9/19/2012,0.37575
9/20/2012,0.37300
9/21/2012,0.36925
9/24/2012,0.36725
9/25/2012,0.36350
9/26/2012,0.36225
9/27/2012,0.36025
9/28/2012,0.35850
10/1/2012,0.35525
10/2/2012,0.35400
10/3/2012,0.35250
10/4/2012,0.35225
10/5/2012,0.35125
10/8/2012,0.35025
10/9/2012,0.34675
10/10/2012,0.34275
10/11/2012,0.34025
10/12/2012,0.33425
10/15/2012,0.33025
10/16/2012,0.32475
10/17/2012,0.32075
10/18/2012,0.31875
10/19/2012,0.31725
10/22/2012,0.31575
10/23/2012,0.31525
10/24/2012,0.31425
10/25/2012,0.31325
10/26/2012,0.31325
10/29/2012,0.31275
10/30/2012,0.31275
10/31/2012,0.31275
11/1/2012,0.31275
11/2/2012,0.31275
11/5/2012,0.31175
11/6/2012,0.31175
11/7/2012,0.31000
11/8/2012,0.31000
11/9/2012,0.31000
11/12/2012,0.31000
11/13/2012,0.31000
11/14/2012,0.31000
11/15/2012,0.31100
11/16/2012,0.31150
11/19/2012,0.31150
11/20/2012,0.31050
11/21/2012,0.31150
11/22/2012,0.31150
11/23/2012,0.31150
11/26/2012,0.31150
11/27/2012,0.31150
11/28/2012,0.31050
11/29/2012,0.31050
11/30/2012,0.31050
12/3/2012,0.31050
12/4/2012,0.31050
12/5/2012,0.31050
12/6/2012,0.31050
12/7/2012,0.30950
12/10/2012,0.31050
12/11/2012,0.30950
12/12/2012,0.30950
12/13/2012,0.30800
12/14/2012,0.30800
12/17/2012,0.30900
12/18/2012,0.30900
12/19/2012,0.31000
12/20/2012,0.31000
12/21/2012,0.31000
12/24/2012,0.31000
12/25/2012,#N/A
12/26/2012,#N/A
12/27/2012,0.31100
12/28/2012,0.30800
12/31/2012,0.30600
1/1/2013,#N/A
1/2/2013,0.30500
1/3/2013,0.30500
1/4/2013,0.30500
1/7/2013,0.30500
1/8/2013,0.30500
1/9/2013,0.30500
1/10/2013,0.30500
1/11/2013,0.30400
1/14/2013,0.30400
1/15/2013,0.30300
1/16/2013,0.30300
1/17/2013,0.30200
1/18/2013,0.30200
1/21/2013,0.30200
1/22/2013,0.30200
1/23/2013,0.30100
1/24/2013,0.30050
1/25/2013,0.30050
1/28/2013,0.30150
1/29/2013,0.30050
1/30/2013,0.29850
1/31/2013,0.29800
2/1/2013,0.29550
2/4/2013,0.29550
2/5/2013,0.29550
2/6/2013,0.29300
2/7/2013,0.29200
2/8/2013,0.29200
2/11/2013,0.29310
2/12/2013,0.29210
2/13/2013,0.29010
2/14/2013,0.29010
2/15/2013,0.29010
2/18/2013,0.28910
2/19/2013,0.28910
2/20/2013,0.28910
2/21/2013,0.28810
2/22/2013,0.28810
2/25/2013,0.28660
2/26/2013,0.28660
2/27/2013,0.28710
2/28/2013,0.28710
3/1/2013,0.28410
3/4/2013,0.28310
3/5/2013,0.28110
3/6/2013,0.27960
3/7/2013,0.28060
3/8/2013,0.28010
3/11/2013,0.28010
3/12/2013,0.28110
3/13/2013,0.28010
3/14/2013,0.28010
3/15/2013,0.28010
3/18/2013,0.28010
3/19/2013,0.28210
3/20/2013,0.28410
3/21/2013,0.28410
3/22/2013,0.28460
3/25/2013,0.28310
3/26/2013,0.28360
3/27/2013,0.28360
3/28/2013,0.28260
3/29/2013,#N/A
4/1/2013,#N/A
4/2/2013,0.28210
4/3/2013,0.28110
4/4/2013,0.28040
4/5/2013,0.27940
4/8/2013,0.27940
4/9/2013,0.27810
4/10/2013,0.27710
4/11/2013,0.27710
4/12/2013,0.27760
4/15/2013,0.27760
4/16/2013,0.27710
4/17/2013,0.27610
4/18/2013,0.27610
4/19/2013,0.27610
4/22/2013,0.27510
4/23/2013,0.27560
4/24/2013,0.27560
4/25/2013,0.27560
4/26/2013,0.27560
4/29/2013,0.27410
4/30/2013,0.27310
5/1/2013,0.27310
5/2/2013,0.27310
5/3/2013,0.27510
5/6/2013,#N/A
5/7/2013,0.27510
5/8/2013,0.27510
5/9/2013,0.27510
5/10/2013,0.27510
5/13/2013,0.27510
5/14/2013,0.27410
5/15/2013,0.27410
5/16/2013,0.27410
5/17/2013,0.27360
5/20/2013,0.27310
5/21/2013,0.27410
5/22/2013,0.27375
5/23/2013,0.27275
5/24/2013,0.27275
5/27/2013,#N/A
5/28/2013,0.27275
5/29/2013,0.27575
5/30/2013,0.27465
5/31/2013,0.27525
6/3/2013,0.27325
6/4/2013,0.27395
6/5/2013,0.27445
6/6/2013,0.27425
6/7/2013,0.27515
6/10/2013,0.27415
6/11/2013,0.27225
6/12/2013,0.27325
6/13/2013,0.27325
6/14/2013,0.27275
6/17/2013,0.27325
6/18/2013,0.27225
6/19/2013,0.27175
6/20/2013,0.27255
6/21/2013,0.27275
6/24/2013,0.27675
6/25/2013,0.27610
6/26/2013,0.27560
6/27/2013,0.27400
6/28/2013,0.27310
7/1/2013,0.27310
7/2/2013,0.27290
7/3/2013,0.27390
7/4/2013,0.27090
7/5/2013,0.26990
7/8/2013,0.26860
7/9/2013,0.26910
7/10/2013,0.26910
7/11/2013,0.26810
7/12/2013,0.26760
7/15/2013,0.26760
7/16/2013,0.26620
7/17/2013,0.26620
7/18/2013,0.26620
7/19/2013,0.26470
7/22/2013,0.26470
7/23/2013,0.26590
7/24/2013,0.26430
7/25/2013,0.26380
7/26/2013,0.26500
7/29/2013,0.26600
7/30/2013,0.26500
7/31/2013,0.26560
8/1/2013,0.26560
8/2/2013,0.26660
8/5/2013,0.26540
8/6/2013,0.26640
8/7/2013,0.26640
8/8/2013,0.26470
8/9/2013,0.26470
8/12/2013,0.26470
8/13/2013,0.26420
8/14/2013,0.26320
8/15/2013,0.26320
8/16/2013,0.26410
8/19/2013,0.26310
8/20/2013,0.26210
8/21/2013,0.26210
8/22/2013,0.26210
8/23/2013,0.26210
8/26/2013,#N/A
8/27/2013,0.25940
8/28/2013,0.26050
8/29/2013,0.26120
8/30/2013,0.25950
9/2/2013,0.25950
9/3/2013,0.25950
9/4/2013,0.25900
9/5/2013,0.25810
9/6/2013,0.25640
9/9/2013,0.25590
9/10/2013,0.25590
9/11/2013,0.25440
9/12/2013,0.25440
9/13/2013,0.25390
9/16/2013,0.25185
9/17/2013,0.25195
9/18/2013,0.25245
9/19/2013,0.25020
9/20/2013,0.24960
9/23/2013,0.25060
9/24/2013,0.25020
9/25/2013,0.24760
9/26/2013,0.24810
9/27/2013,0.24835
9/30/2013,0.24885
10/1/2013,0.24585
10/2/2013,0.24435
10/3/2013,0.24285
10/4/2013,0.24285
10/7/2013,0.24335
10/8/2013,0.24360
10/9/2013,0.24560
10/10/2013,0.24310
10/11/2013,0.24360
10/14/2013,0.24580
10/15/2013,0.24355
10/16/2013,0.24605
10/17/2013,0.24205
10/18/2013,0.24055
10/21/2013,0.23860
10/22/2013,0.23835
10/23/2013,0.23835
10/24/2013,0.23810
10/25/2013,0.23685
10/28/2013,0.23585
10/29/2013,0.23745
10/30/2013,0.24190
10/31/2013,0.24200
11/1/2013,0.23775
11/4/2013,0.23810
11/5/2013,0.23770
11/6/2013,0.23865
11/7/2013,0.23890
11/8/2013,0.23940
11/11/2013,0.23925
11/12/2013,0.23925
11/13/2013,0.24060
11/14/2013,0.23845
11/15/2013,0.23810
11/18/2013,0.23735
11/19/2013,0.23910
11/20/2013,0.23810
11/21/2013,0.23760
11/22/2013,0.23660
11/25/2013,0.23585
11/26/2013,0.23660
11/27/2013,0.23760
11/28/2013,0.23910
11/29/2013,0.23910
12/2/2013,0.23885
12/3/2013,0.24130
12/4/2013,0.24185
12/5/2013,0.24160
12/6/2013,0.24085
12/9/2013,0.24260
12/10/2013,0.24185
12/11/2013,0.24385
12/12/2013,0.24285
12/13/2013,0.24385
12/16/2013,0.24285
12/17/2013,0.24435
12/18/2013,0.24510
12/19/2013,0.24585
12/20/2013,0.24835
12/23/2013,0.24585
12/24/2013,0.24685
12/25/2013,#N/A
12/26/2013,#N/A
12/27/2013,0.24660
12/30/2013,0.24660
12/31/2013,0.24610
1/1/2014,#N/A
1/2/2014,0.24285
1/3/2014,0.23985
1/6/2014,0.23935
1/7/2014,0.24210
1/8/2014,0.24040
1/9/2014,0.24165
1/10/2014,0.24165
1/13/2014,0.23890
1/14/2014,0.23675
1/15/2014,0.23785
1/16/2014,0.23635
1/17/2014,0.23660
1/20/2014,0.23710
1/21/2014,0.23660
1/22/2014,0.23710
1/23/2014,0.23860
1/24/2014,0.23535
1/27/2014,0.23610
1/28/2014,0.23610
1/29/2014,0.23560
1/30/2014,0.23760
1/31/2014,0.23660
2/3/2014,0.23560
2/4/2014,0.23645
2/5/2014,0.23635
2/6/2014,0.23685
2/7/2014,0.23385
2/10/2014,0.23385
2/11/2014,0.23660
2/12/2014,0.23610
2/13/2014,0.23585
2/14/2014,0.23585
2/17/2014,0.23510
2/18/2014,0.23455
2/19/2014,0.23360
2/20/2014,0.23560
2/21/2014,0.23485
2/24/2014,0.23435
2/25/2014,0.23360
2/26/2014,0.23330
2/27/2014,0.23610
2/28/2014,0.23565
3/3/2014,0.23565
3/4/2014,0.23535
3/5/2014,0.23440
3/6/2014,0.23510
3/7/2014,0.23565
3/10/2014,0.23435
3/11/2014,0.23330
3/12/2014,0.23410
3/13/2014,0.23335
3/14/2014,0.23485
3/17/2014,0.23445
3/18/2014,0.23485
3/19/2014,0.23385
3/20/2014,0.23360
3/21/2014,0.23285
3/24/2014,0.23510
3/25/2014,0.23435
3/26/2014,0.23335
3/27/2014,0.23360
3/28/2014,0.23335
3/31/2014,0.23060
4/1/2014,0.22810
4/2/2014,0.23010
4/3/2014,0.23035
4/4/2014,0.22960
4/7/2014,0.22935
4/8/2014,0.22730
4/9/2014,0.22755
4/10/2014,0.22705
4/11/2014,0.22645
4/14/2014,0.22865
4/15/2014,0.22635
4/16/2014,0.22785
4/17/2014,0.22585
4/18/2014,#N/A
4/21/2014,#N/A
4/22/2014,0.22860
4/23/2014,0.22875
4/24/2014,0.22785
4/25/2014,0.22660
4/28/2014,0.22485
4/29/2014,0.22535
4/30/2014,0.22335
5/1/2014,0.22285
5/2/2014,0.22285
5/5/2014,#N/A
5/6/2014,0.22485
5/7/2014,0.22395
5/8/2014,0.22335
5/9/2014,0.22410
5/12/2014,0.22510
5/13/2014,0.22385
5/14/2014,0.22535
5/15/2014,0.22585
5/16/2014,0.22860
5/19/2014,0.22695
5/20/2014,0.22810
5/21/2014,0.22735
5/22/2014,0.22715
5/23/2014,0.22935
5/26/2014,#N/A
5/27/2014,0.22985
5/28/2014,0.22760
5/29/2014,0.22735
5/30/2014,0.22740
6/2/2014,0.22715
6/3/2014,0.22740
6/4/2014,0.22950
6/5/2014,0.23060
6/6/2014,0.22960
6/9/2014,0.23055
6/10/2014,0.23030
6/11/2014,0.22980
6/12/2014,0.23060
6/13/2014,0.23210
6/16/2014,0.23060
6/17/2014,0.23100
6/18/2014,0.23100
6/19/2014,0.22960
6/20/2014,0.23060
6/23/2014,0.23260
6/24/2014,0.23360
6/25/2014,0.23385
6/26/2014,0.23410
6/27/2014,0.23460
6/30/2014,0.23070
7/1/2014,0.23180
7/2/2014,0.23460
7/3/2014,0.23210
7/4/2014,0.23310
7/7/2014,0.23410
7/8/2014,0.23360
7/9/2014,0.23410
7/10/2014,0.23360
7/11/2014,0.23360
7/14/2014,0.23260
7/15/2014,0.23310
7/16/2014,0.23360
7/17/2014,0.23360
7/18/2014,0.23160
7/21/2014,0.23310
7/22/2014,0.23260
7/23/2014,0.23410
7/24/2014,0.23510
7/25/2014,0.23410
7/28/2014,0.23610
7/29/2014,0.23710
7/30/2014,0.23960
7/31/2014,0.23910
8/1/2014,0.23810
8/4/2014,0.23710
8/5/2014,0.23710
8/6/2014,0.23420
8/7/2014,0.23310
8/8/2014,0.23510
8/11/2014,0.23380
8/12/2014,0.23310
8/13/2014,0.23360
8/14/2014,0.23110
8/15/2014,0.23210
8/18/2014,0.23210
8/19/2014,0.23440
8/20/2014,0.23490
8/21/2014,0.23490
8/22/2014,0.23840
8/25/2014,#N/A
8/26/2014,0.23810
8/27/2014,0.23460
8/28/2014,0.23360
8/29/2014,0.23360
9/1/2014,0.23360
9/2/2014,0.23310
9/3/2014,0.23410
9/4/2014,0.23310
9/5/2014,0.23230
9/8/2014,0.23360
9/9/2014,0.23460
9/10/2014,0.23460
9/11/2014,0.23410
9/12/2014,0.23460
9/15/2014,0.23460
9/16/2014,0.23440
9/17/2014,0.23410
9/18/2014,0.23310
9/19/2014,0.23310
9/22/2014,0.23560
9/23/2014,0.23410
9/24/2014,0.23510
9/25/2014,0.23360
9/26/2014,0.23310
9/29/2014,0.23510
9/30/2014,0.23510
10/1/2014,0.23260
10/2/2014,0.23120
10/3/2014,0.23160
10/6/2014,0.23260
10/7/2014,0.23110
10/8/2014,0.22910
10/9/2014,0.22910
10/10/2014,0.23000
10/13/2014,0.23060
10/14/2014,0.22910
10/15/2014,0.22810
10/16/2014,0.23075
10/17/2014,0.23135
10/20/2014,0.23210
10/21/2014,0.23060
10/22/2014,0.23280
10/23/2014,0.23360
10/24/2014,0.23310
10/27/2014,0.23260
10/28/2014,0.23260
10/29/2014,0.23260
10/30/2014,0.23235
10/31/2014,0.23210
11/3/2014,0.23235
11/4/2014,0.23185
11/5/2014,0.23185
11/6/2014,0.23160
11/7/2014,0.23260
11/10/2014,0.23310
11/11/2014,0.23320
11/12/2014,0.23320
11/13/2014,0.23210
11/14/2014,0.23210
11/17/2014,0.23185
11/18/2014,0.23185
11/19/2014,0.23110
11/20/2014,0.23290
11/21/2014,0.23285
11/24/2014,0.23435
11/25/2014,0.23560
11/26/2014,0.23560
11/27/2014,0.23360
11/28/2014,0.23360
12/1/2014,0.23460
12/2/2014,0.23460
12/3/2014,0.23485
12/4/2014,0.23535
12/5/2014,0.23560
12/8/2014,0.23760
12/9/2014,0.23885
12/10/2014,0.23990
12/11/2014,0.24060
12/12/2014,0.24285
12/15/2014,0.24260
12/16/2014,0.24260
12/17/2014,0.24535
12/18/2014,0.24710
12/19/2014,0.25210
12/22/2014,0.25510
12/23/2014,0.25460
12/24/2014,0.25660
12/25/2014,#N/A
12/26/2014,#N/A
12/29/2014,0.25510
12/30/2014,0.25520
12/31/2014,0.25560
1/1/2015,#N/A
1/2/2015,0.25560
1/5/2015,0.25360
1/6/2015,0.25110
1/7/2015,0.25210
1/8/2015,0.25210
1/9/2015,0.25410
1/12/2015,0.25280
1/13/2015,0.25330
1/14/2015,0.25360
1/15/2015,0.25260
1/16/2015,0.25660
1/19/2015,0.25620
1/20/2015,0.25670
1/21/2015,0.25710
1/22/2015,0.25610
1/23/2015,0.25610
1/26/2015,0.25610
1/27/2015,0.25260
1/28/2015,0.25460
1/29/2015,0.25460
1/30/2015,0.25310
2/2/2015,0.25210
2/3/2015,0.25510
2/4/2015,0.25510
2/5/2015,0.25610
2/6/2015,0.25560
2/9/2015,0.25835
2/10/2015,0.25810
2/11/2015,0.25810
2/12/2015,0.25810
2/13/2015,0.25710
2/16/2015,0.25620
2/17/2015,0.25670
2/18/2015,0.26060
2/19/2015,0.26150
2/20/2015,0.26260
2/23/2015,0.26160
2/24/2015,0.26110
2/25/2015,0.26090
2/26/2015,0.26160
2/27/2015,0.26185
3/2/2015,0.26095
3/3/2015,0.26515
3/4/2015,0.26360
3/5/2015,0.26360
3/6/2015,0.26460
3/9/2015,0.26660
3/10/2015,0.26770
3/11/2015,0.26990
3/12/2015,0.27060
3/13/2015,0.27065
3/16/2015,0.27015
3/17/2015,0.26935
3/18/2015,0.27030
3/19/2015,0.26455
3/20/2015,0.26680
3/23/2015,0.26680
3/24/2015,0.26935
3/25/2015,0.26855
3/26/2015,0.27305
3/27/2015,0.27540
3/30/2015,0.27415
3/31/2015,0.27075
4/1/2015,0.27075
4/2/2015,0.27375
4/3/2015,#N/A
4/6/2015,#N/A
4/7/2015,0.27375
4/8/2015,0.27120
4/9/2015,0.27590
4/10/2015,0.27700
4/13/2015,0.27530
4/14/2015,0.27555
4/15/2015,0.27435
4/16/2015,0.27510
4/17/2015,0.27575
4/20/2015,0.27600
4/21/2015,0.27725
4/22/2015,0.27750
4/23/2015,0.27700
4/24/2015,0.27900
4/27/2015,0.27900
4/28/2015,0.27815
4/29/2015,0.27815
4/30/2015,0.27875
5/1/2015,0.27975
5/4/2015,#N/A
5/5/2015,0.27590
5/6/2015,0.27600
5/7/2015,0.27885
5/8/2015,0.27985
5/11/2015,0.27660
5/12/2015,0.27500
5/13/2015,0.27390
5/14/2015,0.27600
5/15/2015,0.27650
5/18/2015,0.27600
5/19/2015,0.28100
5/20/2015,0.28350
5/21/2015,0.28200
5/22/2015,0.28450
5/25/2015,#N/A
5/26/2015,0.28585
5/27/2015,0.28350
5/28/2015,0.28275
5/29/2015,0.28375
6/1/2015,0.28250
6/2/2015,0.27870
6/3/2015,0.27920
6/4/2015,0.27890
6/5/2015,0.28120
6/8/2015,0.28220
6/9/2015,0.28550
6/10/2015,0.28785
6/11/2015,0.28585
6/12/2015,0.28605
6/15/2015,0.28325
6/16/2015,0.28625
6/17/2015,0.28570
6/18/2015,0.28080
6/19/2015,0.28130
6/22/2015,0.28225
6/23/2015,0.28075
6/24/2015,0.28075
6/25/2015,0.28200
6/26/2015,0.28175
6/29/2015,0.28370
6/30/2015,0.28320
7/1/2015,0.28360
7/2/2015,0.28350
7/3/2015,0.28430
7/6/2015,0.28425
7/7/2015,0.28325
7/8/2015,0.28345
7/9/2015,0.28600
7/10/2015,0.28580
7/13/2015,0.28880
7/14/2015,0.28850
7/15/2015,0.28850
7/16/2015,0.28700
7/17/2015,0.29175
7/20/2015,0.29500
7/21/2015,0.29410
7/22/2015,0.29250
7/23/2015,0.29510
7/24/2015,0.29360
7/27/2015,0.29410
7/28/2015,0.29680
7/29/2015,0.29680
7/30/2015,0.30010
7/31/2015,0.30860
8/3/2015,0.30370
8/4/2015,0.30110
8/5/2015,0.31090
8/6/2015,0.31140
8/7/2015,0.31160
8/10/2015,0.31420
8/11/2015,0.31435
8/12/2015,0.30930
8/13/2015,0.32050
8/14/2015,0.32445
8/17/2015,0.33285
8/18/2015,0.33285
8/19/2015,0.33335
8/20/2015,0.32910
8/21/2015,0.32910
8/24/2015,0.33160
8/25/2015,0.32700
8/26/2015,0.32520
8/27/2015,0.32440
8/28/2015,0.32900
8/31/2015,#N/A
9/1/2015,0.33400
9/2/2015,0.33250
9/3/2015,0.33350
9/4/2015,0.33200
9/7/2015,0.33300
9/8/2015,0.33200
9/9/2015,0.33300
9/10/2015,0.33600
9/11/2015,0.33720
9/14/2015,0.33550
9/15/2015,0.33425
9/16/2015,0.33960
9/17/2015,0.34510
9/18/2015,0.31920
9/21/2015,0.32600
9/22/2015,0.32650
9/23/2015,0.32550
9/24/2015,0.32640
9/25/2015,0.32610
9/28/2015,0.32660
9/29/2015,0.32550
9/30/2015,0.32500
10/1/2015,0.32400
10/2/2015,0.32710
10/5/2015,0.32320
10/6/2015,0.31800
10/7/2015,0.31860
10/8/2015,0.31960
10/9/2015,0.32060
10/12/2015,0.32075
10/13/2015,0.32050
10/14/2015,0.31705
10/15/2015,0.31515
10/16/2015,0.31715
10/19/2015,0.31665
10/20/2015,0.32040
10/21/2015,0.31640
10/22/2015,0.31990
10/23/2015,0.32290
10/26/2015,0.32315
10/27/2015,0.32390
10/28/2015,0.32190
10/29/2015,0.32890
10/30/2015,0.33410
11/2/2015,0.33410
11/3/2015,0.33360
11/4/2015,0.33660
11/5/2015,0.34390
11/6/2015,0.34140
11/9/2015,0.35560
11/10/2015,0.35610
11/11/2015,0.35910
11/12/2015,0.36160
11/13/2015,0.36360
11/16/2015,0.36410
11/17/2015,0.36710
11/18/2015,0.36960
11/19/2015,0.37760
11/20/2015,0.38210
11/23/2015,0.39320
11/24/2015,0.40230
11/25/2015,0.40670
11/26/2015,0.41170
11/27/2015,0.41420
11/30/2015,0.41620
12/1/2015,0.42220
12/2/2015,0.43600
12/3/2015,0.45200
12/4/2015,0.46200
12/7/2015,0.47700
12/8/2015,0.48650
12/9/2015,0.49200
12/10/2015,0.50200
12/11/2015,0.51200
12/14/2015,0.51775
12/15/2015,0.52575
12/16/2015,0.53250
12/17/2015,0.56950
12/18/2015,0.58550
12/21/2015,0.59310
12/22/2015,0.59435
12/23/2015,0.60310
12/24/2015,0.60310
12/25/2015,#N/A
12/28/2015,#N/A
12/29/2015,0.60670
12/30/2015,0.61220
12/31/2015,0.61270