Date,DEXUSEU
1/2/2006,#N/A
1/3/2006,1.1980
1/4/2006,1.2091
1/5/2006,1.2101
1/6/2006,1.2148
1/9/2006,1.2064
1/10/2006,1.2063
1/11/2006,1.2135
1/12/2006,1.2035
1/13/2006,1.2103
1/16/2006,#N/A
1/17/2006,1.2073
1/18/2006,1.2083
1/19/2006,1.2110
1/20/2006,1.2101
1/23/2006,1.2276
1/24/2006,1.2287
1/25/2006,1.2252
1/26/2006,1.2229
1/27/2006,1.2130
1/30/2006,1.2091
1/31/2006,1.2158
2/1/2006,1.2092
2/2/2006,1.2100
2/3/2006,1.2021
2/6/2006,1.1971
2/7/2006,1.1974
2/8/2006,1.1935
2/9/2006,1.1963
2/10/2006,1.1920
2/13/2006,1.1905
2/14/2006,1.1895
2/15/2006,1.1884
2/16/2006,1.1882
2/17/2006,1.1906
2/20/2006,#N/A
2/21/2006,1.1912
2/22/2006,1.1905
2/23/2006,1.1923
2/24/2006,1.1882
2/27/2006,1.1860
2/28/2006,1.1925
3/1/2006,1.1899
3/2/2006,1.2003
3/3/2006,1.2028
3/6/2006,1.2002
3/7/2006,1.1888
3/8/2006,1.1914
3/9/2006,1.1920
3/10/2006,1.1886
3/13/2006,1.1942
3/14/2006,1.2025
3/15/2006,1.2045
3/16/2006,1.2151
3/17/2006,1.2197
3/20/2006,1.2168
3/21/2006,1.2079
3/22/2006,1.2095
3/23/2006,1.1984
3/24/2006,1.2034
3/27/2006,1.2015
3/28/2006,1.2078
3/29/2006,1.2030
3/30/2006,1.2132
3/31/2006,1.2139
4/3/2006,1.2124
4/4/2006,1.2258
4/5/2006,1.2272
4/6/2006,1.2216
4/7/2006,1.2109
4/10/2006,1.2091
4/11/2006,1.2125
4/12/2006,1.2107
4/13/2006,1.2107
4/14/2006,1.2106
4/17/2006,1.2267
4/18/2006,1.2274
4/19/2006,1.2345
4/20/2006,1.2326
4/21/2006,1.2340
4/24/2006,1.2373
4/25/2006,1.2412
4/26/2006,1.2464
4/27/2006,1.2525
4/28/2006,1.2624
5/1/2006,1.2607
5/2/2006,1.2644
5/3/2006,1.2639
5/4/2006,1.2684
5/5/2006,1.2733
5/8/2006,1.2720
5/9/2006,1.2747
5/10/2006,1.2799
5/11/2006,1.2855
5/12/2006,1.2888
5/15/2006,1.2826
5/16/2006,1.2817
5/17/2006,1.2722
5/18/2006,1.2795
5/19/2006,1.2750
5/22/2006,1.2850
5/23/2006,1.2844
5/24/2006,1.2747
5/25/2006,1.2777
5/26/2006,1.2739
5/29/2006,#N/A
5/30/2006,1.2868
5/31/2006,1.2833
6/1/2006,1.2824
6/2/2006,1.2912
6/5/2006,1.2953
6/6/2006,1.2828
6/7/2006,1.2799
6/8/2006,1.2648
6/9/2006,1.2636
6/12/2006,1.2587
6/13/2006,1.2574
6/14/2006,1.2631
6/15/2006,1.2616
6/16/2006,1.2623
6/19/2006,1.2577
6/20/2006,1.2568
6/21/2006,1.2665
6/22/2006,1.2582
6/23/2006,1.2522
6/26/2006,1.2554
6/27/2006,1.2589
6/28/2006,1.2532
6/29/2006,1.2534
6/30/2006,1.2779
7/3/2006,1.2793
7/4/2006,#N/A
7/5/2006,1.2726
7/6/2006,1.2757
7/7/2006,1.2822
7/10/2006,1.2751
7/11/2006,1.2754
7/12/2006,1.2706
7/13/2006,1.2673
7/14/2006,1.2641
7/17/2006,1.2529
7/18/2006,1.2500
7/19/2006,1.2560
7/20/2006,1.2639
7/21/2006,1.2684
7/24/2006,1.2630
7/25/2006,1.2576
7/26/2006,1.2628
7/27/2006,1.2732
7/28/2006,1.2748
7/31/2006,1.2764
8/1/2006,1.2778
8/2/2006,1.2798
8/3/2006,1.2779
8/4/2006,1.2894
8/7/2006,1.2867
8/8/2006,1.2839
8/9/2006,1.2888
8/10/2006,1.2765
8/11/2006,1.2757
8/14/2006,1.2735
8/15/2006,1.2788
8/16/2006,1.2864
8/17/2006,1.2870
8/18/2006,1.2810
8/21/2006,1.2914
8/22/2006,1.2804
8/23/2006,1.2794
8/24/2006,1.2760
8/25/2006,1.2767
8/28/2006,1.2784
8/29/2006,1.2768
8/30/2006,1.2825
8/31/2006,1.2793
9/1/2006,1.2833
9/4/2006,#N/A
9/5/2006,1.2810
9/6/2006,1.2787
9/7/2006,1.2757
9/8/2006,1.2673
9/11/2006,1.2699
9/12/2006,1.2693
9/13/2006,1.2708
9/14/2006,1.2736
9/15/2006,1.2648
9/18/2006,1.2671
9/19/2006,1.2683
9/20/2006,1.2701
9/21/2006,1.2730
9/22/2006,1.2796
9/25/2006,1.2747
9/26/2006,1.2687
9/27/2006,1.2699
9/28/2006,1.2697
9/29/2006,1.2687
10/2/2006,1.2744
10/3/2006,1.2727
10/4/2006,1.2687
10/5/2006,1.2687
10/6/2006,1.2600
10/9/2006,#N/A
10/10/2006,1.2541
10/11/2006,1.2547
10/12/2006,1.2537
10/13/2006,1.2502
10/16/2006,1.2518
10/17/2006,1.2564
10/18/2006,1.2516
10/19/2006,1.2594
10/20/2006,1.2613
10/23/2006,1.2544
10/24/2006,1.2565
10/25/2006,1.2591
10/26/2006,1.2669
10/27/2006,1.2725
10/30/2006,1.2717
10/31/2006,1.2773
11/1/2006,1.2771
11/2/2006,1.2780
11/3/2006,1.2705
11/6/2006,1.2715
11/7/2006,1.2806
11/8/2006,1.2775
11/9/2006,1.2835
11/10/2006,1.2861
11/13/2006,1.2810
11/14/2006,1.2812
11/15/2006,1.2808
11/16/2006,1.2808
11/17/2006,1.2823
11/20/2006,1.2810
11/21/2006,1.2824
11/22/2006,1.2928
11/23/2006,#N/A
11/24/2006,1.3081
11/27/2006,1.3120
11/28/2006,1.3162
11/29/2006,1.3146
11/30/2006,1.3261
12/1/2006,1.3316
12/4/2006,1.3327
12/5/2006,1.3327
12/6/2006,1.3307
12/7/2006,1.3296
12/8/2006,1.3215
12/11/2006,1.3223
12/12/2006,1.3233
12/13/2006,1.3215
12/14/2006,1.3174
12/15/2006,1.3095
12/18/2006,1.3073
12/19/2006,1.3194
12/20/2006,1.3183
12/21/2006,1.3175
12/22/2006,1.3131
12/25/2006,#N/A
12/26/2006,1.3132
12/27/2006,1.3125
12/28/2006,1.3158
12/29/2006,1.3197
1/1/2007,#N/A
1/2/2007,1.3286
1/3/2007,1.3169
1/4/2007,1.3094
1/5/2007,1.3005
1/8/2007,1.3023
1/9/2007,1.2995
1/10/2007,1.2940
1/11/2007,1.2904
1/12/2007,1.2926
1/15/2007,#N/A
1/16/2007,1.2918
1/17/2007,1.2948
1/18/2007,1.2942
1/19/2007,1.2968
1/22/2007,1.2957
1/23/2007,1.3025
1/24/2007,1.2964
1/25/2007,1.2980
1/26/2007,1.2909
1/29/2007,1.2948
1/30/2007,1.2954
1/31/2007,1.2998
2/1/2007,1.3021
2/2/2007,1.2960
2/5/2007,1.2933
2/6/2007,1.2969
2/7/2007,1.3020
2/8/2007,1.3034
2/9/2007,1.3005
2/12/2007,1.2962
2/13/2007,1.3024
2/14/2007,1.3126
2/15/2007,1.3140
2/16/2007,1.3137
2/19/2007,#N/A
2/20/2007,1.3134
2/21/2007,1.3126
2/22/2007,1.3134
2/23/2007,1.3164
2/26/2007,1.3159
2/27/2007,1.3246
2/28/2007,1.3230
3/1/2007,1.3173
3/2/2007,1.3182
3/5/2007,1.3094
3/6/2007,1.3108
3/7/2007,1.3148
3/8/2007,1.3129
3/9/2007,1.3118
3/12/2007,1.3186
3/13/2007,1.3199
3/14/2007,1.3227
3/15/2007,1.3249
3/16/2007,1.3307
3/19/2007,1.3299
3/20/2007,1.3291
3/21/2007,1.3305
3/22/2007,1.3359
3/23/2007,1.3302
3/26/2007,1.3336
3/27/2007,1.3357
3/28/2007,1.3331
3/29/2007,1.3336
3/30/2007,1.3374
4/2/2007,1.3374
4/3/2007,1.3363
4/4/2007,1.3364
4/5/2007,1.3426
4/6/2007,1.3380
4/9/2007,1.3367
4/10/2007,1.3436
4/11/2007,1.3436
4/12/2007,1.3484
4/13/2007,1.3518
4/16/2007,1.3550
4/17/2007,1.3569
4/18/2007,1.3574
4/19/2007,1.3605
4/20/2007,1.3601
4/23/2007,1.3580
4/24/2007,1.3622
4/25/2007,1.3647
4/26/2007,1.3590
4/27/2007,1.3625
4/30/2007,1.3660
5/1/2007,1.3600
5/2/2007,1.3598
5/3/2007,1.3566
5/4/2007,1.3587
5/7/2007,1.3616
5/8/2007,1.3532
5/9/2007,1.3549
5/10/2007,1.3512
5/11/2007,1.3519
5/14/2007,1.3544
5/15/2007,1.3603
5/16/2007,1.3522
5/17/2007,1.3494
5/18/2007,1.3511
5/21/2007,1.3457
5/22/2007,1.3464
5/23/2007,1.3482
5/24/2007,1.3429
5/25/2007,1.3452
5/28/2007,#N/A
5/29/2007,1.3483
5/30/2007,1.3419
5/31/2007,1.3453
6/1/2007,1.3440
6/4/2007,1.3488
6/5/2007,1.3526
6/6/2007,1.3492
6/7/2007,1.3456
6/8/2007,1.3359
6/11/2007,1.3359
6/12/2007,1.3325
6/13/2007,1.3295
6/14/2007,1.3311
6/15/2007,1.3365
6/18/2007,1.3401
6/19/2007,1.3416
6/20/2007,1.3426
6/21/2007,1.3399
6/22/2007,1.3438
6/25/2007,1.3450
6/26/2007,1.3468
6/27/2007,1.3433
6/28/2007,1.3466
6/29/2007,1.3520
7/2/2007,1.3627
7/3/2007,1.3615
7/4/2007,#N/A
7/5/2007,1.3592
7/6/2007,1.3626
7/9/2007,1.3623
7/10/2007,1.3714
7/11/2007,1.3757
7/12/2007,1.3776
7/13/2007,1.3788
7/16/2007,1.3785
7/17/2007,1.3782
7/18/2007,1.3808
7/19/2007,1.3811
7/20/2007,1.3831
7/23/2007,1.3817
7/24/2007,1.3824
7/25/2007,1.3711
7/26/2007,1.3730
7/27/2007,1.3647
7/30/2007,1.3681
7/31/2007,1.3711
8/1/2007,1.3682
8/2/2007,1.3693
8/3/2007,1.3785
8/6/2007,1.3789
8/7/2007,1.3747
8/8/2007,1.3808
8/9/2007,1.3701
8/10/2007,1.3686
8/13/2007,1.3624
8/14/2007,1.3581
8/15/2007,1.3479
8/16/2007,1.3402
8/17/2007,1.3492
8/20/2007,1.3468
8/21/2007,1.3483
8/22/2007,1.3535
8/23/2007,1.3560
8/24/2007,1.3645
8/27/2007,1.3645
8/28/2007,1.3626
8/29/2007,1.3675
8/30/2007,1.3648
8/31/2007,1.3641
9/3/2007,1.3641
9/4/2007,1.3606
9/5/2007,1.3669
9/6/2007,1.3697
9/7/2007,1.3772
9/10/2007,1.3794
9/11/2007,1.3837
9/12/2007,1.3904
9/13/2007,1.3885
9/14/2007,1.3848
9/17/2007,1.3860
9/18/2007,1.3869
9/19/2007,1.3950
9/20/2007,1.4092
9/21/2007,1.4076
9/24/2007,1.4086
9/25/2007,1.4128
9/26/2007,1.4126
9/27/2007,1.4138
9/28/2007,1.4219
10/1/2007,1.4229
10/2/2007,1.4163
10/3/2007,1.4135
10/4/2007,1.4128
10/5/2007,1.4154
10/8/2007,1.4154
10/9/2007,1.4092
10/10/2007,1.4157
10/11/2007,1.4228
10/12/2007,1.4168
10/15/2007,1.4216
10/16/2007,1.4165
10/17/2007,1.4208
10/18/2007,1.4291
10/19/2007,1.4263
10/22/2007,1.4138
10/23/2007,1.4248
10/24/2007,1.4237
10/25/2007,1.4299
10/26/2007,1.4390
10/29/2007,1.4405
10/30/2007,1.4424
10/31/2007,1.4468
11/1/2007,1.4435
11/2/2007,1.4481
11/5/2007,1.4469
11/6/2007,1.4555
11/7/2007,1.4667
11/8/2007,1.4691
11/9/2007,1.4665
11/12/2007,#N/A
11/13/2007,1.4598
11/14/2007,1.4670
11/15/2007,1.4639
11/16/2007,1.4652
11/19/2007,1.4658
11/20/2007,1.4787
11/21/2007,1.4829
11/22/2007,1.4829
11/23/2007,1.4825
11/26/2007,1.4862
11/27/2007,1.4817
11/28/2007,1.4750
11/29/2007,1.4766
11/30/2007,1.4688
12/3/2007,1.4657
12/4/2007,1.4759
12/5/2007,1.4666
12/6/2007,1.4638
12/7/2007,1.4664
12/10/2007,1.4714
12/11/2007,1.4702
12/12/2007,1.4702
12/13/2007,1.4591
12/14/2007,1.4433
12/17/2007,1.4369
12/18/2007,1.4392
12/19/2007,1.4344
12/20/2007,1.4353
12/21/2007,1.4361
12/24/2007,1.4409
12/25/2007,#N/A
12/26/2007,1.4500
12/27/2007,1.4601
12/28/2007,1.4718
12/31/2007,1.4603
1/1/2008,#N/A
1/2/2008,1.4738
1/3/2008,1.4736
1/4/2008,1.4786
1/7/2008,1.4684
1/8/2008,1.4717
1/9/2008,1.4663
1/10/2008,1.4740
1/11/2008,1.4787
1/14/2008,1.4877
1/15/2008,1.4842
1/16/2008,1.4643
1/17/2008,1.4690
1/18/2008,1.4616
1/21/2008,#N/A
1/22/2008,1.4609
1/23/2008,1.4574
1/24/2008,1.4737
1/25/2008,1.4673
1/28/2008,1.4789
1/29/2008,1.4767
1/30/2008,1.4782
1/31/2008,1.4841
2/1/2008,1.4851
2/4/2008,1.4832
2/5/2008,1.4638
2/6/2008,1.4647
2/7/2008,1.4495
2/8/2008,1.4505
2/11/2008,1.4506
2/12/2008,1.4592
2/13/2008,1.4569
2/14/2008,1.4635
2/15/2008,1.4674
2/18/2008,#N/A
2/19/2008,1.4742
2/20/2008,1.4663
2/21/2008,1.4813
2/22/2008,1.4825
2/25/2008,1.4822
2/26/2008,1.4889
2/27/2008,1.5132
2/28/2008,1.5172
2/29/2008,1.5187
3/3/2008,1.5195
3/4/2008,1.5210
3/5/2008,1.5282
3/6/2008,1.5356
3/7/2008,1.5333
3/10/2008,1.5369
3/11/2008,1.5329
3/12/2008,1.5495
3/13/2008,1.5584
3/14/2008,1.5604
3/17/2008,1.5765
3/18/2008,1.5784
3/19/2008,1.5642
3/20/2008,1.5417
3/21/2008,1.5447
3/24/2008,1.5394
3/25/2008,1.5595
3/26/2008,1.5761
3/27/2008,1.5798
3/28/2008,1.5759
3/31/2008,1.5805
4/1/2008,1.5615
4/2/2008,1.5618
4/3/2008,1.5667
4/4/2008,1.5735
4/7/2008,1.5713
4/8/2008,1.5705
4/9/2008,1.5804
4/10/2008,1.5744
4/11/2008,1.5796
4/14/2008,1.5827
4/15/2008,1.5801
4/16/2008,1.5978
4/17/2008,1.5924
4/18/2008,1.5742
4/21/2008,1.5881
4/22/2008,1.6010
4/23/2008,1.5898
4/24/2008,1.5668
4/25/2008,1.5634
4/28/2008,1.5648
4/29/2008,1.5604
4/30/2008,1.5568
5/1/2008,1.5458
5/2/2008,1.5431
5/5/2008,1.5491
5/6/2008,1.5548
5/7/2008,1.5370
5/8/2008,1.5409
5/9/2008,1.5447
5/12/2008,1.5536
5/13/2008,1.5509
5/14/2008,1.5467
5/15/2008,1.5492
5/16/2008,1.5591
5/19/2008,1.5516
5/20/2008,1.5667
5/21/2008,1.5772
5/22/2008,1.5703
5/23/2008,1.5784
5/26/2008,#N/A
5/27/2008,1.5731
5/28/2008,1.5628
5/29/2008,1.5527
5/30/2008,1.5560
6/2/2008,1.5550
6/3/2008,1.5454
6/4/2008,1.5453
6/5/2008,1.5560
6/6/2008,1.5731
6/9/2008,1.5718
6/10/2008,1.5473
6/11/2008,1.5562
6/12/2008,1.5418
6/13/2008,1.5368
6/16/2008,1.5472
6/17/2008,1.5519
6/18/2008,1.5502
6/19/2008,1.5502
6/20/2008,1.5626
6/23/2008,1.5492
6/24/2008,1.5591
6/25/2008,1.5570
6/26/2008,1.5738
6/27/2008,1.5749
6/30/2008,1.5748
7/1/2008,1.5778
7/2/2008,1.5869
7/3/2008,1.5708
7/4/2008,#N/A
7/7/2008,1.5646
7/8/2008,1.5653
7/9/2008,1.5744
7/10/2008,1.5771
7/11/2008,1.5898
7/14/2008,1.5914
7/15/2008,1.5923
7/16/2008,1.5847
7/17/2008,1.5861
7/18/2008,1.5855
7/21/2008,1.5877
7/22/2008,1.5811
7/23/2008,1.5708
7/24/2008,1.5657
7/25/2008,1.5687
7/28/2008,1.5747
7/29/2008,1.5588
7/30/2008,1.5559
7/31/2008,1.5589
8/1/2008,1.5567
8/4/2008,1.5569
8/5/2008,1.5468
8/6/2008,1.5409
8/7/2008,1.5341
8/8/2008,1.5047
8/11/2008,1.4958
8/12/2008,1.4905
8/13/2008,1.4895
8/14/2008,1.4856
8/15/2008,1.4695
8/18/2008,1.4730
8/19/2008,1.4746
8/20/2008,1.4701
8/21/2008,1.4875
8/22/2008,1.4800
8/25/2008,1.4803
8/26/2008,1.4660
8/27/2008,1.4684
8/28/2008,1.4685
8/29/2008,1.4669
9/1/2008,#N/A
9/2/2008,1.4522
9/3/2008,1.4489
9/4/2008,1.4360
9/5/2008,1.4273
9/8/2008,1.4126
9/9/2008,1.4173
9/10/2008,1.4020
9/11/2008,1.3939
9/12/2008,1.4172
9/15/2008,1.4175
9/16/2008,1.4155
9/17/2008,1.4215
9/18/2008,1.4382
9/19/2008,1.4384
9/22/2008,1.4697
9/23/2008,1.4737
9/24/2008,1.4655
9/25/2008,1.4643
9/26/2008,1.4596
9/29/2008,1.4381
9/30/2008,1.4081
10/1/2008,1.4058
10/2/2008,1.3854
10/3/2008,1.3816
10/6/2008,1.3508
10/7/2008,1.3649
10/8/2008,1.3680
10/9/2008,1.3646
10/10/2008,1.3471
10/13/2008,#N/A
10/14/2008,1.3658
10/15/2008,1.3567
10/16/2008,1.3416
10/17/2008,1.3462
10/20/2008,1.3314
10/21/2008,1.3102
10/22/2008,1.2835
10/23/2008,1.2878
10/24/2008,1.2639
10/27/2008,1.2446
10/28/2008,1.2476
10/29/2008,1.2851
10/30/2008,1.2850
10/31/2008,1.2682
11/3/2008,1.2719
11/4/2008,1.3021
11/5/2008,1.3039
11/6/2008,1.2756
11/7/2008,1.2777
11/10/2008,1.2760
11/11/2008,#N/A
11/12/2008,1.2558
11/13/2008,1.2526
11/14/2008,1.2731
11/17/2008,1.2726
11/18/2008,1.2690
11/19/2008,1.2595
11/20/2008,1.2525
11/21/2008,1.2531
11/24/2008,1.2890
11/25/2008,1.3030
11/26/2008,1.2828
11/27/2008,#N/A
11/28/2008,1.2694
12/1/2008,1.2634
12/2/2008,1.2724
12/3/2008,1.2669
12/4/2008,1.2840
12/5/2008,1.2654
12/8/2008,1.2942
12/9/2008,1.2937
12/10/2008,1.3024
12/11/2008,1.3294
12/12/2008,1.3349
12/15/2008,1.3664
12/16/2008,1.3810
12/17/2008,1.4358
12/18/2008,1.4298
12/19/2008,1.3875
12/22/2008,1.3952
12/23/2008,1.3966
12/24/2008,1.3964
12/25/2008,#N/A
12/26/2008,1.4062
12/29/2008,1.4232
12/30/2008,1.4085
12/31/2008,1.3919
1/1/2009,#N/A
1/2/2009,1.3946
1/5/2009,1.3576
1/6/2009,1.3445
1/7/2009,1.3718
1/8/2009,1.3714
1/9/2009,1.3495
1/12/2009,1.3347
1/13/2009,1.3198
1/14/2009,1.3174
1/15/2009,1.3094
1/16/2009,1.3244
1/19/2009,#N/A
1/20/2009,1.2946
1/21/2009,1.2870
1/22/2009,1.2955
1/23/2009,1.2849
1/26/2009,1.3123
1/27/2009,1.3159
1/28/2009,1.3244
1/29/2009,1.2988
1/30/2009,1.2804
2/2/2009,1.2808
2/3/2009,1.3010
2/4/2009,1.2857
2/5/2009,1.2838
2/6/2009,1.2874
2/9/2009,1.3064
2/10/2009,1.2966
2/11/2009,1.2893
2/12/2009,1.2822
2/13/2009,1.2879
2/16/2009,#N/A
2/17/2009,1.2571
2/18/2009,1.2547
2/19/2009,1.2675
2/20/2009,1.2690
2/23/2009,1.2747
2/24/2009,1.2742
2/25/2009,1.2731
2/26/2009,1.2764
2/27/2009,1.2662
3/2/2009,1.2580
3/3/2009,1.2549
3/4/2009,1.2607
3/5/2009,1.2565
3/6/2009,1.2674
3/9/2009,1.2636
3/10/2009,1.2752
3/11/2009,1.2774
3/12/2009,1.2799
3/13/2009,1.2891
3/16/2009,1.2997
3/17/2009,1.2972
3/18/2009,1.3110
3/19/2009,1.3730
3/20/2009,1.3566
3/23/2009,1.3569
3/24/2009,1.3524
3/25/2009,1.3539
3/26/2009,1.3560
3/27/2009,1.3306
3/30/2009,1.3146
3/31/2009,1.3261
4/1/2009,1.3223
4/2/2009,1.3458
4/3/2009,1.3447
4/6/2009,1.3363
4/7/2009,1.3282
4/8/2009,1.3288
4/9/2009,1.3149
4/10/2009,1.3143
4/13/2009,1.3354
4/14/2009,1.3277
4/15/2009,1.3182
4/16/2009,1.3197
4/17/2009,1.3030
4/20/2009,1.2903
4/21/2009,1.2978
4/22/2009,1.3012
4/23/2009,1.3048
4/24/2009,1.3277
4/27/2009,1.3136
4/28/2009,1.3061
4/29/2009,1.3324
4/30/2009,1.3244
5/1/2009,1.3267
5/4/2009,1.3365
5/5/2009,1.3375
5/6/2009,1.3313
5/7/2009,1.3411
5/8/2009,1.3494
5/11/2009,1.3620
5/12/2009,1.3638
5/13/2009,1.3612
5/14/2009,1.3608
5/15/2009,1.3539
5/18/2009,1.3503
5/19/2009,1.3608
5/20/2009,1.3765
5/21/2009,1.3804
5/22/2009,1.4005
5/25/2009,#N/A
5/26/2009,1.3992
5/27/2009,1.3924
5/28/2009,1.3948
5/29/2009,1.4126
6/1/2009,1.4192
6/2/2009,1.4270
6/3/2009,1.4194
6/4/2009,1.4187
6/5/2009,1.3990
6/8/2009,1.3884
6/9/2009,1.4014
6/10/2009,1.3983
6/11/2009,1.4093
6/12/2009,1.4040
6/15/2009,1.3784
6/16/2009,1.3878
6/17/2009,1.3850
6/18/2009,1.3978
6/19/2009,1.3998
6/22/2009,1.3846
6/23/2009,1.4035
6/24/2009,1.4015
6/25/2009,1.3953
6/26/2009,1.4056
6/29/2009,1.4058
6/30/2009,1.4020
7/1/2009,1.4186
7/2/2009,1.4018
7/3/2009,1.3991
7/6/2009,1.3938
7/7/2009,1.3965
7/8/2009,1.3852
7/9/2009,1.4026
7/10/2009,1.3926
7/13/2009,1.3973
7/14/2009,1.3971
7/15/2009,1.4116
7/16/2009,1.4115
7/17/2009,1.4120
7/20/2009,1.4211
7/21/2009,1.4196
7/22/2009,1.4220
7/23/2009,1.4266
7/24/2009,1.4213
7/27/2009,1.4212
7/28/2009,1.4215
7/29/2009,1.4033
7/30/2009,1.4066
7/31/2009,1.4279
8/3/2009,1.4416
8/4/2009,1.4400
8/5/2009,1.4391
8/6/2009,1.4357
8/7/2009,1.4180
8/10/2009,1.4143
8/11/2009,1.4141
8/12/2009,1.4215
8/13/2009,1.4283
8/14/2009,1.4216
8/17/2009,1.4088
8/18/2009,1.4075
8/19/2009,1.4262
8/20/2009,1.4235
8/21/2009,1.4305
8/24/2009,1.4320
8/25/2009,1.4350
8/26/2009,1.4230
8/27/2009,1.4272
8/28/2009,1.4358
8/31/2009,1.4354
9/1/2009,1.4235
9/2/2009,1.4246
9/3/2009,1.4278
9/4/2009,1.4278
9/7/2009,#N/A
9/8/2009,1.4497
9/9/2009,1.4573
9/10/2009,1.4568
9/11/2009,1.4586
9/14/2009,1.4613
9/15/2009,1.4617
9/16/2009,1.4698
9/17/2009,1.4735
9/18/2009,1.4704
9/21/2009,1.4692
9/22/2009,1.4795
9/23/2009,1.4752
9/24/2009,1.4696
9/25/2009,1.4682
9/28/2009,1.4650
9/29/2009,1.4553
9/30/2009,1.4630
10/1/2009,1.4532
10/2/2009,1.4590
10/5/2009,1.4647
10/6/2009,1.4744
10/7/2009,1.4675
10/8/2009,1.4777
10/9/2009,1.4715
10/12/2009,#N/A
10/13/2009,1.4839
10/14/2009,1.4899
10/15/2009,1.4945
10/16/2009,1.4889
10/19/2009,1.4947
10/20/2009,1.4905
10/21/2009,1.5009
10/22/2009,1.5003
10/23/2009,1.5029
10/26/2009,1.4941
10/27/2009,1.4821
10/28/2009,1.4763
10/29/2009,1.4819
10/30/2009,1.4755
11/2/2009,1.4828
11/3/2009,1.4658
11/4/2009,1.4836
11/5/2009,1.4857
11/6/2009,1.4835
11/9/2009,1.4999
11/10/2009,1.4960
11/11/2009,#N/A
11/12/2009,1.4865
11/13/2009,1.4886
11/16/2009,1.4977
11/17/2009,1.4830
11/18/2009,1.4990
11/19/2009,1.4905
11/20/2009,1.4870
11/23/2009,1.4968
11/24/2009,1.4937
11/25/2009,1.5085
11/26/2009,#N/A
11/27/2009,1.4963
11/30/2009,1.4994
12/1/2009,1.5100
12/2/2009,1.5059
12/3/2009,1.5081
12/4/2009,1.4885
12/7/2009,1.4820
12/8/2009,1.4741
12/9/2009,1.4725
12/10/2009,1.4716
12/11/2009,1.4601
12/14/2009,1.4645
12/15/2009,1.4514
12/16/2009,1.4577
12/17/2009,1.4317
12/18/2009,1.4281
12/21/2009,1.4319
12/22/2009,1.4243
12/23/2009,1.4341
12/24/2009,1.4367
12/25/2009,#N/A
12/28/2009,1.4392
12/29/2009,1.4356
12/30/2009,1.4316
12/31/2009,1.4332
1/1/2010,#N/A
1/4/2010,1.4419
1/5/2010,1.4402
1/6/2010,1.4404
1/7/2010,1.4314
1/8/2010,1.4357
1/11/2010,1.4536
1/12/2010,1.4523
1/13/2010,1.4492
1/14/2010,1.4478
1/15/2010,1.4376
1/18/2010,#N/A
1/19/2010,1.4269
1/20/2010,1.4094
1/21/2010,1.4106
1/22/2010,1.4154
1/25/2010,1.4146
1/26/2010,1.4063
1/27/2010,1.4053
1/28/2010,1.3993
1/29/2010,1.3870
2/1/2010,1.3904
2/2/2010,1.3955
2/3/2010,1.3907
2/4/2010,1.3759
2/5/2010,1.3608
2/8/2010,1.3699
2/9/2010,1.3795
2/10/2010,1.3722
2/11/2010,1.3640
2/12/2010,1.3625
2/15/2010,#N/A
2/16/2010,1.3742
2/17/2010,1.3623
2/18/2010,1.3563
2/19/2010,1.3538
2/22/2010,1.3590
2/23/2010,1.3537
2/24/2010,1.3576
2/25/2010,1.3476
2/26/2010,1.3660
3/1/2010,1.3516
3/2/2010,1.3564
3/3/2010,1.3731
3/4/2010,1.3571
3/5/2010,1.3608
3/8/2010,1.3613
3/9/2010,1.3586
3/10/2010,1.3658
3/11/2010,1.3674
3/12/2010,1.3753
3/15/2010,1.3652
3/16/2010,1.3758
3/17/2010,1.3739
3/18/2010,1.3603
3/19/2010,1.3530
3/22/2010,1.3531
3/23/2010,1.3535
3/24/2010,1.3347
3/25/2010,1.3344
3/26/2010,1.3398
3/29/2010,1.3465
3/30/2010,1.3409
3/31/2010,1.3526
4/1/2010,1.3569
4/2/2010,1.3487
4/5/2010,1.3486
4/6/2010,1.3378
4/7/2010,1.3364
4/8/2010,1.3360
4/9/2010,1.3468
4/12/2010,1.3587
4/13/2010,1.3592
4/14/2010,1.3666
4/15/2010,1.3540
4/16/2010,1.3487
4/19/2010,1.3458
4/20/2010,1.3446
4/21/2010,1.3383
4/22/2010,1.3298
4/23/2010,1.3360
4/26/2010,1.3336
4/27/2010,1.3230
4/28/2010,1.3130
4/29/2010,1.3243
4/30/2010,1.3302
5/3/2010,1.3183
5/4/2010,1.3037
5/5/2010,1.2890
5/6/2010,1.2689
5/7/2010,1.2721
5/10/2010,1.2861
5/11/2010,1.2715
5/12/2010,1.2642
5/13/2010,1.2568
5/14/2010,1.2390
5/17/2010,1.2299
5/18/2010,1.2358
5/19/2010,1.2317
5/20/2010,1.2370
5/21/2010,1.2575
5/24/2010,1.2406
5/25/2010,1.2279
5/26/2010,1.2224
5/27/2010,1.2370
5/28/2010,1.2369
5/31/2010,#N/A
6/1/2010,1.2266
6/2/2010,1.2206
6/3/2010,1.2193
6/4/2010,1.1998
6/7/2010,1.1959
6/8/2010,1.1995
6/9/2010,1.2045
6/10/2010,1.2111
6/11/2010,1.2077
6/14/2010,1.2277
6/15/2010,1.2327
6/16/2010,1.2323
6/17/2010,1.2365
6/18/2010,1.2360
6/21/2010,1.2385
6/22/2010,1.2303
6/23/2010,1.2310
6/24/2010,1.2288
6/25/2010,1.2332
6/28/2010,1.2316
6/29/2010,1.2187
6/30/2010,1.2291
7/1/2010,1.2464
7/2/2010,1.2577
7/5/2010,#N/A
7/6/2010,1.2646
7/7/2010,1.2594
7/8/2010,1.2683
7/9/2010,1.2639
7/12/2010,1.2573
7/13/2010,1.2719
7/14/2010,1.2755
7/15/2010,1.2893
7/16/2010,1.2919
7/19/2010,1.2963
7/20/2010,1.2905
7/21/2010,1.2818
7/22/2010,1.2903
7/23/2010,1.2874
7/26/2010,1.2983
7/27/2010,1.2983
7/28/2010,1.2998
7/29/2010,1.3064
7/30/2010,1.3069
8/2/2010,1.3174
8/3/2010,1.3239
8/4/2010,1.3158
8/5/2010,1.3157
8/6/2010,1.3282
8/9/2010,1.3241
8/10/2010,1.3095
8/11/2010,1.2899
8/12/2010,1.2866
8/13/2010,1.2767
8/16/2010,1.2838
8/17/2010,1.2890
8/18/2010,1.2872
8/19/2010,1.2837
8/20/2010,1.2687
8/23/2010,1.2663
8/24/2010,1.2675
8/25/2010,1.2652
8/26/2010,1.2717
8/27/2010,1.2765
8/30/2010,1.2686
8/31/2010,1.2704
9/1/2010,1.2813
9/2/2010,1.2824
9/3/2010,1.2885
9/6/2010,#N/A
9/7/2010,1.2723
9/8/2010,1.2727
9/9/2010,1.2708
9/10/2010,1.2731
9/13/2010,1.2890
9/14/2010,1.3014
9/15/2010,1.3008
9/16/2010,1.3079
9/17/2010,1.3046
9/20/2010,1.3074
9/21/2010,1.3136
9/22/2010,1.3385
9/23/2010,1.3344
9/24/2010,1.3476
9/27/2010,1.3475
9/28/2010,1.3583
9/29/2010,1.3638
9/30/2010,1.3601
10/1/2010,1.3754
10/4/2010,1.3688
10/5/2010,1.3834
10/6/2010,1.3924
10/7/2010,1.3921
10/8/2010,1.3923
10/11/2010,#N/A
10/12/2010,1.3846
10/13/2010,1.3964
10/14/2010,1.4066
10/15/2010,1.3998
10/18/2010,1.3978
10/19/2010,1.3827
10/20/2010,1.3949
10/21/2010,1.3973
10/22/2010,1.3904
10/25/2010,1.3986
10/26/2010,1.3873
10/27/2010,1.3788
10/28/2010,1.3929
10/29/2010,1.3894
11/1/2010,1.3888
11/2/2010,1.4026
11/3/2010,1.4014
11/4/2010,1.4224
11/5/2010,1.4033
11/8/2010,1.3927
11/9/2010,1.3865
11/10/2010,1.3728
11/11/2010,#N/A
11/12/2010,1.3700
11/15/2010,1.3615
11/16/2010,1.3517
11/17/2010,1.3555
11/18/2010,1.3618
11/19/2010,1.3654
11/22/2010,1.3612
11/23/2010,1.3388
11/24/2010,1.3350
11/25/2010,#N/A
11/26/2010,1.3243
11/29/2010,1.3092
11/30/2010,1.3036
12/1/2010,1.3149
12/2/2010,1.3228
12/3/2010,1.3367
12/6/2010,1.3275
12/7/2010,1.3323
12/8/2010,1.3242
12/9/2010,1.3206
12/10/2010,1.3242
12/13/2010,1.3389
12/14/2010,1.3395
12/15/2010,1.3306
12/16/2010,1.3206
12/17/2010,1.3155
12/20/2010,1.3124
12/21/2010,1.3131
12/22/2010,1.3089
12/23/2010,1.3101
12/24/2010,#N/A
12/27/2010,1.3146
12/28/2010,1.3122
12/29/2010,1.3183
12/30/2010,1.3269
12/31/2010,#N/A
1/3/2011,1.3371
1/4/2011,1.3306
1/5/2011,1.3171
1/6/2011,1.3027
1/7/2011,1.2944
1/10/2011,1.2945
1/11/2011,1.2978
1/12/2011,1.3066
1/13/2011,1.3364
1/14/2011,1.3328
1/17/2011,#N/A
1/18/2011,1.3399
1/19/2011,1.3495
1/20/2011,1.3443
1/21/2011,1.3581
1/24/2011,1.3653
1/25/2011,1.3644
1/26/2011,1.3688
1/27/2011,1.3688
1/28/2011,1.3607
1/31/2011,1.3715
2/1/2011,1.3793
2/2/2011,1.3779
2/3/2011,1.3654
2/4/2011,1.3584
2/7/2011,1.3557
2/8/2011,1.3687
2/9/2011,1.3688
2/10/2011,1.3637
2/11/2011,1.3520
2/14/2011,1.3474
2/15/2011,1.3494
2/16/2011,1.3547
2/17/2011,1.3612
2/18/2011,1.3673
2/21/2011,#N/A
2/22/2011,1.3661
2/23/2011,1.3758
2/24/2011,1.3794
2/25/2011,1.3757
2/28/2011,1.3793
3/1/2011,1.3813
3/2/2011,1.3869
3/3/2011,1.3947
3/4/2011,1.3983
3/7/2011,1.3976
3/8/2011,1.3912
3/9/2011,1.3906
3/10/2011,1.3823
3/11/2011,1.3864
3/14/2011,1.3975
3/15/2011,1.3968
3/16/2011,1.3922
3/17/2011,1.4021
3/18/2011,1.4141
3/21/2011,1.4184
3/22/2011,1.4212
3/23/2011,1.4124
3/24/2011,1.4200
3/25/2011,1.4144
3/28/2011,1.4104
3/29/2011,1.4090
3/30/2011,1.4095
3/31/2011,1.4183
4/1/2011,1.4215
4/4/2011,1.4221
4/5/2011,1.4230
4/6/2011,1.4333
4/7/2011,1.4287
4/8/2011,1.4437
4/11/2011,1.4454
4/12/2011,1.4455
4/13/2011,1.4477
4/14/2011,1.4464
4/15/2011,1.4443
4/18/2011,1.4211
4/19/2011,1.4319
4/20/2011,1.4513
4/21/2011,1.4585
4/22/2011,1.4545
4/25/2011,1.4576
4/26/2011,1.4625
4/27/2011,1.4659
4/28/2011,1.4785
4/29/2011,1.4821
5/2/2011,1.4870
5/3/2011,1.4875
5/4/2011,1.4859
5/5/2011,1.4583
5/6/2011,1.4495
5/9/2011,1.4301
5/10/2011,1.4358
5/11/2011,1.4269
5/12/2011,1.4229
5/13/2011,1.4141
5/16/2011,1.4219
5/17/2011,1.4155
5/18/2011,1.4270
5/19/2011,1.4254
5/20/2011,1.4172
5/23/2011,1.4015
5/24/2011,1.4107
5/25/2011,1.4102
5/26/2011,1.4088
5/27/2011,1.4287
5/30/2011,#N/A
5/31/2011,1.4376
6/1/2011,1.4431
6/2/2011,1.4426
6/3/2011,1.4604
6/6/2011,1.4620
6/7/2011,1.4675
6/8/2011,1.4587
6/9/2011,1.4534
6/10/2011,1.4365
6/13/2011,1.4368
6/14/2011,1.4473
6/15/2011,1.4221
6/16/2011,1.4155
6/17/2011,1.4326
6/20/2011,1.4320
6/21/2011,1.4399
6/22/2011,1.4403
6/23/2011,1.4166
6/24/2011,1.4189
6/27/2011,1.4282
6/28/2011,1.4368
6/29/2011,1.4428
6/30/2011,1.4523
7/1/2011,1.4508
7/4/2011,#N/A
7/5/2011,1.4470
7/6/2011,1.4329
7/7/2011,1.4349
7/8/2011,1.4251
7/11/2011,1.4034
7/12/2011,1.4014
7/13/2011,1.4167
7/14/2011,1.4182
7/15/2011,1.4156
7/18/2011,1.4042
7/19/2011,1.4156
7/20/2011,1.4188
7/21/2011,1.4372
7/22/2011,1.4366
7/25/2011,1.4357
7/26/2011,1.4495
7/27/2011,1.4373
7/28/2011,1.4303
7/29/2011,1.4388
8/1/2011,1.4202
8/2/2011,1.4232
8/3/2011,1.4320
8/4/2011,1.4158
8/5/2011,1.4158
8/8/2011,1.4241
8/9/2011,1.4242
8/10/2011,1.4193
8/11/2011,1.4230
8/12/2011,1.4239
8/15/2011,1.4452
8/16/2011,1.4421
8/17/2011,1.4436
8/18/2011,1.4320
8/19/2011,1.4408
8/22/2011,1.4384
8/23/2011,1.4431
8/24/2011,1.4402
8/25/2011,1.4380
8/26/2011,1.4463
8/29/2011,1.4510
8/30/2011,1.4435
8/31/2011,1.4406
9/1/2011,1.4283
9/2/2011,1.4203
9/5/2011,#N/A
9/6/2011,1.3999
9/7/2011,1.4058
9/8/2011,1.3947
9/9/2011,1.3666
9/12/2011,1.3635
9/13/2011,1.3680
9/14/2011,1.3710
9/15/2011,1.3858
9/16/2011,1.3783
9/19/2011,1.3636
9/20/2011,1.3697
9/21/2011,1.3724
9/22/2011,1.3446
9/23/2011,1.3518
9/26/2011,1.3516
9/27/2011,1.3606
9/28/2011,1.3628
9/29/2011,1.3639
9/30/2011,1.3449
10/3/2011,1.3281
10/4/2011,1.3294
10/5/2011,1.3328
10/6/2011,1.3408
10/7/2011,1.3512
10/10/2011,#N/A
10/11/2011,1.3657
10/12/2011,1.3805
10/13/2011,1.3730
10/14/2011,1.3861
10/17/2011,1.3770
10/18/2011,1.3719
10/19/2011,1.3775
10/20/2011,1.3672
10/21/2011,1.3873
10/24/2011,1.3932
10/25/2011,1.3911
10/26/2011,1.3838
10/27/2011,1.4172
10/28/2011,1.4164
10/31/2011,1.3947
11/1/2011,1.3676
11/2/2011,1.3803
11/3/2011,1.3744
11/4/2011,1.3761
11/7/2011,1.3744
11/8/2011,1.3785
11/9/2011,1.3596
11/10/2011,1.3600
11/11/2011,#N/A
11/14/2011,1.3625
11/15/2011,1.3524
11/16/2011,1.3505
11/17/2011,1.3522
11/18/2011,1.3521
11/21/2011,1.3525
11/22/2011,1.3500
11/23/2011,1.3347
11/24/2011,#N/A
11/25/2011,1.3244
11/28/2011,1.3334
11/29/2011,1.3343
11/30/2011,1.3453
12/1/2011,1.3487
12/2/2011,1.3386
12/5/2011,1.3463
12/6/2011,1.3397
12/7/2011,1.3386
12/8/2011,1.3324
12/9/2011,1.3368
12/12/2011,1.3188
12/13/2011,1.3094
12/14/2011,1.2972
12/15/2011,1.3013
12/16/2011,1.3025
12/19/2011,1.3017
12/20/2011,1.3076
12/21/2011,1.3040
12/22/2011,1.3045
12/23/2011,1.3040
12/26/2011,#N/A
12/27/2011,1.3074
12/28/2011,1.2926
12/29/2011,1.2952
12/30/2011,1.2973
1/2/2012,#N/A
1/3/2012,1.3061
1/4/2012,1.2930
1/5/2012,1.2783
1/6/2012,1.2723
1/9/2012,1.2745
1/10/2012,1.2782
1/11/2012,1.2686
1/12/2012,1.2818
1/13/2012,1.2682
1/16/2012,#N/A
1/17/2012,1.2740
1/18/2012,1.2825
1/19/2012,1.2937
1/20/2012,1.2948
1/23/2012,1.3035
1/24/2012,1.3004
1/25/2012,1.2978
1/26/2012,1.3152
1/27/2012,1.3192
1/30/2012,1.3123
1/31/2012,1.3053
2/1/2012,1.3179
2/2/2012,1.3167
2/3/2012,1.3106
2/6/2012,1.3130
2/7/2012,1.3244
2/8/2012,1.3253
2/9/2012,1.3297
2/10/2012,1.3187
2/13/2012,1.3211
2/14/2012,1.3149
2/15/2012,1.3087
2/16/2012,1.3110
2/17/2012,1.3149
2/20/2012,#N/A
2/21/2012,1.3255
2/22/2012,1.3251
2/23/2012,1.3308
2/24/2012,1.3463
2/27/2012,1.3410
2/28/2012,1.3452
2/29/2012,1.3359
3/1/2012,1.3320
3/2/2012,1.3202
3/5/2012,1.3226
3/6/2012,1.3114
3/7/2012,1.3149
3/8/2012,1.3256
3/9/2012,1.3108
3/12/2012,1.3141
3/13/2012,1.3109
3/14/2012,1.3025
3/15/2012,1.3070
3/16/2012,1.3171
3/19/2012,1.3242
3/20/2012,1.3222
3/21/2012,1.3190
3/22/2012,1.3194
3/23/2012,1.3263
3/26/2012,1.3328
3/27/2012,1.3336
3/28/2012,1.3300
3/29/2012,1.3265
3/30/2012,1.3334
4/2/2012,1.3325
4/3/2012,1.3337
4/4/2012,1.3126
4/5/2012,1.3064
4/6/2012,1.3089
4/9/2012,1.3087
4/10/2012,1.3068
4/11/2012,1.3104
4/12/2012,1.3171
4/13/2012,1.3082
4/16/2012,1.3067
4/17/2012,1.3123
4/18/2012,1.3122
4/19/2012,1.3132
4/20/2012,1.3212
4/23/2012,1.3129
4/24/2012,1.3207
4/25/2012,1.3210
4/26/2012,1.3232
4/27/2012,1.3248
4/30/2012,1.3229
5/1/2012,1.3226
5/2/2012,1.3154
5/3/2012,1.3147
5/4/2012,1.3091
5/7/2012,1.3052
5/8/2012,1.3015
5/9/2012,1.2954
5/10/2012,1.2959
5/11/2012,1.2937
5/14/2012,1.2847
5/15/2012,1.2769
5/16/2012,1.2730
5/17/2012,1.2709
5/18/2012,1.2721
5/21/2012,1.2769
5/22/2012,1.2735
5/23/2012,1.2569
5/24/2012,1.2583
5/25/2012,1.2518
5/28/2012,#N/A
5/29/2012,1.2488
5/30/2012,1.2405
5/31/2012,1.2364
6/1/2012,1.2420
6/4/2012,1.2495
6/5/2012,1.2437
6/6/2012,1.2535
6/7/2012,1.2568
6/8/2012,1.2482
6/11/2012,1.2504
6/12/2012,1.2477
6/13/2012,1.2596
6/14/2012,1.2608
6/15/2012,1.2633
6/18/2012,1.2578
6/19/2012,1.2692
6/20/2012,1.2703
6/21/2012,1.2586
6/22/2012,1.2545
6/25/2012,1.2480
6/26/2012,1.2471
6/27/2012,1.2457
6/28/2012,1.2433
6/29/2012,1.2668
7/2/2012,1.2584
7/3/2012,1.2620
7/4/2012,#N/A
7/5/2012,1.2384
7/6/2012,1.2283
7/9/2012,1.2299
7/10/2012,1.2255
7/11/2012,1.2244
7/12/2012,1.2199
7/13/2012,1.2232
7/16/2012,1.2267
7/17/2012,1.2234
7/18/2012,1.2261
7/19/2012,1.2257
7/20/2012,1.2176
7/23/2012,1.2126
7/24/2012,1.2062
7/25/2012,1.2132
7/26/2012,1.2280
7/27/2012,1.2370
7/30/2012,1.2250
7/31/2012,1.2315
8/1/2012,1.2299
8/2/2012,1.2149
8/3/2012,1.2390
8/6/2012,1.2422
8/7/2012,1.2422
8/8/2012,1.2364
8/9/2012,1.2278
8/10/2012,1.2298
8/13/2012,1.2339
8/14/2012,1.2329
8/15/2012,1.2288
8/16/2012,1.2356
8/17/2012,1.2315
8/20/2012,1.2343
8/21/2012,1.2472
8/22/2012,1.2472
8/23/2012,1.2583
8/24/2012,1.2533
8/27/2012,1.2514
8/28/2012,1.2564
8/29/2012,1.2538
8/30/2012,1.2497
8/31/2012,1.2578
9/3/2012,#N/A
9/4/2012,1.2566
9/5/2012,1.2603
9/6/2012,1.2626
9/7/2012,1.2796
9/10/2012,1.2795
9/11/2012,1.2858
9/12/2012,1.2894
9/13/2012,1.2912
9/14/2012,1.3142
9/17/2012,1.3125
9/18/2012,1.3051
9/19/2012,1.3065
9/20/2012,1.2948
9/21/2012,1.2990
9/24/2012,1.2909
9/25/2012,1.2945
9/26/2012,1.2852
9/27/2012,1.2874
9/28/2012,1.2856
10/1/2012,1.2900
10/2/2012,1.2951
10/3/2012,1.2909
10/4/2012,1.3001
10/5/2012,1.3059
10/8/2012,#N/A
10/9/2012,1.2876
10/10/2012,1.2888
10/11/2012,1.2928
10/12/2012,1.2946
10/15/2012,1.2950
10/16/2012,1.3036
10/17/2012,1.3133
10/18/2012,1.3106
10/19/2012,1.3022
10/22/2012,1.3063
10/23/2012,1.2971
10/24/2012,1.2946
10/25/2012,1.2958
10/26/2012,1.2938
10/29/2012,1.2906
10/30/2012,1.2979
10/31/2012,1.2958
11/1/2012,1.2937
11/2/2012,1.2848
11/5/2012,1.2790
11/6/2012,1.2818
11/7/2012,1.2759
11/8/2012,1.2740
11/9/2012,1.2715
11/12/2012,#N/A
11/13/2012,1.2716
11/14/2012,1.2740
11/15/2012,1.2783
11/16/2012,1.2715
11/19/2012,1.2806
11/20/2012,1.2814
11/21/2012,1.2816
11/22/2012,#N/A
11/23/2012,1.2959
11/26/2012,1.2966
11/27/2012,1.2940
11/28/2012,1.2923
11/29/2012,1.2953
11/30/2012,1.3010
12/3/2012,1.3066
12/4/2012,1.3081
12/5/2012,1.3077
12/6/2012,1.2968
12/7/2012,1.2942
12/10/2012,1.2930
12/11/2012,1.2992
12/12/2012,1.3038
12/13/2012,1.3077
12/14/2012,1.3134
12/17/2012,1.3169
12/18/2012,1.3224
12/19/2012,1.3260
12/20/2012,1.3224
12/21/2012,1.3166
12/24/2012,1.3179
12/25/2012,#N/A
12/26/2012,1.3228
12/27/2012,1.3228
12/28/2012,1.3220
12/31/2012,1.3186
1/1/2013,#N/A
1/2/2013,1.3195
1/3/2013,1.3110
1/4/2013,1.3047
1/7/2013,1.3099
1/8/2013,1.3068
1/9/2013,1.3078
1/10/2013,1.3220
1/11/2013,1.3353
1/14/2013,1.3369
1/15/2013,1.3342
1/16/2013,1.3305
1/17/2013,1.3356
1/18/2013,1.3303
1/21/2013,#N/A
1/22/2013,1.3304
1/23/2013,1.3308
1/24/2013,1.3378
1/25/2013,1.3456
1/28/2013,1.3459
1/29/2013,1.3484
1/30/2013,1.3564
1/31/2013,1.3584
2/1/2013,1.3692
2/4/2013,1.3527
2/5/2013,1.3569
2/6/2013,1.3528
2/7/2013,1.3382
2/8/2013,1.3366
2/11/2013,1.3414
2/12/2013,1.3450
2/13/2013,1.3448
2/14/2013,1.3334
2/15/2013,1.3362
2/18/2013,#N/A
2/19/2013,1.3387
2/20/2013,1.3350
2/21/2013,1.3204
2/22/2013,1.3166
2/25/2013,1.3172
2/26/2013,1.3054
2/27/2013,1.3104
2/28/2013,1.3079
3/1/2013,1.2988
3/4/2013,1.2996
3/5/2013,1.3019
3/6/2013,1.2990
3/7/2013,1.3098
3/8/2013,1.2992
3/11/2013,1.3014
3/12/2013,1.3023
3/13/2013,1.2949
3/14/2013,1.2974
3/15/2013,1.3076
3/18/2013,1.2956
3/19/2013,1.2888
3/20/2013,1.2950
3/21/2013,1.2928
3/22/2013,1.2996
3/25/2013,1.2881
3/26/2013,1.2858
3/27/2013,1.2782
3/28/2013,1.2842
3/29/2013,1.2816
4/1/2013,1.2857
4/2/2013,1.2836
4/3/2013,1.2847
4/4/2013,1.2854
4/5/2013,1.3027
4/8/2013,1.3008
4/9/2013,1.3092
4/10/2013,1.3060
4/11/2013,1.3124
4/12/2013,1.3094
4/15/2013,1.3082
4/16/2013,1.3141
4/17/2013,1.3049
4/18/2013,1.3072
4/19/2013,1.3066
4/22/2013,1.3050
4/23/2013,1.3012
4/24/2013,1.2997
4/25/2013,1.3004
4/26/2013,1.3024
4/29/2013,1.3090
4/30/2013,1.3168
5/1/2013,1.3192
5/2/2013,1.3066
5/3/2013,1.3112
5/6/2013,1.3067
5/7/2013,1.3085
5/8/2013,1.3177
5/9/2013,1.3105
5/10/2013,1.2955
5/13/2013,1.2981
5/14/2013,1.2969
5/15/2013,1.2857
5/16/2013,1.2898
5/17/2013,1.2818
5/20/2013,1.2865
5/21/2013,1.2910
5/22/2013,1.2864
5/23/2013,1.2944
5/24/2013,1.2920
5/27/2013,#N/A
5/28/2013,1.2870
5/29/2013,1.2944
5/30/2013,1.3042
5/31/2013,1.2988
6/3/2013,1.3098
6/4/2013,1.3075
6/5/2013,1.3088
6/6/2013,1.3248
6/7/2013,1.3242
6/10/2013,1.3234
6/11/2013,1.3278
6/12/2013,1.3354
6/13/2013,1.3314
6/14/2013,1.3330
6/17/2013,1.3341
6/18/2013,1.3407
6/19/2013,1.3404
6/20/2013,1.3214
6/21/2013,1.3113
6/24/2013,1.3091
6/25/2013,1.3080
6/26/2013,1.3006
6/27/2013,1.3016
6/28/2013,1.3010
7/1/2013,1.3060
7/2/2013,1.3017
7/3/2013,1.3005
7/4/2013,#N/A
7/5/2013,1.2831
7/8/2013,1.2863
7/9/2013,1.2774
7/10/2013,1.2846
7/11/2013,1.3046
7/12/2013,1.3048
7/15/2013,1.3039
7/16/2013,1.3144
7/17/2013,1.3094
7/18/2013,1.3078
7/19/2013,1.3142
7/22/2013,1.3193
7/23/2013,1.3212
7/24/2013,1.3228
7/25/2013,1.3234
7/26/2013,1.3269
7/29/2013,1.3262
7/30/2013,1.3266
7/31/2013,1.3282
8/1/2013,1.3217
8/2/2013,1.3268
8/5/2013,1.3257
8/6/2013,1.3296
8/7/2013,1.3329
8/8/2013,1.3392
8/9/2013,1.3338
8/12/2013,1.3312
8/13/2013,1.3247
8/14/2013,1.3256
8/15/2013,1.3263
8/16/2013,1.3321
8/19/2013,1.3348
8/20/2013,1.3426
8/21/2013,1.3368
8/22/2013,1.3362
8/23/2013,1.3392
8/26/2013,1.3369
8/27/2013,1.3387
8/28/2013,1.3326
8/29/2013,1.3228
8/30/2013,1.3196
9/2/2013,#N/A
9/3/2013,1.3164
9/4/2013,1.3212
9/5/2013,1.3120
9/6/2013,1.3166
9/9/2013,1.3260
9/10/2013,1.3260
9/11/2013,1.3301
9/12/2013,1.3315
9/13/2013,1.3276
9/16/2013,1.3350
9/17/2013,1.3357
9/18/2013,1.3351
9/19/2013,1.3527
9/20/2013,1.3522
9/23/2013,1.3520
9/24/2013,1.3490
9/25/2013,1.3536
9/26/2013,1.3484
9/27/2013,1.3537
9/30/2013,1.3535
10/1/2013,1.3534
10/2/2013,1.3592
10/3/2013,1.3642
10/4/2013,1.3582
10/7/2013,1.3569
10/8/2013,1.3582
10/9/2013,1.3513
10/10/2013,1.3535
10/11/2013,1.3559
10/14/2013,#N/A
10/15/2013,1.3494
10/16/2013,1.3490
10/17/2013,1.3664
10/18/2013,1.3693
10/21/2013,1.3672
10/22/2013,1.3778
10/23/2013,1.3786
10/24/2013,1.3810
10/25/2013,1.3794
10/28/2013,1.3786
10/29/2013,1.3770
10/30/2013,1.3771
10/31/2013,1.3594
11/1/2013,1.3488
11/4/2013,1.3516
11/5/2013,1.3470
11/6/2013,1.3530
11/7/2013,1.3390
11/8/2013,1.3357
11/11/2013,#N/A
11/12/2013,1.3428
11/13/2013,1.3456
11/14/2013,1.3468
11/15/2013,1.3480
11/18/2013,1.3520
11/19/2013,1.3529
11/20/2013,1.3451
11/21/2013,1.3470
11/22/2013,1.3547
11/25/2013,1.3502
11/26/2013,1.3555
11/27/2013,1.3563
11/28/2013,#N/A
11/29/2013,1.3606
12/2/2013,1.3552
12/3/2013,1.3604
12/4/2013,1.3555
12/5/2013,1.3664
12/6/2013,1.3690
12/9/2013,1.3726
12/10/2013,1.3765
12/11/2013,1.3798
12/12/2013,1.3752
12/13/2013,1.3724
12/16/2013,1.3757
12/17/2013,1.3748
12/18/2013,1.3766
12/19/2013,1.3666
12/20/2013,1.3673
12/23/2013,1.3701
12/24/2013,1.3676
12/25/2013,#N/A
12/26/2013,1.3690
12/27/2013,1.3766
12/30/2013,1.3816
12/31/2013,1.3779
1/1/2014,#N/A
1/2/2014,1.3670
1/3/2014,1.3606
1/6/2014,1.3636
1/7/2014,1.3618
1/8/2014,1.3586
1/9/2014,1.3591
1/10/2014,1.3664
1/13/2014,1.3647
1/14/2014,1.3682
1/15/2014,1.3604
1/16/2014,1.3600
1/17/2014,1.3554
1/20/2014,#N/A
1/21/2014,1.3560
1/22/2014,1.3546
1/23/2014,1.3680
1/24/2014,1.3680
1/27/2014,1.3679
1/28/2014,1.3662
1/29/2014,1.3663
1/30/2014,1.3549
1/31/2014,1.3500
2/3/2014,1.3523
2/4/2014,1.3507
2/5/2014,1.3519
2/6/2014,1.3604
2/7/2014,1.3614
2/10/2014,1.3644
2/11/2014,1.3654
2/12/2014,1.3592
2/13/2014,1.3669
2/14/2014,1.3690
2/17/2014,#N/A
2/18/2014,1.3758
2/19/2014,1.3762
2/20/2014,1.3690
2/21/2014,1.3722
2/24/2014,1.3744
2/25/2014,1.3749
2/26/2014,1.3668
2/27/2014,1.3724
2/28/2014,1.3806
3/3/2014,1.3763
3/4/2014,1.3731
3/5/2014,1.3734
3/6/2014,1.3848
3/7/2014,1.3868
3/10/2014,1.3880
3/11/2014,1.3867
3/12/2014,1.3904
3/13/2014,1.3927
3/14/2014,1.3924
3/17/2014,1.3927
3/18/2014,1.3913
3/19/2014,1.3910
3/20/2014,1.3784
3/21/2014,1.3783
3/24/2014,1.3784
3/25/2014,1.3777
3/26/2014,1.3786
3/27/2014,1.3752
3/28/2014,1.3753
3/31/2014,1.3777
4/1/2014,1.3804
4/2/2014,1.3761
4/3/2014,1.3708
4/4/2014,1.3704
4/7/2014,1.3745
4/8/2014,1.3802
4/9/2014,1.3816
4/10/2014,1.3892
4/11/2014,1.3898
4/14/2014,1.3824
4/15/2014,1.3806
4/16/2014,1.3820
4/17/2014,1.3832
4/18/2014,1.3816
4/21/2014,1.3790
4/22/2014,1.3804
4/23/2014,1.3814
4/24/2014,1.3828
4/25/2014,1.3838
4/28/2014,1.3844
4/29/2014,1.3808
4/30/2014,1.3870
5/1/2014,1.3867
5/2/2014,1.3864
5/5/2014,1.3884
5/6/2014,1.3924
5/7/2014,1.3917
5/8/2014,1.3864
5/9/2014,1.3763
5/12/2014,1.3760
5/13/2014,1.3711
5/14/2014,1.3718
5/15/2014,1.3712
5/16/2014,1.3708
5/19/2014,1.3716
5/20/2014,1.3702
5/21/2014,1.3657
5/22/2014,1.3652
5/23/2014,1.3628
5/26/2014,#N/A
5/27/2014,1.3618
5/28/2014,1.3596
5/29/2014,1.3608
5/30/2014,1.3640
6/2/2014,1.3606
6/3/2014,1.3624
6/4/2014,1.3619
6/5/2014,1.3618
6/6/2014,1.3639
6/9/2014,1.3589
6/10/2014,1.3543
6/11/2014,1.3532
6/12/2014,1.3556
6/13/2014,1.3522
6/16/2014,1.3578
6/17/2014,1.3543
6/18/2014,1.3567
6/19/2014,1.3620
6/20/2014,1.3586
6/23/2014,1.3593
6/24/2014,1.3588
6/25/2014,1.3638
6/26/2014,1.3610
6/27/2014,1.3631
6/30/2014,1.3690
7/1/2014,1.3681
7/2/2014,1.3656
7/3/2014,1.3610
7/4/2014,#N/A
7/7/2014,1.3604
7/8/2014,1.3614
7/9/2014,1.3630
7/10/2014,1.3600
7/11/2014,1.3598
7/14/2014,1.3620
7/15/2014,1.3573
7/16/2014,1.3530
7/17/2014,1.3530
7/18/2014,1.3515
7/21/2014,1.3524
7/22/2014,1.3470
7/23/2014,1.3462
7/24/2014,1.3468
7/25/2014,1.3431
7/28/2014,1.3440
7/29/2014,1.3410
7/30/2014,1.3378
7/31/2014,1.3390
8/1/2014,1.3436
8/4/2014,1.3414
8/5/2014,1.3366
8/6/2014,1.3355
8/7/2014,1.3362
8/8/2014,1.3412
8/11/2014,1.3385
8/12/2014,1.3357
8/13/2014,1.3367
8/14/2014,1.3376
8/15/2014,1.3392
8/18/2014,1.3358
8/19/2014,1.3320
8/20/2014,1.3284
8/21/2014,1.3284
8/22/2014,1.3237
8/25/2014,1.3206
8/26/2014,1.3189
8/27/2014,1.3192
8/28/2014,1.3178
8/29/2014,1.3150
9/1/2014,#N/A
9/2/2014,1.3124
9/3/2014,1.3136
9/4/2014,1.2926
9/5/2014,1.2956
9/8/2014,1.2948
9/9/2014,1.2909
9/10/2014,1.2908
9/11/2014,1.2936
9/12/2014,1.2955
9/15/2014,1.2951
9/16/2014,1.2976
9/17/2014,1.2958
9/18/2014,1.2913
9/19/2014,1.2835
9/22/2014,1.2829
9/23/2014,1.2858
9/24/2014,1.2788
9/25/2014,1.2748
9/26/2014,1.2686
9/29/2014,1.2703
9/30/2014,1.2628
10/1/2014,1.2618
10/2/2014,1.2670
10/3/2014,1.2517
10/6/2014,1.2592
10/7/2014,1.2626
10/8/2014,1.2683
10/9/2014,1.2683
10/10/2014,1.2636
10/13/2014,#N/A
10/14/2014,1.2660
10/15/2014,1.2778
10/16/2014,1.2812
10/17/2014,1.2755
10/20/2014,1.2783
10/21/2014,1.2724
10/22/2014,1.2658
10/23/2014,1.2658
10/24/2014,1.2675
10/27/2014,1.2712
10/28/2014,1.2747
10/29/2014,1.2762
10/30/2014,1.2622
10/31/2014,1.2530
11/3/2014,1.2487
11/4/2014,1.2554
11/5/2014,1.2488
11/6/2014,1.2414
11/7/2014,1.2422
11/10/2014,1.2425
11/11/2014,#N/A
11/12/2014,1.2456
11/13/2014,1.2476
11/14/2014,1.2494
11/17/2014,1.2447
11/18/2014,1.2534
11/19/2014,1.2548
11/20/2014,1.2526
11/21/2014,1.2394
11/24/2014,1.2427
11/25/2014,1.2472
11/26/2014,1.2503
11/27/2014,#N/A
11/28/2014,1.2438
12/1/2014,1.2490
12/2/2014,1.2390
12/3/2014,1.2304
12/4/2014,1.2432
12/5/2014,1.2304
12/8/2014,1.2292
12/9/2014,1.2415
12/10/2014,1.2425
12/11/2014,1.2397
12/12/2014,1.2484
12/15/2014,1.2470
12/16/2014,1.2504
12/17/2014,1.2406
12/18/2014,1.2291
12/19/2014,1.2235
12/22/2014,1.2252
12/23/2014,1.2180
12/24/2014,1.2188
12/25/2014,#N/A
12/26/2014,#N/A
12/29/2014,1.2179
12/30/2014,1.2174
12/31/2014,1.2101
1/1/2015,#N/A
1/2/2015,1.2015
1/5/2015,1.1918
1/6/2015,1.1936
1/7/2015,1.1820
1/8/2015,1.1811
1/9/2015,1.1830
1/12/2015,1.1832
1/13/2015,1.1779
1/14/2015,1.1806
1/15/2015,1.1598
1/16/2015,1.1517
1/19/2015,#N/A
1/20/2015,1.1559
1/21/2015,1.1584
1/22/2015,1.1414
1/23/2015,1.1279
1/26/2015,1.1290
1/27/2015,1.1370
1/28/2015,1.1342
1/29/2015,1.1308
1/30/2015,1.1290
2/2/2015,1.1337
2/3/2015,1.1462
2/4/2015,1.1418
2/5/2015,1.1432
2/6/2015,1.1330
2/9/2015,1.1316
2/10/2015,1.1316
2/11/2015,1.1300
2/12/2015,1.1410
2/13/2015,1.1408
2/16/2015,#N/A
2/17/2015,1.1395
2/18/2015,1.1342
2/19/2015,1.1392
2/20/2015,1.1372
2/23/2015,1.1346
2/24/2015,1.1307
2/25/2015,1.1363
2/26/2015,1.1212
2/27/2015,1.1197
3/2/2015,1.1190
3/3/2015,1.1212
3/4/2015,1.1070
3/5/2015,1.1006
3/6/2015,1.0855
3/9/2015,1.0846
3/10/2015,1.0707
3/11/2015,1.0576
3/12/2015,1.0615
3/13/2015,1.0524
3/16/2015,1.0575
3/17/2015,1.0605
3/18/2015,1.0643
3/19/2015,1.0621
3/20/2015,1.0792
3/23/2015,1.0928
3/24/2015,1.0908
3/25/2015,1.0986
3/26/2015,1.0919
3/27/2015,1.0891
3/30/2015,1.0818
3/31/2015,1.0741
4/1/2015,1.0768
4/2/2015,1.0874
4/3/2015,1.0990
4/6/2015,1.1008
4/7/2015,1.0850
4/8/2015,1.0818
4/9/2015,1.0671
4/10/2015,1.0598
4/13/2015,1.0582
4/14/2015,1.0672
4/15/2015,1.0596
4/16/2015,1.0742
4/17/2015,1.0780
4/20/2015,1.0763
4/21/2015,1.0758
4/22/2015,1.0729
4/23/2015,1.0803
4/24/2015,1.0876
4/27/2015,1.0892
4/28/2015,1.0979
4/29/2015,1.1174
4/30/2015,1.1162
5/1/2015,1.1194
5/4/2015,1.1145
5/5/2015,1.1174
5/6/2015,1.1345
5/7/2015,1.1283
5/8/2015,1.1241
5/11/2015,1.1142
5/12/2015,1.1240
5/13/2015,1.1372
5/14/2015,1.1368
5/15/2015,1.1428
5/18/2015,1.1354
5/19/2015,1.1151
5/20/2015,1.1079
5/21/2015,1.1126
5/22/2015,1.1033
5/25/2015,#N/A
5/26/2015,1.0876
5/27/2015,1.0888
5/28/2015,1.0914
5/29/2015,1.0994
6/1/2015,1.0913
6/2/2015,1.1130
6/3/2015,1.1285
6/4/2015,1.1271
6/5/2015,1.1108
6/8/2015,1.1232
6/9/2015,1.1284
6/10/2015,1.1307
6/11/2015,1.1236
6/12/2015,1.1278
6/15/2015,1.1266
6/16/2015,1.1238
6/17/2015,1.1244
6/18/2015,1.1404
6/19/2015,1.1335
6/22/2015,1.1378
6/23/2015,1.1190
6/24/2015,1.1178
6/25/2015,1.1196
6/26/2015,1.1156
6/29/2015,1.1180
6/30/2015,1.1154
7/1/2015,1.1084
7/2/2015,1.1090
7/3/2015,#N/A
7/6/2015,1.1076
7/7/2015,1.0952
7/8/2015,1.1072
7/9/2015,1.1025
7/10/2015,1.1150
7/13/2015,1.1020
7/14/2015,1.1015
7/15/2015,1.0965
7/16/2015,1.0898
7/17/2015,1.0848
7/20/2015,1.0850
7/21/2015,1.0927
7/22/2015,1.0884
7/23/2015,1.0976
7/24/2015,1.0976
7/27/2015,1.1112
7/28/2015,1.1055
7/29/2015,1.1026
7/30/2015,1.0914
7/31/2015,1.1028
8/3/2015,1.0962
8/4/2015,1.0953
8/5/2015,1.0868
8/6/2015,1.0922
8/7/2015,1.0958
8/10/2015,1.0994
8/11/2015,1.1042
8/12/2015,1.1198
8/13/2015,1.1144
8/14/2015,1.1110
8/17/2015,1.1078
8/18/2015,1.1028
8/19/2015,1.1061
8/20/2015,1.1200
8/21/2015,1.1356
8/24/2015,1.1580
8/25/2015,1.1410
8/26/2015,1.1390
8/27/2015,1.1239
8/28/2015,1.1172
8/31/2015,1.1194
9/1/2015,1.1263
9/2/2015,1.1242
9/3/2015,1.1104
9/4/2015,1.1117
9/7/2015,#N/A
9/8/2015,1.1182
9/9/2015,1.1165
9/10/2015,1.1262
9/11/2015,1.1338
9/14/2015,1.1307
9/15/2015,1.1260
9/16/2015,1.1304
9/17/2015,1.1312
9/18/2015,1.1358
9/21/2015,1.1204
9/22/2015,1.1133
9/23/2015,1.1160
9/24/2015,1.1252
9/25/2015,1.1192
9/28/2015,1.1236
9/29/2015,1.1246
9/30/2015,1.1162
10/1/2015,1.1200
10/2/2015,1.1276
10/5/2015,1.1200
10/6/2015,1.1266
10/7/2015,1.1249
10/8/2015,1.1282
10/9/2015,1.1363
10/12/2015,#N/A
10/13/2015,1.1382
10/14/2015,1.1437
10/15/2015,1.1418
10/16/2015,1.1360
10/19/2015,1.1320
10/20/2015,1.1359
10/21/2015,1.1345
10/22/2015,1.1140
10/23/2015,1.1016
10/26/2015,1.1051
10/27/2015,1.1052
10/28/2015,1.1066
10/29/2015,1.0963
10/30/2015,1.1042
11/2/2015,1.1026
11/3/2015,1.0946
11/4/2015,1.0861
11/5/2015,1.0869
11/6/2015,1.0746
11/9/2015,1.0767
11/10/2015,1.0686
11/11/2015,#N/A
11/12/2015,1.0768
11/13/2015,1.0722
11/16/2015,1.0708
11/17/2015,1.0634
11/18/2015,1.0638
11/19/2015,1.0746
11/20/2015,1.0660
11/23/2015,1.0602
11/24/2015,1.0652
11/25/2015,1.0616
11/26/2015,#N/A
11/27/2015,1.0596
11/30/2015,1.0562
12/1/2015,1.0620
12/2/2015,1.0573
12/3/2015,1.0902
12/4/2015,1.0884
12/7/2015,1.0840
12/8/2015,1.0876
12/9/2015,1.0984
12/10/2015,1.0948
12/11/2015,1.1002
12/14/2015,1.1025
12/15/2015,1.0911
12/16/2015,1.0937
12/17/2015,1.0804
12/18/2015,1.0847
12/21/2015,1.0920
12/22/2015,1.0978
12/23/2015,1.0875
12/24/2015,1.0955
12/25/2015,#N/A
12/28/2015,1.0983
12/29/2015,1.0916
12/30/2015,1.0912
12/31/2015,1.0859