id,Date,Open,High,Low,Close,Volume,SMA-8,WMA-10,TP-SMA-20
0,29/09/2015,112.830002,113.510,107.860,109.060,73135900,109.060,109.060,110.143
1,28/09/2015,113.849998,114.570,112.440,112.440,51723900,112.018,112.252,113.000
2,25/09/2015,116.440002,116.690,114.020,114.710,55842200,113.720,114.113,114.791
3,24/09/2015,113.25,115.500,112.370,115.000,49810600,113.901,114.111,114.068
4,23/09/2015,113.629997,114.720,113.300,114.320,35645700,113.561,113.451,113.927
5,22/09/2015,113.379997,114.180,112.520,113.400,49809000,113.216,112.873,113.367
6,21/09/2015,113.669998,115.370,113.660,115.210,46554300,113.669,113.285,114.333
7,18/09/2015,112.209999,114.300,111.870,113.450,73419000,113.449,112.894,113.332
8,17/09/2015,115.660004,116.490,113.720,113.920,63462700,114.056,114.004,114.234
9,16/09/2015,116.25,116.540,115.440,116.410,36910000,114.552,114.473,115.015
10,15/09/2015,115.93,116.530,114.420,116.280,43004100,114.749,114.482,114.821
11,14/09/2015,116.580002,116.890,114.860,115.310,58201900,114.787,114.435,114.796
12,11/09/2015,111.790001,114.210,111.760,114.210,49441800,114.774,114.536,113.879
13,10/09/2015,110.269997,113.280,109.900,112.570,62675200,114.670,114.818,113.362
14,09/09/2015,113.760002,114.020,109.770,110.150,84344400,114.037,114.557,113.181
15,08/09/2015,111.75,112.560,110.320,112.310,54114200,113.895,114.656,113.285
16,04/09/2015,108.970001,110.450,108.510,109.270,49963900,113.314,114.521,112.821
17,03/09/2015,112.489998,112.780,110.040,110.370,52906400,112.559,113.666,113.069
18,02/09/2015,110.230003,112.340,109.130,112.340,61888800,112.066,112.729,113.090
19,01/09/2015,110.150002,111.880,107.360,107.720,76845900,111.117,111.797,112.975
20,31/08/2015,112.029999,114.530,112.000,112.760,56229300,110.936,111.070,113.123
21,28/08/2015,112.169998,113.310,111.540,113.290,53164400,111.026,110.727,113.101
22,27/08/2015,112.230003,113.240,110.020,112.920,84616100,111.372,110.999,112.947
23,26/08/2015,107.089996,109.890,105.050,109.690,96774600,111.045,110.717,112.643
24,25/08/2015,111.110001,111.110,103.500,103.740,103601600,110.354,110.958,112.243
25,24/08/2015,94.870003,108.800,92.000,103.120,162206300,109.448,110.753,111.640
26,21/08/2015,110.43,111.900,105.650,105.760,128275500,108.625,109.928,111.292
27,20/08/2015,114.080002,114.350,111.630,112.650,68501600,109.241,110.266,111.275
28,19/08/2015,116.099998,116.520,114.680,115.010,47445700,109.523,109.546,111.310
29,18/08/2015,116.43,117.440,116.010,116.500,34560700,109.924,108.798,111.336
30,17/08/2015,116.040001,117.650,115.500,117.160,40884700,110.454,108.250,111.387
31,14/08/2015,114.32,116.310,114.010,115.960,42929500,111.238,108.594,111.374
32,13/08/2015,116.040001,116.400,114.540,115.150,48535800,112.664,110.577,111.473
33,12/08/2015,112.529999,115.420,109.630,115.240,101217500,114.179,113.035,111.548
34,11/08/2015,117.809998,118.180,113.330,113.490,97082800,115.145,115.120,111.733
35,10/08/2015,116.529999,119.990,116.530,119.720,54951600,116.029,115.871,112.083
36,07/08/2015,114.580002,116.250,114.500,115.520,38670400,116.092,116.112,112.384
37,06/08/2015,115.970001,116.500,114.120,115.130,52903000,115.921,115.983,112.593
38,05/08/2015,112.949997,117.440,112.100,115.400,99312600,115.701,115.659,112.779
39,04/08/2015,117.419998,117.700,113.250,114.640,124138600,115.536,115.565,113.090
40,03/08/2015,121.5,122.570,117.520,118.440,69976000,115.947,115.742,113.410
41,31/07/2015,122.599998,122.640,120.910,121.300,42885000,116.705,116.067,113.855
42,30/07/2015,122.32,122.570,121.710,122.370,33628300,117.815,117.029,114.363
43,29/07/2015,123.150002,123.500,122.270,122.990,37011700,118.224,116.696,115.099
44,28/07/2015,123.379997,123.910,122.550,123.380,33618100,119.206,117.515,115.957
45,27/07/2015,123.089996,123.610,122.120,122.770,44455500,120.161,118.633,117.033
46,24/07/2015,125.32,125.740,123.900,124.500,42162300,121.299,119.944,117.880
47,23/07/2015,126.199997,127.090,125.060,125.160,50999500,122.614,121.716,118.525
48,22/07/2015,121.989998,125.500,121.990,125.220,115450600,123.461,122.832,118.967
49,21/07/2015,132.850006,132.920,130.320,130.750,76756400,124.642,123.575,119.701
50,20/07/2015,130.970001,132.970,130.700,132.070,58900200,125.855,124.349,120.458
51,17/07/2015,129.080002,129.620,128.310,129.620,46164700,126.684,125.170,121.146
52,16/07/2015,127.739998,128.570,127.350,128.510,36222400,127.325,126.047,121.785
53,15/07/2015,125.720001,127.150,125.580,126.820,33649200,127.831,127.171,122.439
54,14/07/2015,126.040001,126.370,125.040,125.610,31768100,127.970,127.943,122.973
55,13/07/2015,125.029999,125.760,124.320,125.660,41440500,128.033,128.581,123.298
56,10/07/2015,121.940002,123.850,121.210,123.280,61354500,127.790,129.152,123.666
57,09/07/2015,123.849998,124.060,119.220,120.070,77821600,126.455,128.198,123.959
58,08/07/2015,124.480003,124.640,122.540,122.570,60761600,125.267,126.686,124.372
59,07/07/2015,125.889999,126.150,123.770,125.690,46946800,124.776,125.609,124.873
60,06/07/2015,124.940002,126.230,124.850,126.000,28060400,124.463,124.710,125.182
61,02/07/2015,126.43,126.690,125.770,126.440,27211000,124.415,124.176,125.416
62,01/07/2015,126.900002,126.940,125.990,126.600,30238800,124.539,123.938,125.631
63,30/06/2015,125.57,126.120,124.860,125.430,44370700,124.510,123.682,125.758
64,29/06/2015,125.459999,126.470,124.480,124.530,49161400,124.666,123.990,125.852
65,26/06/2015,127.669998,127.990,126.510,126.750,44066800,125.501,125.197,126.065
66,25/06/2015,128.860001,129.200,127.500,127.500,31938100,126.118,125.985,126.232
67,24/06/2015,127.209999,129.800,127.120,128.110,55280900,126.420,126.147,126.361
68,23/06/2015,127.480003,127.610,126.880,127.030,30268900,126.549,126.269,126.508
69,22/06/2015,127.489998,128.060,127.080,127.610,34039300,126.695,126.326,126.321
70,19/06/2015,127.709999,127.820,126.400,126.600,54716900,126.695,126.347,126.072
71,18/06/2015,127.230003,128.310,127.220,127.880,35407200,127.001,126.696,126.003
72,17/06/2015,127.720001,127.880,126.740,127.300,32918100,127.347,127.322,125.961
73,16/06/2015,127.029999,127.850,126.370,127.600,31494100,127.454,127.479,125.999
74,15/06/2015,126.099998,127.240,125.710,126.920,43988900,127.381,127.452,126.046
75,12/06/2015,128.190002,128.330,127.110,127.170,36886200,127.264,127.264,126.161
76,11/06/2015,129.179993,130.180,128.480,128.590,35390900,127.459,127.360,126.476
77,10/06/2015,127.919998,129.340,127.850,128.880,39087300,127.617,127.361,126.855
78,09/06/2015,126.699997,128.080,125.620,127.420,56075400,127.720,127.610,127.044
79,08/06/2015,128.899994,129.210,126.830,127.800,52674800,127.710,127.572,127.181
80,05/06/2015,129.5,129.690,128.360,128.650,35626800,127.879,127.701,127.342
81,04/06/2015,129.580002,130.580,128.910,129.360,38450100,128.099,127.812,127.507
82,03/06/2015,130.660004,130.940,129.900,130.120,30889400,128.499,128.163,127.698
83,02/06/2015,129.860001,130.660,129.320,129.960,33667600,128.847,128.536,127.924
84,01/06/2015,130.279999,131.390,130.050,130.540,32112800,129.091,128.647,128.198
85,29/05/2015,131.229996,131.450,129.900,130.280,50884500,129.266,128.733,128.371
86,28/05/2015,131.860001,131.950,131.100,131.780,30733300,129.811,129.264,128.549
87,27/05/2015,130.339996,132.260,130.050,132.040,45833200,130.341,129.829,128.704
88,26/05/2015,132.600006,132.910,129.120,129.620,70697600,130.462,130.232,128.873
89,22/05/2015,131.600006,132.970,131.400,132.540,45596000,130.860,130.565,129.109
90,21/05/2015,130.070007,131.630,129.830,131.390,39730400,131.019,130.765,129.309
91,20/05/2015,130,130.980,129.340,130.060,36454900,131.031,131.003,129.425
92,19/05/2015,130.690002,130.880,129.640,130.070,44633200,130.972,131.099,129.570
93,18/05/2015,128.380005,130.720,128.360,130.190,50882900,130.961,131.250,129.694
94,15/05/2015,129.070007,129.490,128.210,128.770,38208000,130.585,130.985,129.804
95,14/05/2015,127.410004,128.950,127.160,128.950,45203500,130.199,130.576,129.845
96,13/05/2015,126.150002,127.190,125.870,126.010,34694200,129.748,130.604,129.709
97,12/05/2015,125.599998,126.880,124.820,125.870,48160000,128.914,129.798,129.567
98,11/05/2015,127.389999,127.560,125.630,126.320,42035800,128.280,129.107,129.540
99,08/05/2015,126.68,127.620,126.110,127.620,55550400,127.975,128.644,129.499
100,07/05/2015,124.769997,126.080,124.020,125.260,43940900,127.374,128.044,129.310
101,06/05/2015,126.559998,126.750,123.360,125.010,72141000,126.726,127.275,129.081
102,05/05/2015,128.149994,128.450,125.780,125.800,49271400,126.355,126.738,128.899
103,04/05/2015,129.5,130.570,128.260,128.700,50988300,126.324,126.154,128.858
104,01/05/2015,126.099998,130.130,125.300,128.950,58512600,126.691,126.306,128.732
105,30/04/2015,128.639999,128.640,124.580,125.150,83195400,126.601,126.468,128.511
106,29/04/2015,130.160004,131.590,128.300,128.640,63386100,126.891,126.595,128.406
107,28/04/2015,134.460007,134.540,129.570,130.560,118924000,127.259,126.515,128.411
108,27/04/2015,132.309998,133.130,131.150,132.650,96954200,128.182,127.164,128.499
109,24/04/2015,130.490005,130.630,129.230,130.280,44525900,128.841,128.016,128.386
110,23/04/2015,128.300003,130.420,128.140,129.670,45770900,129.325,128.799,128.309
111,22/04/2015,126.989998,128.870,126.320,128.620,37654500,129.315,128.936,128.200
112,21/04/2015,128.100006,128.200,126.670,126.910,32435100,129.060,128.960,128.053
113,20/04/2015,125.57,128.120,125.170,127.600,47054300,129.366,129.897,127.913
114,17/04/2015,125.550003,126.140,124.460,124.750,51957000,128.880,129.951,127.728
115,16/04/2015,126.279999,127.100,126.110,126.170,28369000,128.331,129.455,127.633
116,15/04/2015,126.410004,127.130,126.010,126.780,28970400,127.597,128.332,127.647
117,14/04/2015,127,127.290,125.910,126.300,25524600,127.100,127.626,127.680
118,13/04/2015,128.369995,128.570,126.610,126.850,36365100,126.747,126.976,127.722
119,10/04/2015,125.949997,127.210,125.260,127.100,40188000,126.557,126.518,127.692
120,09/04/2015,125.849998,126.580,124.660,126.560,32484000,126.514,126.430,127.733
121,08/04/2015,125.849998,126.400,124.970,125.600,37329200,126.264,126.133,127.763
122,07/04/2015,127.639999,128.120,125.980,126.010,35012300,126.421,126.504,127.765
123,06/04/2015,124.470001,127.510,124.330,127.350,37194000,126.569,126.593,127.626
124,02/04/2015,125.029999,125.560,124.190,125.320,32220100,126.386,126.506,127.471
125,01/04/2015,124.82,125.120,123.100,124.250,40621400,126.130,126.468,127.372
126,31/03/2015,126.089996,126.490,124.360,124.430,42090600,125.827,126.241,127.151
127,30/03/2015,124.050003,126.400,124.000,126.370,47099700,125.736,125.937,126.853
128,27/03/2015,124.57,124.700,122.910,123.250,39546200,125.323,125.662,126.419
129,26/03/2015,122.760002,124.880,122.600,124.240,47572900,125.153,125.563,126.112
130,25/03/2015,126.540001,126.820,123.380,123.380,51655200,124.824,125.299,125.867
131,24/03/2015,127.230003,128.040,126.560,126.690,32842300,124.741,124.720,125.825
132,23/03/2015,127.120003,127.850,126.520,127.210,37709700,124.977,124.644,125.822
133,20/03/2015,128.25,128.400,125.160,125.900,68695100,125.184,124.851,125.798
134,19/03/2015,128.75,129.250,127.400,127.500,45809500,125.568,125.104,125.945
135,18/03/2015,127,129.160,126.370,128.470,65270900,125.830,124.984,126.022
136,17/03/2015,125.900002,127.320,125.650,127.040,51023100,126.304,125.662,126.024
137,16/03/2015,123.879997,124.950,122.870,124.950,35874300,126.392,126.141,125.911
138,13/03/2015,124.400002,125.400,122.580,123.590,51827300,126.419,126.816,125.737
139,12/03/2015,122.309998,124.900,121.630,124.450,48362700,126.139,126.694,125.594
140,11/03/2015,124.75,124.770,122.110,122.240,68939000,125.517,126.317,125.449
141,10/03/2015,126.410004,127.220,123.800,124.510,68856600,125.344,126.194,125.425
142,09/03/2015,127.959999,129.570,125.060,127.140,88528500,125.299,125.705,125.453
143,06/03/2015,128.399994,129.370,126.260,126.600,72842100,125.065,124.948,125.503
144,05/03/2015,128.580002,128.750,125.760,126.410,56517100,124.986,124.492,125.601
145,04/03/2015,129.100006,129.560,128.320,128.540,31666300,125.435,124.599,125.833
146,03/03/2015,128.960007,129.520,128.090,129.360,37816300,126.156,125.170,126.028
147,02/03/2015,129.25,130.280,128.300,129.090,48096700,126.736,125.678,126.210
148,27/02/2015,130,130.570,128.240,128.460,62014800,127.514,126.850,126.484
149,26/02/2015,128.789993,130.870,126.610,130.420,91287500,128.252,127.681,126.753
150,25/02/2015,131.559998,131.600,128.150,128.790,74711700,128.459,127.974,127.003
151,24/02/2015,132.940002,133.600,131.170,132.170,69228100,129.155,128.542,127.263
152,23/02/2015,130.020004,133.000,129.660,133.000,70974100,129.979,129.335,127.498
153,20/02/2015,128.619995,129.500,128.050,129.500,48948400,130.099,129.682,127.625
154,19/02/2015,128.479996,129.030,128.330,128.450,37362400,129.985,129.821,127.652
155,18/02/2015,127.629997,128.780,127.450,128.720,44891700,129.939,130.009,127.668
156,17/02/2015,127.489998,128.880,126.920,127.830,63152400,129.860,130.320,127.728
157,13/02/2015,127.279999,127.280,125.650,127.080,54272200,129.442,130.103,127.849
158,12/02/2015,126.059998,127.480,125.570,126.460,74474500,129.151,130.183,127.981
159,11/02/2015,122.769997,124.920,122.500,124.880,73561800,128.240,129.310,128.003
160,10/02/2015,120.169998,122.150,120.160,122.020,62008500,126.867,127.947,127.924
161,09/02/2015,118.550003,119.840,118.430,119.720,38889800,125.645,127.091,127.631
162,06/02/2015,120.019997,120.250,118.450,118.930,43706600,124.455,126.203,127.229
163,05/02/2015,120.019997,120.230,119.250,119.940,42246200,123.358,125.011,126.849
164,04/02/2015,118.5,120.510,118.310,119.560,70149700,122.324,123.787,126.473
165,03/02/2015,118.5,119.090,117.610,118.650,51915700,121.270,122.496,125.955
166,02/02/2015,118.050003,119.170,116.080,118.630,62739100,120.291,121.126,125.404
167,30/01/2015,118.400002,120.000,116.850,117.160,83745500,119.326,119.891,124.843
168,29/01/2015,116.32,119.190,115.560,118.900,84436400,118.936,119.206,124.282
169,28/01/2015,117.629997,118.120,115.310,115.310,146477100,118.385,118.909,123.630
170,27/01/2015,112.419998,112.480,109.030,109.140,95568700,117.161,118.516,122.665
171,26/01/2015,113.739998,114.360,112.800,113.100,55615000,116.306,117.709,121.720
172,23/01/2015,112.300003,113.750,111.530,112.980,46464800,115.484,116.803,120.764
173,22/01/2015,110.260002,112.470,109.720,112.400,53796400,114.703,115.926,119.889
174,21/01/2015,108.949997,111.060,108.270,109.550,48575900,113.568,114.801,118.940
175,20/01/2015,107.839996,108.970,106.500,108.720,49899900,112.513,113.768,117.928
176,16/01/2015,107.029999,107.580,105.200,105.990,78513300,110.899,111.990,116.847
177,15/01/2015,110,110.060,106.660,106.820,60014000,109.838,110.774,115.906
178,14/01/2015,109.040001,110.490,108.500,109.800,48337000,109.920,110.947,115.060
179,13/01/2015,111.43,112.800,108.910,110.220,67091900,109.560,110.161,114.387
180,12/01/2015,112.599998,112.630,108.800,109.250,49650800,109.094,109.297,113.827
181,09/01/2015,112.669998,113.250,110.210,112.010,53699500,109.045,108.551,113.451
182,08/01/2015,109.230003,112.150,108.700,111.890,59364500,109.338,108.504,113.036
183,07/01/2015,107.199997,108.200,106.700,107.750,40105900,109.216,108.614,112.424
184,06/01/2015,106.540001,107.430,104.630,106.260,65797100,109.250,109.339,111.756
185,05/01/2015,108.290001,108.650,105.410,106.250,64285500,109.179,109.863,111.172
186,02/01/2015,111.389999,111.440,107.350,109.330,53204600,109.120,109.712,110.743
187,31/12/2014,112.82,113.130,110.210,110.380,41403400,109.140,109.472,110.404
188,30/12/2014,113.639999,113.920,112.110,112.520,29881500,109.549,109.538,110.153
189,29/12/2014,113.790001,114.770,113.700,113.910,27598900,109.786,109.044,110.047
190,26/12/2014,112.099998,114.520,112.010,113.990,33721000,110.049,108.635,110.211
191,24/12/2014,112.580002,112.710,112.010,112.010,14479600,110.581,109.264,110.152
192,23/12/2014,113.230003,113.330,112.460,112.540,26028400,111.366,110.399,110.154
193,22/12/2014,112.160004,113.490,111.970,112.940,45167500,112.203,111.722,110.217
194,19/12/2014,112.260002,113.240,111.660,111.780,88429800,112.509,112.428,110.347
195,18/12/2014,111.870003,112.650,110.660,112.650,59006200,112.793,112.964,110.543
196,17/12/2014,107.120003,109.840,106.820,109.410,53411800,112.404,112.938,110.665
197,16/12/2014,106.370003,110.160,106.260,106.750,60790700,111.509,112.405,110.659
198,15/12/2014,110.699997,111.600,106.350,108.230,67218100,110.789,111.693,110.615
199,12/12/2014,110.459999,111.870,109.580,109.730,56028100,110.504,111.359,110.603
200,11/12/2014,112.260002,113.800,111.340,111.620,41401700,110.389,110.881,110.704
201,10/12/2014,114.410004,114.850,111.540,111.950,44565300,110.265,110.286,110.752
202,09/12/2014,110.190002,114.300,109.350,114.120,60208000,110.558,110.014,110.836
203,08/12/2014,114.099998,114.650,111.620,112.400,57664900,110.526,109.543,111.103
204,05/12/2014,115.989998,116.080,114.640,115.000,38318900,111.225,109.946,111.559
205,04/12/2014,115.769997,117.200,115.290,115.490,42044500,112.318,111.183,112.021
206,03/12/2014,115.75,116.350,115.110,115.930,43063400,113.280,112.305,112.342
207,02/12/2014,113.5,115.750,112.750,114.630,59348900,113.893,113.230,112.499
208,01/12/2014,118.809998,119.250,111.270,115.070,83814000,114.324,113.831,112.616
209,28/11/2014,119.269997,119.400,118.050,118.930,24814400,115.196,114.553,112.849
210,26/11/2014,117.940002,119.100,117.830,119.000,40768300,115.806,114.927,113.106
211,25/11/2014,119.07,119.750,117.450,117.600,68840400,116.456,115.829,113.407
212,24/11/2014,116.849998,118.770,116.620,118.630,47450800,116.910,116.253,113.669
213,21/11/2014,117.510002,117.570,116.030,116.470,57179300,117.032,116.596,113.863
214,20/11/2014,114.910004,116.860,114.850,116.310,43395500,117.080,116.851,114.052
215,19/11/2014,115.440002,115.740,113.800,114.670,41869200,117.085,117.397,114.190
216,18/11/2014,113.940002,115.690,113.890,115.470,44224000,117.135,117.856,114.506
217,17/11/2014,114.269997,117.280,113.300,113.990,46746700,116.517,117.320,114.863
218,14/11/2014,113.150002,114.190,111.210,114.180,44063600,115.915,116.634,115.086
219,13/11/2014,111.800003,113.450,111.600,112.820,59522900,115.317,116.127,115.197
220,12/11/2014,109.379997,111.430,109.370,111.250,46942400,114.395,115.186,115.119
221,11/11/2014,108.699997,109.750,108.400,109.700,27442300,113.549,114.537,114.944
222,10/11/2014,109.019997,109.330,108.670,108.830,27195500,112.614,113.715,114.762
223,07/11/2014,108.75,109.320,108.550,109.010,33691500,111.906,113.101,114.565
224,06/11/2014,108.599998,108.790,107.800,108.700,34968500,111.060,112.121,114.225
225,05/11/2014,109.099998,109.300,108.130,108.860,37435900,110.419,111.327,113.863
226,04/11/2014,109.360001,109.490,107.720,108.600,41574400,109.721,110.337,113.504
227,03/11/2014,108.220001,110.300,108.010,109.400,52282600,109.294,109.553,113.247
228,31/10/2014,108.010002,108.040,107.210,108.000,44639300,108.887,109.028,112.874
229,30/10/2014,106.959999,107.350,105.900,106.980,40654800,108.548,108.772,112.272
230,29/10/2014,106.650002,107.370,106.360,107.340,52687900,108.361,108.668,111.691
231,28/10/2014,105.400002,106.740,105.350,106.740,48060900,108.077,108.461,111.091
232,27/10/2014,104.849998,105.480,104.700,105.110,34187700,107.629,108.223,110.446
233,24/10/2014,105.18,105.490,104.530,105.220,47053900,107.174,107.848,109.865
234,23/10/2014,104.080002,105.050,103.630,104.830,71074700,106.703,107.426,109.290
235,22/10/2014,102.839996,104.110,102.600,102.990,68263100,105.901,106.649,108.715
236,21/10/2014,103.019997,103.020,101.270,102.470,94623900,105.210,106.029,108.077
237,20/10/2014,98.32,99.960,98.220,99.760,77517300,104.307,105.435,107.300
238,17/10/2014,97.5,99.000,96.810,97.670,68179700,103.099,104.492,106.531
239,16/10/2014,95.550003,97.720,95.410,96.260,72154500,101.789,103.392,105.723
240,15/10/2014,97.970001,99.150,95.180,97.540,100933600,100.843,102.444,105.054
241,14/10/2014,100.389999,100.520,98.570,98.750,63688600,100.034,101.291,104.554
242,13/10/2014,101.330002,101.780,99.810,99.810,53583400,99.406,100.086,104.130
243,10/10/2014,100.690002,102.030,100.300,100.730,66331600,99.124,99.227,103.733
244,09/10/2014,101.540001,102.380,100.610,101.020,77376500,98.943,98.443,103.378
245,08/10/2014,98.760002,101.110,98.310,100.800,57404700,99.073,98.290,102.943
246,07/10/2014,99.43,100.120,98.730,98.750,42094200,99.208,98.632,102.473
247,06/10/2014,99.949997,100.650,99.420,99.620,37051200,99.628,99.380,102.006
248,03/10/2014,99.440002,100.210,99.040,99.620,43469600,99.888,99.902,101.600
249,02/10/2014,99.269997,100.220,98.040,99.900,47757800,100.031,100.186,101.232
250,01/10/2014,100.589996,100.690,98.700,99.180,51491300,99.953,100.218,100.857
251,30/09/2014,100.809998,101.540,100.530,100.750,55264100,99.955,100.046,100.590
252,29/09/2014,98.650002,100.440,98.630,100.110,49766300,99.841,99.784,100.322
253,26/09/2014,98.529999,100.750,98.400,100.750,62370500,99.835,99.569,100.066
254,25/09/2014,100.510002,100.710,97.720,97.870,100092000,99.725,99.786,99.779
255,24/09/2014,102.160004,102.850,101.200,101.750,60171800,99.991,99.869,99.714
256,23/09/2014,100.599998,102.940,100.540,102.640,63402200,100.369,100.035,99.704
257,22/09/2014,101.800003,102.140,100.580,101.060,52788400,100.514,100.171,99.801
258,19/09/2014,102.290001,102.350,100.500,100.960,70902400,100.736,100.517,99.973
259,18/09/2014,101.93,102.350,101.560,101.790,37299400,100.866,100.543,100.245
260,17/09/2014,101.269997,101.800,100.590,101.580,60926500,101.050,100.752,100.447
261,16/09/2014,99.800003,101.260,98.890,100.860,66908100,101.064,100.822,100.500
262,15/09/2014,102.809998,103.050,101.440,101.630,61316500,101.534,101.636,100.578
263,12/09/2014,101.209999,102.190,101.080,101.660,62626100,101.523,101.585,100.609
264,11/09/2014,100.410004,101.440,99.620,101.430,62353100,101.371,101.303,100.584
265,10/09/2014,98.010002,101.110,97.760,101.000,100869600,101.364,101.371,100.578
266,09/09/2014,99.080002,103.080,96.140,97.990,189846300,100.993,101.378,100.572
267,08/09/2014,99.300003,99.310,98.050,98.360,46356700,100.564,101.106,100.506
268,05/09/2014,98.800003,99.390,98.310,98.970,58457000,100.238,100.807,100.469
269,04/09/2014,98.849998,100.090,97.790,98.120,85718000,99.895,100.593,100.433
270,03/09/2014,103.099998,103.200,98.580,98.940,125421000,99.559,100.133,100.469
271,02/09/2014,103.059998,103.740,102.720,103.300,53564000,99.764,99.711,100.584
272,29/08/2014,102.860001,102.900,102.200,102.500,44595000,99.898,99.371,100.725
273,28/08/2014,101.589996,102.780,101.560,102.250,68460000,100.054,99.160,100.836
274,27/08/2014,101.019997,102.570,100.700,102.130,52369000,100.571,99.734,100.988
275,26/08/2014,101.419998,101.500,100.860,100.890,33152000,100.888,100.296,100.945
276,25/08/2014,101.790001,102.170,101.280,101.540,40270000,101.209,100.793,100.927
277,22/08/2014,100.290001,101.470,100.190,101.320,44184000,101.609,101.568,100.913
278,21/08/2014,100.57,100.940,100.110,100.580,33478000,101.814,102.207,100.877
279,20/08/2014,100.440002,101.090,99.950,100.570,52699000,101.472,101.801,100.809
280,19/08/2014,99.410004,100.680,99.320,100.530,69399000,101.226,101.518,100.751
281,18/08/2014,98.489998,99.370,97.980,99.160,47572000,100.840,101.204,100.676
282,15/08/2014,97.900002,98.190,96.860,97.980,48951000,100.321,100.803,100.458
283,14/08/2014,97.330002,97.570,96.800,97.500,28116000,99.898,100.582,100.241
284,13/08/2014,96.150002,97.240,96.040,97.240,31916000,99.360,100.098,100.041
285,12/08/2014,96.040001,96.880,95.610,95.970,33795000,98.691,99.513,99.851
286,11/08/2014,95.269997,96.080,94.840,95.990,36585000,98.118,98.966,99.679
287,08/08/2014,94.260002,94.820,93.280,94.740,41865000,97.389,98.259,99.464
288,07/08/2014,94.93,95.950,94.100,94.480,46711000,96.633,97.393,99.262
289,06/08/2014,94.75,95.480,94.710,94.960,38558000,96.108,96.715,99.081
290,05/08/2014,95.360001,95.680,94.360,95.120,55933000,95.750,96.219,98.822
291,04/08/2014,96.370003,96.580,95.170,95.590,39958000,95.511,95.777,98.448
292,01/08/2014,94.900002,96.620,94.810,96.130,48511000,95.372,95.362,98.114
293,31/07/2014,97.160004,97.450,95.330,95.600,56843000,95.326,95.219,97.811
294,30/07/2014,98.440002,98.700,97.670,98.150,33010000,95.596,95.132,97.629
295,29/07/2014,99.330002,99.440,98.250,98.380,43143000,96.051,95.423,97.510
296,28/07/2014,97.82,99.240,97.550,99.020,55318000,96.619,95.898,97.357
297,25/07/2014,96.849998,97.840,96.640,97.670,43469000,96.957,96.342,97.176
298,24/07/2014,97.040001,97.320,96.420,97.030,45729000,97.196,96.804,96.995
299,23/07/2014,95.419998,97.880,95.170,97.190,92918000,97.396,97.205,96.806
300,22/07/2014,94.68,94.890,94.120,94.720,55197000,97.220,97.447,96.526
301,21/07/2014,94.989998,95.000,93.720,93.940,39079000,97.012,97.761,96.295
302,18/07/2014,93.620003,94.740,93.020,94.430,49988000,96.547,97.405,96.114
303,17/07/2014,95.029999,95.280,92.570,93.090,57298000,95.886,96.851,95.932
304,16/07/2014,96.970001,97.100,94.740,94.780,53396300,95.356,96.037,95.867
305,15/07/2014,96.800003,96.850,95.030,95.320,45477900,95.062,95.457,95.846
306,14/07/2014,95.860001,96.890,95.650,96.450,42810000,94.990,95.004,95.881
307,11/07/2014,95.360001,95.890,94.860,95.220,34018000,94.744,94.460,95.933
308,10/07/2014,93.760002,95.550,93.520,95.040,39686000,94.784,94.474,95.926
309,09/07/2014,95.440002,95.950,94.760,95.390,36436000,94.965,94.702,95.942
310,08/07/2014,96.269997,96.800,93.920,95.350,65222000,95.080,94.847,95.957
311,07/07/2014,94.139999,95.990,94.100,95.970,56468000,95.440,95.369,95.936
312,03/07/2014,93.669998,94.100,93.200,94.030,22891800,95.346,95.495,95.832
313,02/07/2014,93.870003,94.060,93.090,93.480,28465000,95.116,95.449,95.703
314,01/07/2014,93.519997,94.070,93.130,93.520,38223000,94.750,95.072,95.473
315,30/06/2014,92.099998,93.730,92.090,92.930,49482300,94.464,94.904,95.184
316,27/06/2014,90.82,92.000,90.770,91.980,64029000,94.081,94.691,94.833
317,26/06/2014,90.370003,91.050,89.800,90.900,32629000,93.520,94.275,94.493
318,25/06/2014,90.209999,90.700,89.650,90.360,36869000,92.896,93.730,94.159
319,24/06/2014,90.75,91.740,90.190,90.280,39036000,92.185,92.889,93.858
320,23/06/2014,91.32,91.620,90.600,90.830,43694000,91.785,92.390,93.680
321,20/06/2014,91.849998,92.550,90.900,90.910,100898000,91.464,91.942,93.542
322,19/06/2014,92.290001,92.300,91.340,91.860,35528000,91.256,91.439,93.430
323,18/06/2014,92.269997,92.290,91.350,92.180,33514000,91.163,91.046,93.345
324,17/06/2014,92.309998,92.700,91.800,92.080,29726000,91.175,90.867,93.178
325,16/06/2014,91.510002,92.750,91.450,92.200,35561000,91.338,90.964,92.998
326,13/06/2014,92.199997,92.440,90.880,91.280,54525000,91.453,91.207,92.758
327,12/06/2014,94.040001,94.120,91.900,92.290,54749000,91.704,91.523,92.630
328,11/06/2014,94.129997,94.760,93.470,93.860,45681000,92.083,91.802,92.596
329,10/06/2014,94.730003,95.050,93.570,94.250,62777000,92.500,92.155,92.543
330,09/06/2014,92.699997,93.880,91.750,93.700,75415000,92.730,92.348,92.430
331,06/06/2014,649.900002,651.260,644.470,645.570,87484600,161.904,107.843,120.018
332,05/06/2014,646.199997,649.370,642.610,647.350,75951400,231.313,138.783,147.651
333,04/06/2014,637.44001,647.890,636.110,644.820,83870500,300.390,185.048,175.121
334,03/06/2014,628.459991,638.740,628.250,637.540,73177300,368.672,246.690,202.184
335,02/06/2014,633.959984,634.830,622.500,628.650,92337700,435.717,323.007,228.972
336,30/05/2014,637.979996,644.170,628.900,633.000,141005200,503.110,413.952,256.160
337,29/05/2014,627.849991,636.870,627.770,635.380,94118500,570.751,519.841,283.298
338,28/05/2014,626.019989,629.830,623.780,624.010,78870400,637.040,640.583,310.080
339,27/05/2014,615.879997,625.860,615.630,625.630,87216500,634.548,638.134,336.662
340,23/05/2014,607.25,614.730,606.470,614.130,58052400,630.395,634.366,362.700
341,22/05/2014,606.599998,609.850,604.100,607.270,50190000,625.701,630.118,388.481
342,21/05/2014,603.830002,606.700,602.060,606.310,49214900,621.798,626.619,414.140
343,20/05/2014,604.510017,606.400,600.730,604.710,58709000,618.805,624.431,439.741
344,19/05/2014,597.849998,607.330,597.330,604.590,79438800,615.254,620.488,465.285
345,16/05/2014,588.629974,597.530,585.400,597.510,69064100,610.520,614.963,490.352
346,15/05/2014,594.70002,596.600,588.040,588.820,57711500,606.121,610.988,515.333
347,14/05/2014,592.430008,597.400,591.740,593.870,41601000,602.151,605.771,540.412
348,13/05/2014,591.999985,594.540,590.700,593.760,39934300,599.605,602.543,565.360
349,12/05/2014,587.489975,593.660,587.400,592.830,53302200,597.800,600.438,590.211
350,09/05/2014,584.540001,586.250,580.330,585.540,72899400,595.204,597.970,614.757
351,08/05/2014,588.249992,594.410,586.400,587.990,57574300,593.114,595.393,611.882
352,07/05/2014,595.249992,597.290,587.730,592.330,70716100,591.581,592.503,609.182
353,06/05/2014,601.799995,604.410,594.410,594.410,93641100,591.194,591.099,606.923
354,05/05/2014,590.140022,601.000,590.000,600.960,71766800,592.711,591.964,605.046
355,02/05/2014,592.340019,594.200,589.710,592.580,47878600,592.550,591.670,603.222
356,01/05/2014,591.999985,594.800,586.360,591.480,61012000,592.265,591.338,600.998
357,30/04/2014,592.639999,599.430,589.800,590.090,114160200,591.923,591.136,598.986
358,29/04/2014,593.739998,595.980,589.510,592.330,84344400,592.771,592.743,597.323
359,28/04/2014,572.800026,595.750,572.550,594.090,167371400,593.534,593.975,595.577
360,25/04/2014,564.529984,571.990,563.960,571.940,97568800,590.985,593.676,593.453
361,24/04/2014,568.210014,570.000,560.730,567.770,189977900,587.655,592.175,591.408
362,23/04/2014,529.060013,531.130,524.450,524.750,98735000,578.129,587.102,587.496
363,22/04/2014,528.309982,531.830,526.500,531.700,50640800,570.519,582.199,583.799
364,21/04/2014,525.339981,532.140,523.960,531.170,45637200,562.980,575.866,580.099
365,17/04/2014,519.999992,527.760,519.200,524.940,71083600,554.836,568.032,576.623
366,16/04/2014,518.049988,521.090,514.140,519.010,53691400,545.671,557.663,572.970
367,15/04/2014,520.270012,521.640,511.330,517.960,66622500,536.155,544.789,569.102
368,14/04/2014,521.900009,522.160,517.210,521.680,51418500,529.873,535.440,565.469
369,11/04/2014,519.000023,522.830,517.140,519.610,67929400,523.853,525.681,561.897
370,10/04/2014,530.680023,532.240,523.170,523.480,59913000,523.694,525.446,559.010
371,09/04/2014,522.639999,530.490,522.020,530.320,51542400,523.521,523.629,555.911
372,08/04/2014,525.190018,526.120,518.700,523.440,60972100,522.555,521.714,552.426
373,07/04/2014,528.019989,530.900,521.890,523.470,72462600,522.371,521.143,548.810
374,04/04/2014,539.810005,540.000,530.580,531.820,68812800,523.973,522.246,545.650
375,03/04/2014,541.390015,542.500,537.640,538.790,40586000,526.576,524.161,543.024
376,02/04/2014,542.379997,543.480,540.260,542.550,45105200,529.185,525.829,540.585
377,01/04/2014,537.760025,541.870,536.770,541.650,50190000,531.940,528.569,537.935
378,31/03/2014,539.230019,540.810,535.930,536.740,42167300,533.598,530.817,535.196
379,28/03/2014,538.319984,538.940,534.250,536.860,50141000,534.415,531.727,532.657
380,27/03/2014,540.019997,541.500,535.120,537.460,55507900,536.167,534.555,531.093
381,26/03/2014,546.520012,549.000,538.860,539.780,74942000,538.206,537.830,529.912
382,25/03/2014,541.499977,545.750,539.590,544.990,70573300,539.852,539.615,530.746
383,24/03/2014,538.420013,540.500,535.060,539.190,88925200,539.902,539.862,531.158
384,21/03/2014,531.929985,533.750,526.330,532.870,93511600,538.692,539.005,531.252
385,20/03/2014,529.889992,532.670,527.350,528.700,52099600,537.074,537.988,531.533
386,19/03/2014,532.259979,536.240,529.000,531.260,56189000,536.389,537.910,532.237
387,18/03/2014,525.899994,531.970,525.200,531.400,52411800,535.706,537.654,532.864
388,17/03/2014,527.699982,529.970,525.850,526.740,49886200,534.366,536.966,533.223
389,14/03/2014,528.789993,530.890,523.000,524.690,59299800,532.480,535.344,533.539
390,13/03/2014,537.440018,539.660,529.160,530.650,64435700,530.688,532.166,533.882
391,12/03/2014,534.510017,537.350,532.000,536.610,49831600,530.365,530.204,534.268
392,11/03/2014,535.450012,538.740,532.590,536.090,69806100,530.767,529.737,534.920
393,10/03/2014,528.360023,533.330,528.340,530.920,44646000,531.045,530.258,535.193
394,07/03/2014,531.090019,531.980,526.050,530.440,55182400,530.942,530.188,534.960
395,06/03/2014,532.789978,534.440,528.100,530.750,46372200,530.861,530.068,534.533
396,05/03/2014,530.919975,534.750,529.130,532.360,50015700,531.564,531.140,534.032
397,04/03/2014,530.999977,532.640,527.770,531.240,64785000,532.382,532.849,533.555
398,03/03/2014,523.419991,530.650,522.810,527.760,59695300,532.021,533.154,533.017
399,28/02/2014,529.079987,532.750,522.120,526.240,92992200,530.725,531.846,532.535
400,27/02/2014,517.140007,528.780,516.050,527.670,75470500,529.672,530.420,531.842
401,26/02/2014,523.610008,525.000,515.600,517.350,69054300,527.976,529.766,530.680
402,25/02/2014,529.38002,529.570,521.000,522.060,57988000,526.929,528.986,529.719
403,24/02/2014,523.150024,529.920,522.420,527.550,72227400,526.529,528.048,529.138
404,21/02/2014,532.789978,534.570,524.600,525.250,69696200,525.640,526.554,528.996
405,20/02/2014,532.989983,537.000,529.000,531.150,76464500,525.629,525.308,529.136
406,19/02/2014,544.749985,546.890,534.350,537.370,78442000,526.830,525.101,529.505
407,18/02/2014,546,551.190,545.610,545.990,65062900,529.299,525.781,530.408
408,14/02/2014,542.469986,545.980,541.210,543.990,68231100,531.339,526.596,531.219
409,13/02/2014,534.659981,544.850,534.200,544.430,76849500,534.724,530.457,531.967
410,12/02/2014,536.95002,539.560,533.240,535.920,77025200,536.456,533.656,532.121
411,11/02/2014,530.610008,537.750,529.500,535.960,70564200,537.507,535.869,532.075
412,10/02/2014,518.659988,531.990,518.000,528.990,86389800,537.975,538.696,531.601
413,07/02/2014,521.379997,522.930,517.380,519.680,92570100,536.541,539.894,531.058
414,06/02/2014,510.060005,513.500,507.810,512.510,64441300,533.434,539.020,530.147
415,05/02/2014,506.560005,515.280,506.250,512.590,82086200,529.259,535.302,529.161
416,04/02/2014,505.849976,509.460,502.760,508.790,94170300,524.859,531.050,527.907
417,03/02/2014,502.610008,507.730,499.300,501.530,100366000,519.496,525.509,526.522
418,31/01/2014,495.179985,501.530,493.550,500.600,116199300,515.081,520.879,525.097
419,30/01/2014,502.539993,506.500,496.700,499.780,169625400,510.559,515.234,523.795
420,29/01/2014,503.950012,507.370,498.620,500.750,125702500,507.029,510.354,522.699
421,28/01/2014,508.760002,515.000,502.070,506.500,266380800,505.381,507.176,522.125
422,27/01/2014,550.07,554.800,545.750,550.500,138719700,510.130,506.647,523.433
423,24/01/2014,554.000023,555.620,544.750,546.070,107338700,514.315,507.031,524.542
424,23/01/2014,549.94001,556.500,544.810,556.180,100809800,520.239,509.575,525.759
425,22/01/2014,550.910019,557.290,547.810,551.510,94996300,526.486,515.121,526.750
426,21/01/2014,540.990005,550.070,540.420,549.070,82131700,532.545,522.219,527.100
427,17/01/2014,551.480019,552.070,539.900,540.670,106684900,537.656,530.636,526.930
428,16/01/2014,554.900017,556.850,551.680,554.250,57319500,544.344,540.324,527.457
429,15/01/2014,553.520012,560.200,551.660,557.360,97909700,550.701,550.146,528.219
430,14/01/2014,538.220009,546.730,537.660,546.390,83140400,550.187,550.077,528.587
431,13/01/2014,529.910019,542.500,529.880,535.730,94623200,548.895,550.705,528.669
432,10/01/2014,539.829979,540.800,531.110,532.940,76244000,545.990,548.440,529.100
433,09/01/2014,546.800018,546.860,535.350,536.520,69787200,544.116,546.797,530.079
434,08/01/2014,538.809982,545.560,538.690,543.460,64632400,543.415,545.541,531.644
435,07/01/2014,544.320015,545.960,537.920,540.040,79302300,543.336,546.133,533.140
436,06/01/2014,537.450005,546.800,533.600,543.930,103152700,542.046,543.421,534.862
437,03/01/2014,552.860023,553.700,540.430,540.980,98116900,539.999,539.563,536.972
438,02/01/2014,555.680008,557.030,552.020,553.130,58671200,540.841,538.330,539.747
439,31/12/2013,554.170013,561.280,554.000,561.020,55771100,544.003,540.168,542.635
440,30/12/2013,557.460022,560.090,552.320,554.520,63407400,546.700,543.226,545.305
441,27/12/2013,563.820007,564.410,559.500,560.090,56471100,549.646,546.143,547.979
442,26/12/2013,568.099998,569.500,563.380,563.900,51002000,552.201,548.086,548.741
443,24/12/2013,569.889999,571.880,566.030,567.670,41888700,555.655,551.556,549.727
444,23/12/2013,568.000023,570.720,562.760,570.090,125326600,558.925,554.888,550.495
445,20/12/2013,545.43,551.610,544.820,549.020,109103400,559.930,559.099,550.309
446,19/12/2013,549.5,550.000,543.730,544.460,80077200,558.846,560.369,550.286
447,18/12/2013,549.700005,551.450,538.800,550.770,141465800,557.565,559.601,550.426
448,17/12/2013,555.809998,559.440,553.380,554.990,57475600,557.624,560.291,550.509
449,16/12/2013,555.02002,562.640,555.010,557.500,70648200,557.300,559.671,550.608
450,13/12/2013,562.849998,562.880,553.670,554.430,83205500,556.116,557.941,551.278
451,12/12/2013,562.140022,565.340,560.030,560.540,65572500,555.225,555.176,552.575
452,11/12/2013,567,570.970,559.690,561.360,89929700,554.134,551.630,554.028
453,10/12/2013,563.580002,567.880,561.200,565.550,69567400,556.200,553.226,555.293
454,09/12/2013,560.899994,569.580,560.900,566.430,80123400,558.946,556.445,556.446
455,06/12/2013,565.789986,566.750,559.570,560.020,86088100,560.102,558.519,557.486
456,05/12/2013,572.650009,575.140,566.410,567.900,111895000,561.716,560.013,558.905
457,04/12/2013,565.499992,569.190,560.820,565.000,94452400,562.654,561.159,559.903
458,03/12/2013,558.299988,566.380,557.680,566.320,112742000,564.140,563.316,560.373
459,02/12/2013,558.000008,564.330,550.820,551.230,118136200,562.976,563.858,560.208
460,29/11/2013,549.480026,558.330,547.810,556.070,79531900,562.315,564.070,560.129
461,27/11/2013,536.310005,546.000,533.400,545.960,90862100,559.866,562.807,559.152
462,26/11/2013,524.11998,536.140,524.000,533.400,100345700,555.737,560.431,557.431
463,25/11/2013,521.019989,525.870,521.000,523.740,57327900,551.202,558.471,555.182
464,22/11/2013,519.519981,522.160,518.530,519.800,55931400,545.190,553.425,552.797
465,21/11/2013,517.599991,521.210,513.670,521.140,65506700,539.707,547.804,551.307
466,20/11/2013,519.229988,520.420,514.330,515.000,48479200,533.292,540.465,549.833
467,19/11/2013,519.029984,523.380,517.970,519.550,52234700,529.332,535.599,548.497
468,18/11/2013,524.990013,527.190,518.200,518.630,61236000,524.652,528.617,546.768
469,15/11/2013,526.580009,529.090,524.490,524.990,79480100,522.031,523.299,545.158
470,14/11/2013,522.80999,529.280,521.870,528.160,70604800,521.376,520.627,543.630
471,13/11/2013,518,522.250,516.960,520.630,49305200,520.987,520.016,541.529
472,12/11/2013,517.670006,523.920,517.000,520.010,51069200,521.014,520.286,539.344
473,11/11/2013,519.990005,521.670,514.410,519.050,56863100,520.752,520.199,537.019
474,08/11/2013,514.580002,521.130,512.590,520.560,69829200,521.448,521.632,534.642
475,07/11/2013,519.580009,523.190,512.380,512.490,65655100,520.565,521.858,532.337
476,06/11/2013,524.149994,524.860,518.200,520.920,55843900,520.851,522.351,529.913
477,05/11/2013,524.580017,528.890,523.000,525.450,66303300,520.909,521.444,527.952
478,04/11/2013,521.099991,526.820,518.810,526.750,61156900,520.733,519.794,525.985
479,01/11/2013,524.020004,524.800,515.840,520.030,68722500,520.658,519.800,524.223
480,31/10/2013,525,527.490,521.270,522.700,68924100,520.994,520.019,522.711
481,30/10/2013,519.610023,527.520,517.020,524.900,88540900,521.725,520.613,521.779
482,29/10/2013,536.270004,539.250,514.540,516.680,158951800,521.240,520.764,521.394
483,28/10/2013,529.039986,531.000,523.210,529.880,137610200,523.414,523.192,521.619
484,25/10/2013,531.319984,533.230,525.110,525.960,84448000,524.044,523.886,522.016
485,24/10/2013,525,532.470,522.450,531.910,96191200,524.851,523.753,522.529
486,23/10/2013,519.000023,525.670,519.000,524.960,78430800,524.628,523.281,522.861
487,22/10/2013,526.410019,528.450,508.030,519.870,133515900,524.608,524.298,522.785
488,21/10/2013,511.770004,524.300,511.520,521.360,99526700,524.440,524.685,522.671
489,18/10/2013,505.990005,509.260,505.710,508.890,72635500,522.439,524.138,521.759
490,17/10/2013,499.979988,504.780,499.680,504.500,63398300,520.916,525.079,520.586
491,16/10/2013,500.789993,502.530,499.230,501.110,62775300,517.320,522.288,519.637
492,15/10/2013,497.510025,502.000,495.520,498.680,80018400,513.910,519.611,518.558
493,14/10/2013,489.830009,497.580,489.350,496.040,65474500,509.426,514.614,517.355
494,11/10/2013,486.989998,493.840,485.160,492.810,66934700,505.407,510.269,515.981
495,10/10/2013,491.319977,492.380,487.040,489.640,69650700,501.629,506.216,514.664
496,09/10/2013,484.639984,487.790,478.280,486.590,75431300,497.282,500.865,512.809
497,08/10/2013,489.940025,490.640,480.540,480.940,72729300,493.789,497.509,510.722
498,07/10/2013,486.559975,492.650,485.350,487.750,78073100,491.695,494.664,508.945
499,04/10/2013,483.859993,484.600,478.600,483.030,64717100,489.435,492.069,507.037
500,03/10/2013,490.510025,492.350,480.740,483.410,80688300,487.526,489.591,505.121
501,02/10/2013,485.63002,491.800,483.750,489.560,72296000,486.716,487.519,503.382
502,01/10/2013,478.449989,489.140,478.380,487.960,88470900,486.110,486.030,501.466
503,30/09/2013,477.250015,481.660,474.410,476.750,65039100,484.499,484.887,498.945
504,27/09/2013,483.779991,484.670,480.720,482.750,57010100,484.019,484.316,496.675
505,26/09/2013,486.000015,488.560,483.900,486.220,59305400,484.679,485.147,494.540
506,25/09/2013,489.199982,489.640,481.430,481.530,79239300,483.901,484.291,492.589
507,24/09/2013,494.880005,495.470,487.820,489.100,91086100,484.660,484.654,491.190
508,23/09/2013,496.100006,496.910,482.600,490.640,190526700,485.564,485.132,489.739
509,20/09/2013,477.999992,478.550,466.000,467.410,174825700,482.795,483.629,487.874
510,19/09/2013,470.700012,475.830,469.250,472.300,101135300,480.838,482.046,486.348
511,18/09/2013,463.18,466.350,460.660,464.680,114215500,479.329,482.619,484.495
512,17/09/2013,447.959999,459.710,447.500,455.320,99845200,475.900,481.097,482.267
513,16/09/2013,460.999977,461.610,447.220,450.120,135926700,471.388,477.801,480.200
514,13/09/2013,469.339981,471.830,464.700,464.900,74708900,469.309,475.085,479.027
515,12/09/2013,468.500015,475.400,466.010,472.690,101012800,467.258,470.231,478.111
516,11/09/2013,467.009995,473.690,464.810,467.710,224674100,464.391,464.398,477.337
517,10/09/2013,506.199997,507.450,489.500,494.640,185798900,467.795,464.484,477.995
518,09/09/2013,505.000023,507.920,503.480,506.170,85171800,472.029,464.423,478.858
519,06/09/2013,498.43998,499.380,489.950,498.220,89881400,476.221,466.988,479.547
520,05/09/2013,500.250008,500.680,493.640,495.270,59091900,481.215,472.742,480.099
521,04/09/2013,499.560005,502.240,496.280,498.690,86258200,487.286,481.002,480.634
522,03/09/2013,493.099991,500.600,487.350,488.580,82982200,490.246,486.634,480.984
523,30/08/2013,491.999992,492.950,486.500,487.220,68074300,492.062,490.939,481.549
524,29/08/2013,491.650024,496.500,491.130,491.700,59914400,495.061,497.017,482.068
525,28/08/2013,486.000015,495.800,486.000,490.900,76902000,494.594,497.007,482.302
526,27/08/2013,498.000023,502.510,486.300,488.590,106047200,492.396,493.946,482.715
527,26/08/2013,500.749992,510.200,500.500,502.970,82741400,492.990,492.784,483.403
528,23/08/2013,503.269997,503.350,499.350,501.020,55682900,493.709,492.437,483.963
529,22/08/2013,504.979996,505.590,498.200,502.960,61051900,494.243,491.449,485.543
530,21/08/2013,503.590004,507.150,501.200,502.360,83969900,495.965,493.090,487.098
531,20/08/2013,509.709984,510.570,500.820,501.070,89672100,497.696,495.418,489.111
532,19/08/2013,504.339981,513.740,504.000,507.740,127629600,499.701,497.196,491.827
533,16/08/2013,500.149979,502.940,498.860,502.330,90576500,501.130,499.469,494.247
534,15/08/2013,496.420013,502.400,489.080,497.910,122573500,502.295,502.515,495.713
535,14/08/2013,497.88002,504.250,493.400,498.500,189093100,501.736,502.241,497.080
536,13/08/2013,470.940018,494.660,468.050,489.570,220485300,500.305,502.082,497.848
537,12/08/2013,456.860016,468.650,456.630,467.360,91108500,495.855,500.503,496.199
538,09/08/2013,458.639977,460.460,453.650,454.450,66716300,489.866,497.726,493.715
539,08/08/2013,463.860016,464.100,457.950,461.010,63944300,484.859,494.124,491.974
540,07/08/2013,463.799988,467.000,461.770,464.980,74714500,479.514,487.851,490.376
541,06/08/2013,468.020004,471.890,462.170,465.250,83714400,474.879,481.751,488.745
542,05/08/2013,464.689995,470.670,462.150,469.450,79713900,471.321,475.842,487.507
543,02/08/2013,458.010002,462.850,456.660,462.540,68695900,466.826,468.804,486.097
544,01/08/2013,455.749977,456.800,453.260,456.680,51562700,462.715,462.836,484.220
545,31/07/2013,454.990013,457.340,449.430,452.530,80739400,460.861,461.392,482.330
546,30/07/2013,449.959991,457.150,449.230,453.320,77355600,460.720,462.785,480.369
547,29/07/2013,440.799995,449.990,440.200,447.790,62014400,459.067,462.354,477.440
548,26/07/2013,435.300003,441.040,434.340,440.990,50038100,456.069,460.373,474.318
549,25/07/2013,440.699993,441.400,435.810,438.500,57373400,452.725,457.590,471.134
550,24/07/2013,438.929993,444.590,435.260,440.510,147984200,449.107,453.069,467.961
551,23/07/2013,426.000004,426.960,418.710,418.990,92348900,443.664,448.875,463.831
552,22/07/2013,429.460003,429.750,425.470,426.310,51949100,439.868,445.139,459.766
553,19/07/2013,433.100006,433.980,424.350,424.950,67180400,436.420,441.559,456.085
554,18/07/2013,433.380013,434.870,430.610,431.760,54719700,433.725,437.204,452.882
555,17/07/2013,429.700008,432.220,428.220,430.310,49747600,431.540,433.593,449.459
556,16/07/2013,426.519989,430.710,424.170,430.200,54134500,430.191,431.193,446.672
557,15/07/2013,425.009995,431.460,424.800,427.440,60479300,428.809,429.040,444.857
558,12/07/2013,427.650002,429.790,423.410,426.510,69890800,427.059,426.051,443.376
559,11/07/2013,422.950001,428.250,421.170,427.290,81573100,428.096,428.074,441.603
560,10/07/2013,419.599991,424.800,418.250,420.730,70351400,427.399,428.316,439.437
561,09/07/2013,413.599987,423.500,410.380,422.350,88146100,427.074,428.788,437.052
562,08/07/2013,420.109989,421.000,410.650,415.050,74534600,424.985,427.283,434.460
563,05/07/2013,420.389996,423.290,415.350,417.420,68506200,423.374,425.741,432.360
564,03/07/2013,420.859993,422.980,417.450,420.800,60232200,422.199,423.963,430.601
565,02/07/2013,409.960011,421.630,409.470,418.490,117466300,421.080,422.550,428.773
566,01/07/2013,402.689991,412.270,401.220,409.220,97763400,418.919,420.863,426.490
567,28/06/2013,391.360012,400.270,388.870,396.530,144629100,415.074,418.148,423.951
568,27/06/2013,399.249992,401.390,393.540,393.780,84311500,411.705,416.142,421.823
569,26/06/2013,403.900005,404.790,395.660,398.070,91931000,408.670,413.102,419.870
570,25/06/2013,405.699993,407.790,398.830,402.630,78540700,407.117,411.340,418.018
571,24/06/2013,407.400005,408.660,398.050,402.540,120186500,405.257,408.637,417.095
572,21/06/2013,418.490005,420.000,408.100,413.500,120279600,404.345,404.980,416.429
573,20/06/2013,419.300011,425.980,415.170,416.840,89327700,404.139,401.791,416.008
574,19/06/2013,431.399994,431.660,423.000,423.000,77735000,405.861,401.045,415.682
575,18/06/2013,431.559998,434.900,430.210,431.770,48756400,410.266,404.097,415.784
576,17/06/2013,431.439995,435.700,430.360,432.000,64853600,415.044,408.822,416.000
577,14/06/2013,435.400005,436.290,428.500,430.050,67966500,419.041,413.483,416.186
578,13/06/2013,432.499992,437.140,428.750,435.960,71458100,423.207,418.056,416.555
579,12/06/2013,439.499992,441.250,431.500,432.190,66306800,426.914,423.472,417.025
580,11/06/2013,435.740013,442.760,433.320,437.600,71528100,429.926,427.122,417.857
581,10/06/2013,444.729992,449.080,436.800,438.890,112538300,432.682,430.643,418.999
582,07/06/2013,436.500004,443.240,432.770,441.810,101133900,435.034,433.317,420.185
583,06/06/2013,445.470009,447.000,434.050,438.460,104233500,435.870,434.228,421.242
584,05/06/2013,445.650013,450.720,443.710,445.110,72647400,437.509,435.452,422.547
585,04/06/2013,453.219986,454.430,447.390,449.310,73182200,439.916,437.645,424.240
586,03/06/2013,450.729996,452.360,442.480,450.720,93088100,441.761,438.934,426.287
587,31/05/2013,452.500023,457.100,449.500,449.730,96075700,443.954,441.548,429.132
588,30/05/2013,445.650013,454.500,444.510,451.580,88379900,445.701,443.348,431.830
589,29/05/2013,440.000004,447.500,439.400,444.950,82644100,446.459,445.030,434.052
590,28/05/2013,449.900017,451.110,440.850,441.440,96536300,446.413,446.053,436.121
591,24/05/2013,440.85001,445.660,440.360,445.150,69041700,447.249,448.006,438.153
592,23/05/2013,435.950005,446.160,435.790,442.140,88255300,446.878,448.399,439.528
593,22/05/2013,444.050003,448.350,438.220,441.350,110759600,445.883,447.637,440.693
594,21/05/2013,438.150002,445.480,434.200,439.660,114005500,444.500,446.255,441.388
595,20/05/2013,431.909992,445.800,430.100,442.930,112894600,443.650,444.904,441.754
596,17/05/2013,439.049995,440.090,431.010,433.260,106976100,441.360,442.633,441.859
597,16/05/2013,423.239994,437.850,418.900,434.580,150801000,440.064,441.547,441.800
598,15/05/2013,439.160011,441.000,422.360,428.850,185403400,438.490,440.891,441.640
599,14/05/2013,453.850014,455.200,442.150,443.860,111779500,438.329,439.376,442.244
600,13/05/2013,451.509987,457.900,451.500,454.740,79237200,439.904,438.879,443.085
601,10/05/2013,457.970001,459.710,450.480,452.970,83713000,441.356,438.880,443.725
602,09/05/2013,459.80999,463.000,455.580,456.770,99621900,443.495,439.732,444.684
603,08/05/2013,459.039986,465.370,455.810,463.840,118149500,446.109,440.439,445.776
604,07/05/2013,464.970001,465.750,453.700,458.660,120938300,449.284,443.999,446.418
605,06/05/2013,455.709976,462.200,454.310,460.710,124160400,452.550,447.993,446.853
606,03/05/2013,451.309982,453.230,449.150,449.980,90325200,455.191,453.846,446.967
607,02/05/2013,441.779991,448.590,440.630,445.520,105457100,455.399,456.411,446.607
608,01/05/2013,444.459999,444.930,434.390,439.290,126727300,453.467,456.128,446.074
609,30/04/2013,435.099998,445.250,432.070,442.780,172884600,452.194,455.955,445.878
610,29/04/2013,420.449997,433.620,420.000,430.120,160081600,448.862,454.198,445.050
611,26/04/2013,409.809994,418.770,408.250,417.200,191024400,443.032,449.574,443.601
612,25/04/2013,411.23,413.940,407.000,408.380,96209400,436.747,444.705,442.022
613,24/04/2013,393.540009,415.250,392.500,405.460,242412800,429.841,437.845,440.110
614,23/04/2013,403.989994,408.380,398.810,406.130,166059600,424.360,432.152,438.343
615,22/04/2013,392.639988,402.200,391.270,398.670,107480100,418.504,426.148,436.231
616,19/04/2013,387.970001,399.600,385.100,390.530,152318600,412.409,420.174,434.079
617,18/04/2013,404.98999,405.790,389.740,392.050,166574800,406.067,412.016,432.350
618,17/04/2013,420.269993,420.600,398.110,402.800,236264000,402.652,405.912,431.171
619,16/04/2013,421.569996,426.610,420.570,426.240,76442800,403.782,402.931,430.042
620,15/04/2013,427,427.890,419.550,419.850,79380000,405.216,402.227,428.427
621,12/04/2013,434.14999,434.150,429.090,429.800,59653300,408.259,402.849,427.259
622,11/04/2013,433.719994,437.990,431.200,434.330,82091100,411.784,404.106,426.062
623,10/04/2013,428.099998,437.060,426.010,435.690,93982000,416.411,408.048,424.624
624,09/04/2013,426.360012,428.500,422.750,426.980,76653500,420.968,414.812,422.959
625,08/04/2013,424.849991,427.500,422.490,426.210,75207300,425.238,422.187,421.276
626,05/04/2013,424.499996,424.950,419.680,423.200,95923800,427.788,427.740,419.867
627,04/04/2013,433.759995,435.000,425.250,427.720,89611900,427.972,428.125,419.087
628,03/04/2013,431.370007,437.280,430.310,431.990,90804000,429.490,430.267,418.770
629,02/04/2013,427.599987,438.140,426.400,429.790,132379800,429.489,430.198,418.341
630,01/04/2013,441.899994,443.700,427.740,428.910,97433000,428.811,428.972,418.617
631,28/03/2013,449.820015,451.820,441.620,442.660,110709900,429.682,427.637,420.149
632,27/03/2013,456.460007,456.800,450.730,452.080,82809300,432.820,428.934,422.320
633,26/03/2013,465.440025,465.840,460.530,461.140,73573500,437.186,431.374,425.225
634,25/03/2013,464.689995,469.950,461.780,463.580,125283900,442.234,435.603,428.258
635,22/03/2013,454.580017,462.100,453.110,461.910,98776300,446.508,439.778,431.341
636,21/03/2013,450.220024,457.980,450.100,452.730,95813900,449.100,443.581,434.434
637,20/03/2013,457.419975,457.630,449.590,452.080,77165200,451.886,448.491,437.296
638,19/03/2013,459.500023,460.970,448.500,454.490,131693800,455.084,454.307,439.671
639,18/03/2013,441.449997,457.460,441.200,455.720,151549300,456.716,457.431,441.020
640,15/03/2013,437.929996,444.230,437.250,443.660,160990200,455.664,458.227,441.984
641,14/03/2013,432.830013,434.640,430.450,432.500,75968900,452.084,456.215,442.060
642,13/03/2013,428.449993,434.500,425.360,428.350,101387300,447.680,452.681,441.805
643,12/03/2013,435.60001,438.880,427.570,428.430,116477900,443.495,448.589,441.740
644,11/03/2013,429.749996,439.010,425.140,437.870,118559000,441.637,446.124,442.137
645,08/03/2013,429.800011,435.430,428.610,431.720,97870500,439.092,443.238,442.463
646,07/03/2013,424.499996,432.010,421.060,430.580,117118400,436.104,439.152,442.726
647,06/03/2013,434.509998,435.250,424.430,425.660,115062500,432.346,433.958,442.682
648,05/03/2013,421.480007,435.190,420.750,431.140,159608400,430.781,431.096,442.474
649,04/03/2013,427.799992,428.200,419.000,420.050,145688900,429.225,430.368,442.023
650,01/03/2013,438.000011,438.180,429.980,430.470,138112100,429.490,430.622,441.994
651,28/02/2013,444.050003,447.870,441.400,441.400,80628800,431.111,431.217,441.904
652,27/02/2013,448.430023,452.440,440.650,444.570,146837600,431.949,429.902,441.538
653,26/02/2013,443.820011,451.540,437.660,448.970,125374900,434.105,430.432,440.715
654,25/02/2013,453.850014,455.120,442.570,442.800,93144800,435.632,431.554,439.802
655,22/02/2013,449.250015,451.600,446.600,450.810,82663700,438.776,434.469,439.333
656,21/02/2013,446.000008,449.170,442.820,446.060,111795600,440.641,436.581,438.954
657,20/02/2013,457.689995,457.690,448.800,448.850,119075600,444.241,441.956,438.888
658,19/02/2013,461.100006,462.730,453.850,459.990,108945900,447.931,445.837,439.098
659,15/02/2013,468.849983,470.160,459.920,460.160,97936300,450.276,447.809,439.696
660,14/02/2013,464.520004,471.640,464.020,466.590,88818800,453.029,449.689,440.981
661,13/02/2013,467.209999,473.640,463.220,467.010,118801900,455.284,451.092,442.752
662,12/02/2013,479.509987,482.380,467.740,467.900,152263300,458.421,454.563,444.916
663,11/02/2013,476.499985,484.940,473.250,479.930,129372600,462.061,457.064,447.303
664,08/02/2013,474.000008,478.810,468.250,474.980,158289600,465.676,461.423,449.304
665,07/02/2013,463.250015,470.000,454.120,468.220,176145200,468.098,465.700,450.913
666,06/02/2013,456.469994,466.500,452.580,457.350,148426600,467.768,467.428,452.460
667,05/02/2013,444.050003,459.740,442.220,457.840,143336900,467.478,469.054,453.701
668,04/02/2013,453.909988,455.940,442.000,442.320,119279300,464.444,468.578,454.587
669,01/02/2013,459.110001,459.480,448.350,453.620,134871100,462.770,467.635,456.157
670,31/01/2013,456.980019,459.280,454.980,455.490,79833600,461.219,466.151,457.342
671,30/01/2013,456.999992,462.600,454.500,456.830,104288800,458.331,461.351,458.063
672,29/01/2013,458.5,460.200,452.120,458.270,142789500,456.243,457.187,458.612
673,28/01/2013,437.829994,453.210,435.860,449.830,196379400,453.944,454.014,458.624
674,25/01/2013,451.690018,456.230,435.000,439.880,302006600,451.760,452.772,458.468
675,24/01/2013,460.000008,465.730,450.250,450.500,365213100,450.842,451.217,458.759
676,23/01/2013,508.80999,514.990,504.770,514.010,215377400,459.804,455.102,462.021
677,22/01/2013,504.560013,507.880,496.630,504.770,115386600,466.197,457.897,464.587
678,18/01/2013,498.519981,502.220,496.400,500.000,118230700,471.761,461.513,466.621
679,17/01/2013,510.309998,510.750,502.030,502.680,113419600,477.493,466.105,468.708
680,16/01/2013,494.639999,509.440,492.500,506.090,172701200,483.470,471.705,470.471
681,15/01/2013,498.300003,498.990,483.380,485.920,219193100,487.981,480.183,471.545
682,14/01/2013,502.680023,507.500,498.510,501.750,183551900,495.715,492.591,473.040
683,11/01/2013,521.000015,525.320,519.020,520.300,87626700,504.440,504.578,475.149
684,10/01/2013,528.549988,528.720,515.520,523.510,150286500,505.628,502.715,477.577
685,09/01/2013,522.500023,525.010,515.990,517.100,101901100,507.169,503.248,480.340
686,08/01/2013,529.209976,531.890,521.250,525.310,114676800,510.333,505.544,483.707
687,07/01/2013,521.999985,529.300,515.200,523.900,121039100,512.985,507.834,487.184
688,04/01/2013,536.969994,538.630,525.830,527.000,148583400,515.599,509.947,491.370
689,03/01/2013,547.87999,549.670,541.000,542.100,88241300,522.621,518.103,495.892
690,02/01/2013,553.819992,555.000,541.630,549.030,140129500,528.531,524.054,500.491
691,31/12/2012,510.529976,535.400,509.000,532.170,164873100,530.015,526.213,503.868
692,28/12/2012,510.290024,514.480,508.120,509.590,88569600,528.275,527.272,506.561
693,27/12/2012,513.539978,516.250,504.660,515.060,113780100,528.020,529.699,509.846
694,26/12/2012,519.000023,519.460,511.120,513.000,75609100,526.481,529.959,513.387
695,24/12/2012,520.350014,524.250,518.710,520.170,43938300,526.015,530.429,516.665
696,21/12/2012,512.469994,519.670,510.240,519.330,149067100,525.056,529.997,516.922
697,20/12/2012,530.000008,530.200,518.880,521.730,120422400,522.510,525.644,517.948
698,19/12/2012,531.470001,533.700,525.500,526.310,112342300,519.670,519.119,519.396
699,18/12/2012,525,534.900,520.250,533.900,156421300,519.886,516.389,520.623
700,17/12/2012,508.929993,520.000,501.230,518.830,189401800,521.041,518.934,521.156
701,14/12/2012,514.749992,518.130,505.580,509.790,252394800,520.382,520.117,522.243
702,13/12/2012,531.149994,537.640,525.800,529.690,156314900,522.469,522.221,523.666
703,12/12/2012,547.769974,548.000,536.270,539.000,121786000,524.822,523.255,524.643
704,11/12/2012,539.770004,549.560,537.370,541.390,148086400,527.580,525.088,525.653
705,10/12/2012,525,538.510,521.580,529.820,157621100,528.591,526.613,526.183
706,07/12/2012,553.400009,555.200,530.000,533.250,196760200,529.459,527.313,526.850
707,06/12/2012,528.94001,553.310,518.630,547.240,294303100,531.126,526.696,527.696
708,05/12/2012,568.910004,569.250,538.770,538.790,261159500,533.621,529.983,528.618
709,04/12/2012,581.800018,581.800,572.130,575.850,139267100,541.879,537.114,530.235
710,03/12/2012,593.650009,594.590,585.500,586.190,91070000,548.941,541.392,532.246
711,30/11/2012,586.789986,588.400,582.680,585.280,97829900,554.726,544.887,535.242
712,29/11/2012,590.220024,594.250,585.250,589.360,128674700,560.722,549.183,539.187
713,28/11/2012,577.269981,585.800,572.260,582.940,130216100,567.362,557.526,542.604
714,27/11/2012,589.549995,590.420,580.100,584.780,133332500,573.804,566.538,546.132
715,26/11/2012,575.900017,590.000,573.710,589.530,157644900,579.090,573.616,549.301
716,23/11/2012,567.169991,572.000,562.600,571.500,68206600,583.179,583.480,551.915
717,21/11/2012,564.249977,567.370,556.600,561.700,93250500,581.410,584.715,553.830
718,20/11/2012,571.910019,571.950,554.580,560.910,160688500,578.250,582.951,555.528
719,19/11/2012,540.709999,567.500,539.880,565.730,205829400,575.806,580.846,556.929
720,16/11/2012,525.200005,530.000,505.750,527.680,316723400,568.096,576.120,557.319
721,15/11/2012,537.530006,539.500,522.620,525.620,197477700,560.931,571.229,558.223
722,14/11/2012,545.500015,547.450,536.180,536.880,119292600,554.944,564.599,558.679
723,13/11/2012,538.910011,550.480,536.360,542.900,133237300,549.115,555.618,558.787
724,12/11/2012,554.149986,554.500,538.650,542.830,128950500,545.531,549.847,558.915
725,09/11/2012,540.420006,554.880,533.720,547.060,232478400,543.701,545.847,559.677
726,08/11/2012,560.629974,562.230,535.290,537.750,264036500,540.806,541.380,559.958
727,07/11/2012,573.839996,574.540,555.750,558.000,198412200,539.840,535.627,561.110
728,06/11/2012,590.230011,590.740,580.090,582.850,93729300,546.736,539.861,562.891
729,05/11/2012,583.520004,587.770,577.600,584.620,132283900,554.111,546.193,563.228
730,02/11/2012,595.890007,596.950,574.750,576.800,149843400,559.101,551.131,562.931
731,01/11/2012,598.219994,603.000,594.170,596.540,90324500,565.806,556.221,563.554
732,31/10/2012,594.879997,601.960,587.700,595.320,127500800,572.367,562.785,563.822
733,26/10/2012,609.430023,614.000,591.000,604.000,254608200,579.485,569.991,564.956
734,25/10/2012,619.999985,622.000,605.550,609.540,164081400,588.459,581.259,566.319
735,24/10/2012,621.440018,626.550,610.640,616.830,139631800,595.812,589.662,567.999
736,23/10/2012,631.000023,633.900,611.700,613.360,176786400,599.626,593.390,570.546
737,22/10/2012,612.419998,635.380,610.760,634.030,136682700,605.802,598.097,573.788
738,19/10/2012,631.050011,631.770,609.620,609.840,186021500,609.932,605.460,576.518
739,18/10/2012,639.590019,642.060,630.000,632.640,119156100,614.445,609.439,580.377
740,17/10/2012,648.870018,652.790,644.000,644.610,97259400,620.606,615.058,586.677
741,16/10/2012,635.370003,650.300,631.000,649.790,137442900,626.330,620.020,592.399
742,15/10/2012,632.350014,635.130,623.850,634.760,108125500,629.482,624.452,596.953
743,12/10/2012,629.55999,635.380,625.300,629.710,115003700,631.093,627.621,601.297
744,11/10/2012,646.499977,647.200,628.100,628.100,136520300,632.935,631.971,605.754
745,10/10/2012,639.739983,644.980,637.000,640.910,127589000,633.795,631.919,610.542
746,09/10/2012,638.650024,640.490,623.550,635.850,209649300,637.046,637.965,614.952
747,08/10/2012,646.880013,647.560,636.110,638.170,159498500,637.738,639.098,618.844
748,05/10/2012,665.200005,666.000,651.280,652.590,148501500,638.735,637.792,622.448
749,04/10/2012,671.250023,674.250,665.550,666.800,92681400,640.861,635.808,626.725
750,03/10/2012,664.860023,671.860,662.630,671.450,106070300,645.447,638.183,631.015
751,02/10/2012,661.81002,666.350,650.650,661.310,156998100,649.397,642.558,634.092
752,01/10/2012,671.159981,676.750,656.500,659.390,135898700,653.309,648.160,637.553
753,28/09/2012,678.750008,681.110,666.750,667.100,133777700,656.582,651.643,640.985
754,27/09/2012,664.290024,682.170,660.350,681.320,148522500,662.266,657.513,644.098
755,26/09/2012,668.740005,672.690,661.200,665.180,144125800,665.642,663.618,646.516
756,25/09/2012,688.260025,692.780,673.000,673.540,129697400,668.261,667.101,649.522
757,24/09/2012,686.859993,695.120,683.000,690.790,159941600,671.260,668.092,652.667
758,21/09/2012,702.409988,705.070,699.360,700.090,142897300,674.840,668.845,656.889
759,20/09/2012,699.159981,700.060,693.620,698.700,84142100,679.514,672.890,660.017
760,19/09/2012,700.259979,703.990,699.570,702.100,81718700,684.853,678.549,662.754
761,18/09/2012,699.879997,702.330,696.420,701.910,93375800,689.204,683.461,665.581
762,17/09/2012,699.349998,699.800,694.610,699.780,99507800,691.511,685.725,668.921
763,14/09/2012,689.959984,696.980,687.890,691.280,150118500,694.774,692.302,672.017
764,13/09/2012,677.370003,685.500,674.770,682.980,149590000,695.954,697.283,674.348
765,12/09/2012,666.849976,669.900,656.000,669.790,178058300,693.329,697.847,675.562
766,11/09/2012,665.110016,670.100,656.500,660.590,125995800,688.391,695.247,677.017
767,10/09/2012,680.45002,683.290,662.100,662.740,121999500,683.896,691.957,678.455
768,07/09/2012,678.050018,682.480,675.770,680.440,82416600,681.189,687.310,679.602
769,06/09/2012,673.170013,678.290,670.800,676.270,97799100,677.984,681.993,679.914
770,05/09/2012,675.570015,676.350,669.600,670.230,84093800,674.290,676.329,680.085
771,04/09/2012,665.760017,675.140,664.500,674.970,91973000,672.251,672.100,680.690
772,31/08/2012,667.249985,668.600,657.250,665.240,84580300,670.034,669.223,680.664
773,30/08/2012,670.640022,671.550,662.850,663.870,75674900,669.294,669.113,680.386
774,29/08/2012,675.250008,677.670,672.600,673.470,50701700,670.904,671.405,680.384
775,28/08/2012,674.979988,676.100,670.670,674.800,66854200,672.411,673.554,680.759
776,27/08/2012,679.989983,680.870,673.540,675.680,106752100,671.816,671.638,680.606
777,24/08/2012,659.509995,669.480,655.550,663.220,109335100,670.185,670.286,679.261
778,23/08/2012,666.109985,669.900,661.150,662.630,105032200,669.235,670.064,677.414
779,22/08/2012,654.419998,669.000,648.110,668.870,141330700,668.472,668.621,675.641
780,21/08/2012,670.82,674.880,650.330,656.060,203179900,667.325,669.084,673.567
781,20/08/2012,650.010017,665.150,649.900,665.150,153346200,667.485,669.887,671.560
782,17/08/2012,640.000015,648.190,638.810,648.110,110690300,664.315,667.853,668.908
783,16/08/2012,631.210014,636.760,630.500,636.340,63633500,659.507,664.454,666.033
784,15/08/2012,631.300003,634.000,627.750,630.830,64335600,653.901,659.615,663.521
785,14/08/2012,631.870003,638.610,630.210,631.690,85042300,649.960,656.668,661.935
786,13/08/2012,623.390022,630.000,623.250,630.000,69708100,645.881,652.946,660.203
787,10/08/2012,618.710022,621.760,618.700,621.700,48734700,639.985,646.527,657.770
788,09/08/2012,617.849976,621.730,617.800,620.730,55410600,635.569,641.974,654.796
789,08/08/2012,619.389984,623.880,617.100,619.860,61176500,629.908,634.142,652.054
790,07/08/2012,622.769981,625.000,618.040,620.910,72611700,626.508,629.341,649.517
791,06/08/2012,617.290016,624.870,615.260,622.550,75525800,624.784,626.773,646.985
792,03/08/2012,613.630013,617.980,611.560,615.700,86230200,622.893,625.009,644.554
793,02/08/2012,602.840019,610.690,600.250,607.790,83039600,619.905,622.391,641.562
794,01/08/2012,615.910011,616.400,603.000,606.810,96125400,617.006,619.503,638.269
795,31/07/2012,603.229988,611.700,602.720,610.760,115581900,615.639,618.156,634.996
796,30/07/2012,590.920013,599.440,587.820,595.030,94785600,612.426,616.311,630.866
797,27/07/2012,575.01001,585.830,571.590,585.160,100984100,608.089,613.695,626.772
798,26/07/2012,579.760025,580.400,570.360,574.880,101658200,602.335,609.567,622.304
799,25/07/2012,574.459984,580.800,570.000,574.970,219328200,596.388,603.753,617.968
800,24/07/2012,607.37999,609.680,598.510,600.920,141283100,594.540,599.051,615.098
801,23/07/2012,594.399986,605.900,587.710,603.830,121993900,594.045,595.997,612.052
802,20/07/2012,613.029999,614.440,603.700,604.300,99367800,593.731,593.090,610.174
803,19/07/2012,611.279999,615.350,606.000,614.320,109215400,594.176,589.405,609.042
804,18/07/2012,606.590012,608.340,603.560,606.260,63175000,595.580,589.527,607.802
805,17/07/2012,610.790001,611.500,603.150,606.940,73406200,598.303,592.448,606.487
806,16/07/2012,605.120018,611.620,605.020,606.910,75315100,602.306,598.543,605.492
807,13/07/2012,602.949982,607.190,600.000,604.970,77856800,606.056,605.451,604.658
808,12/07/2012,600.240013,603.470,592.680,598.900,107010400,605.804,606.536,603.571
809,11/07/2012,606.119987,607.660,597.220,604.430,117330500,605.879,606.991,602.713
810,10/07/2012,617.969978,619.870,605.310,608.210,127989400,606.368,607.451,602.203
811,09/07/2012,605.299995,613.900,604.110,613.890,94851400,606.314,605.671,601.690
812,06/07/2012,607.089996,608.440,601.580,605.880,104732600,606.266,605.673,601.201
813,05/07/2012,600.56002,614.340,599.650,609.940,121095800,606.641,605.606,601.288
814,03/07/2012,594.879997,600.000,594.000,599.410,60428200,605.704,605.338,600.741
815,02/07/2012,584.730019,593.470,583.600,592.520,100023000,604.147,605.156,599.815
816,29/06/2012,577.999985,584.000,574.250,584.000,105375200,602.285,605.908,599.147
817,28/06/2012,571.670013,574.000,565.610,569.050,70709100,597.862,604.448,598.582
818,27/06/2012,575.000023,576.740,571.920,574.500,50749300,593.649,601.212,598.541
819,26/06/2012,571.329979,574.490,567.330,572.030,69134100,588.416,595.552,598.342
820,25/06/2012,577.299995,579.800,570.370,570.770,76095600,584.027,590.696,596.873
821,22/06/2012,579.040009,582.190,575.420,582.100,71117900,580.547,584.164,595.910
822,21/06/2012,585.439995,588.220,577.440,577.670,81587800,577.830,579.368,594.592
823,20/06/2012,588.209991,589.250,580.800,585.740,89735800,576.982,575.916,593.260
824,19/06/2012,583.400002,590.000,583.100,587.410,90351100,577.409,574.451,592.300
825,18/06/2012,570.959984,587.890,570.370,585.780,110103000,579.500,576.773,591.007
826,15/06/2012,570.999985,574.620,569.550,574.130,83813800,579.454,577.874,589.253
827,14/06/2012,571.23999,573.500,567.260,571.530,86393300,579.391,579.510,587.588
828,13/06/2012,574.520012,578.480,570.380,572.160,73395000,579.565,581.464,586.355
829,12/06/2012,574.459984,576.620,566.700,576.160,108845100,578.822,580.736,584.857
830,11/06/2012,587.719994,588.500,570.630,571.170,147816200,578.010,580.811,583.139
831,08/06/2012,571.599998,580.580,569.000,580.320,86879100,577.332,578.943,581.439
832,07/06/2012,577.290009,577.320,570.500,571.720,94941700,575.371,576.268,579.833
833,06/06/2012,567.770004,573.850,565.500,571.460,100363900,573.581,573.557,577.948
834,05/06/2012,561.269989,566.470,558.330,562.830,97053600,572.169,573.121,576.185
835,04/06/2012,561.500008,567.500,548.500,564.290,139248900,571.264,573.062,574.697
836,01/06/2012,569.159996,572.650,560.520,560.990,130246900,569.867,572.552,573.895
837,31/05/2012,580.740021,581.500,571.460,577.730,122918600,570.064,571.198,574.262
838,30/05/2012,569.199997,579.990,566.560,579.170,132357400,571.064,571.174,574.305
839,29/05/2012,570.900009,574.000,565.310,572.270,95127200,570.058,568.894,574.267
840,25/05/2012,564.590012,565.850,558.470,562.290,82126800,568.879,568.262,573.695
841,24/05/2012,575.870003,576.500,561.230,565.320,124057500,568.111,567.518,573.084
842,23/05/2012,557.500023,572.800,553.230,570.560,146224400,569.077,568.906,572.305
843,22/05/2012,569.550018,573.880,552.580,556.970,173717600,568.162,569.767,571.099
844,21/05/2012,534.499977,561.540,534.050,561.280,157776500,568.199,571.369,569.372
845,18/05/2012,533.959991,543.410,522.180,530.380,183073100,562.280,567.936,566.904
