id,Date,Open,High,Low,Close,Volume,SMA-8,WMA-12,cci-20,rsi-14
0,5/14/2012,33.42,33.56,33.05,33.53,30006400,33.53,33.53,0.0,0.0
1,5/15/2012,33.31,33.6,33.25,33.35,28024400,33.38,33.36,0.0,-inf
2,5/16/2012,33.47,33.55,33.17,33.19,22541800,33.26,33.22,-0.286373613246,-inf
3,5/17/2012,33.17,33.52,33.11,33.29,23399200,33.32,33.32,-0.576461602814,-100.0
4,5/18/2012,33.41,33.81,33.4,33.66,38876800,33.48,33.56,2.75203305027,0.0
5,5/21/2012,33.71,33.94,33.56,33.63,24667800,33.47,33.5,4.32909516951,-50.0
6,5/22/2012,33.56,33.81,33.44,33.54,28027300,33.46,33.44,2.37132043776,-100.0
7,5/23/2012,33.34,33.65,33.08,33.36,25725200,33.46,33.42,-1.67201618968,-150.0
8,5/24/2012,33.38,33.7,33.36,33.64,24082600,33.43,33.39,2.31830927265,-66.6666666667
9,5/25/2012,33.66,33.85,33.52,33.69,22284100,33.47,33.42,5.06649011245,-25.0
10,5/29/2012,33.89,33.98,33.7,33.94,22911100,33.54,33.51,11.3723570076,0.0
11,5/30/2012,33.72,34.11,33.7,33.84,30160800,33.64,33.6,11.4685719462,-20.0
12,5/31/2012,33.82,34.41,33.79,34.17,32259000,33.66,33.6,21.5715322541,0.0
13,6/1/2012,34.1,34.21,33.78,33.9,29091800,33.74,33.63,14.2054198423,-16.6666666667
14,6/4/2012,33.91,34.27,33.85,34.15,26700400,33.79,33.69,20.3841669397,14.2857142857
15,6/5/2012,34.09,34.26,33.95,34.06,24424900,33.9,33.83,20.3841669397,14.2857142857
16,6/6/2012,34.19,34.56,34.05,34.56,27729800,33.96,33.91,37.0379386402,14.2857142857
17,6/7/2012,34.72,34.74,34.16,34.16,42417600,34.09,34.01,35.0340123626,-16.6666666667
18,6/8/2012,34.13,34.66,34.11,34.55,27959400,34.12,34.05,40.1767469995,14.2857142857
19,6/11/2012,34.72,35.0,34.56,34.59,26192000,34.22,34.15,57.5448199212,37.5
20,6/12/2012,34.63,34.99,34.42,34.98,27812900,34.28,34.18,62.2776086439,55.5555555556
21,6/13/2012,34.94,35.06,34.72,34.98,26546000,34.44,34.31,70.8624352111,50.0
22,6/14/2012,34.92,35.92,34.88,35.69,31612200,34.55,34.41,117.525019264,50.0
23,6/15/2012,35.93,36.0,35.61,35.71,41585800,34.79,34.59,150.82103588,50.0
24,6/18/2012,35.66,35.98,35.6,35.63,22627200,34.95,34.69,161.953101165,50.0
25,6/19/2012,35.78,35.8,35.19,35.47,26838900,35.16,34.94,149.631433015,28.5714285714
26,6/20/2012,35.38,35.63,35.2,35.41,23353100,35.29,35.13,158.108564598,28.5714285714
27,6/21/2012,35.44,35.65,34.98,35.03,28404000,35.41,35.33,148.41496626,0.0
28,6/22/2012,35.21,35.33,34.99,35.17,87136400,35.42,35.44,166.137873969,28.5714285714
29,6/25/2012,34.96,35.05,34.77,34.95,87787000,35.44,35.56,97.6622245966,0.0
30,6/26/2012,34.93,35.12,34.85,34.98,20488400,35.34,35.47,179.076643991,28.5714285714
31,6/27/2012,35.05,35.28,35.02,35.19,16185100,35.23,35.35,1744.49896413,28.5714285714
32,6/28/2012,35.03,35.4,34.95,35.39,21426600,35.17,35.24,607.773657465,28.5714285714
33,6/29/2012,35.7,35.73,35.44,35.66,30458800,35.16,35.16,394.967185177,28.5714285714
34,7/2/2012,35.7,36.2,35.64,36.2,24801600,35.2,35.1,341.560596907,37.5
35,7/3/2012,36.21,36.21,35.79,36.0,15479800,35.36,35.19,196.74159901,14.2857142857
36,7/5/2012,35.96,35.97,35.53,35.77,22817200,35.48,35.27,95.4039259094,-16.6666666667
37,7/6/2012,35.04,35.5,34.9,35.44,22049600,35.6,35.43,-4.46402811656,-16.6666666667
38,7/9/2012,35.38,35.54,35.23,35.54,17414000,35.66,35.6,11.8390813823,14.2857142857
39,7/10/2012,35.7,35.73,35.39,35.44,21606900,35.71,35.73,16.4133377842,14.2857142857
40,7/11/2012,35.42,35.48,35.1,35.26,20684700,35.72,35.81,-17.6048325369,14.2857142857
41,7/12/2012,35.04,35.1,34.65,34.87,24143600,35.66,35.81,-65.3788338007,-16.6666666667
42,7/13/2012,34.93,35.35,34.85,35.35,19190100,35.47,35.63,-27.5737194836,14.2857142857
43,7/16/2012,35.22,35.56,35.19,35.42,17691300,35.38,35.48,1.28693705955,14.2857142857
44,7/17/2012,35.34,35.9,35.25,35.82,21328400,35.33,35.37,37.6183830767,14.2857142857
45,7/18/2012,35.74,36.19,35.63,36.19,25449900,35.39,35.35,83.110381216,14.2857142857
46,7/19/2012,35.85,35.87,35.2,35.48,30349500,35.48,35.34,12.9758679923,-16.6666666667
47,7/20/2012,35.34,35.5,35.1,35.29,26677300,35.48,35.35,-14.7344826295,-60.0
48,7/23/2012,35.0,35.5,34.89,35.38,27252700,35.49,35.41,-20.3433620426,-16.6666666667
49,7/24/2012,35.46,35.65,34.24,34.63,38629700,35.56,35.58,-69.1579571418,-16.6666666667
50,7/25/2012,34.84,35.52,34.73,35.33,31936700,35.46,35.61,-28.4493234849,14.2857142857
51,7/26/2012,35.84,36.43,35.83,36.3,34751200,35.45,35.61,86.1168710894,14.2857142857
52,7/27/2012,36.47,37.35,36.44,37.14,45572900,35.51,35.54,157.81374414,37.5
53,7/30/2012,37.08,37.69,37.03,37.43,24892300,35.65,35.4,174.141910673,55.5555555556
54,7/31/2012,37.3,38.11,37.3,37.92,36692300,35.93,35.51,186.336320255,70.0
55,8/1/2012,38.14,38.28,37.64,37.64,28003600,36.3,35.77,163.077580281,55.5555555556
56,8/2/2012,37.52,37.76,37.33,37.54,24657600,36.63,36.08,116.106905897,37.5
57,8/3/2012,37.87,38.0,37.47,37.58,24292000,37.04,36.68,104.632225813,37.5
58,8/6/2012,37.58,37.97,37.57,37.61,16362500,37.36,37.19,90.873699103,37.5
59,8/7/2012,37.72,37.8,37.41,37.44,21769500,37.55,37.5,68.2717633353,37.5
60,8/8/2012,37.33,37.51,37.03,37.43,22446800,37.59,37.62,46.6535562643,37.5
61,8/9/2012,37.32,37.39,37.05,37.23,21159700,37.59,37.66,33.0933882725,14.2857142857
62,8/10/2012,37.18,37.5,37.04,37.49,16589500,37.5,37.55,31.3318002969,37.5
63,8/13/2012,37.41,37.51,37.32,37.39,13117500,37.47,37.51,28.2123686242,14.2857142857
64,8/14/2012,37.44,37.52,37.17,37.25,20275700,37.45,37.49,20.3523408279,-16.6666666667
65,8/15/2012,37.11,37.27,36.97,37.1,21046300,37.41,37.45,10.3808798031,-60.0
66,8/16/2012,37.08,37.32,36.63,37.24,23110400,37.33,37.38,5.69793306358,-60.0
67,8/17/2012,37.1,37.27,37.07,37.17,17824500,37.3,37.34,5.6390292388,-125.0
68,8/20/2012,37.03,37.04,36.81,36.89,25286800,37.27,37.3,-5.2861943983,-125.0
69,8/21/2012,36.86,36.89,36.57,36.59,24900000,37.22,37.3,-14.7322769831,-125.0
70,8/22/2012,36.54,36.73,36.45,36.56,21678700,37.09,37.2,-19.1027849485,-233.333333333
71,8/23/2012,36.57,36.7,36.43,36.56,20946000,36.97,37.09,-20.1438024425,-400.0
72,8/24/2012,36.46,37.04,36.45,36.95,23211700,36.87,37.0,-12.6429059804,-200.0
73,8/27/2012,36.83,36.99,36.75,36.87,22007300,36.85,36.94,-10.3727495841,-200.0
74,8/28/2012,36.73,37.0,36.59,36.64,20301100,36.8,36.83,-13.0214319141,-200.0
75,8/29/2012,36.66,37.05,36.66,36.82,15925700,36.72,36.72,-8.68198126942,-200.0
76,8/30/2012,36.7,36.84,36.57,36.69,15792600,36.71,36.67,-11.9152630179,-200.0
77,8/31/2012,36.9,36.97,36.56,36.64,20144800,36.73,36.71,-9.95316292012,-200.0
78,9/4/2012,36.58,36.92,36.54,36.81,23824200,36.74,36.75,-7.5874771147,-100.0
79,9/5/2012,36.78,37.02,36.7,36.93,22805800,36.77,36.8,-2.43615258906,-100.0
80,9/6/2012,37.18,37.54,37.11,37.44,24345400,36.77,36.76,13.9693074251,-40.0
81,9/7/2012,37.46,37.46,36.91,37.3,20811600,36.85,36.76,9.08982382065,-40.0
82,9/10/2012,37.32,37.64,37.22,37.42,18279800,36.95,36.83,16.0109754334,0.0
83,9/11/2012,37.44,37.8,37.44,37.62,18771700,37.03,36.89,22.2434356693,28.5714285714
84,9/12/2012,37.65,38.11,37.5,37.72,23510400,37.17,37.0,26.3938835144,37.5
85,9/13/2012,37.69,38.21,37.63,38.15,26496300,37.32,37.17,31.5367931503,37.5
86,9/14/2012,37.74,37.88,37.05,37.26,41113300,37.51,37.35,11.2749783046,37.5
87,9/17/2012,37.14,37.65,37.11,37.6,28919500,37.56,37.51,12.2891093197,55.5555555556
88,9/18/2012,37.52,37.74,37.23,37.66,23035700,37.58,37.54,14.2912980515,55.5555555556
89,9/19/2012,37.55,37.96,37.52,37.76,21093900,37.63,37.63,18.5019041044,70.0
90,9/20/2012,37.72,38.11,37.6,37.94,23253600,37.68,37.69,20.2279404475,81.8181818182
91,9/21/2012,38.04,38.58,38.04,38.08,36093800,37.73,37.72,27.4517780041,81.8181818182
92,9/24/2012,38.3,38.49,38.22,38.25,20126200,37.78,37.73,26.7420213399,81.8181818182
93,9/25/2012,38.34,38.57,38.04,38.06,17693700,37.79,37.64,21.6266074859,70.0
94,9/26/2012,38.08,38.38,38.0,38.08,24688900,37.91,37.8,17.1460831281,81.8181818182
95,9/27/2012,38.13,38.29,37.9,37.99,28532800,37.98,37.9,12.6486878746,70.0
96,9/28/2012,37.91,37.97,37.6,37.7,59909900,38.02,37.99,3.30349010496,55.5555555556
97,10/1/2012,37.63,37.97,37.6,37.75,53520100,38.01,38.05,2.45328542262,55.5555555556
98,10/2/2012,37.93,38.1,37.68,37.81,20509500,37.99,38.06,3.09930570636,55.5555555556
99,10/3/2012,37.89,38.33,37.67,38.17,21572900,37.95,38.03,6.32086396088,70.0
100,10/4/2012,38.33,38.43,38.22,38.34,20322700,37.94,37.95,11.4941524185,70.0
101,10/5/2012,38.2,38.29,37.75,37.86,20824800,37.98,37.93,2.14241657541,55.5555555556
102,10/8/2012,37.71,37.88,37.5,37.66,15015300,37.95,37.9,-4.82769646522,37.5
103,10/9/2012,37.66,37.69,37.13,37.14,23385100,37.9,37.88,-12.9045274693,14.2857142857
104,10/10/2012,37.09,37.15,36.85,36.92,19894500,37.82,37.91,-20.02780871,-16.6666666667
105,10/11/2012,37.01,37.1,36.26,36.26,29416800,37.7,37.89,-28.975488857,-60.0
106,10/12/2012,36.25,36.27,35.4,35.63,37074200,37.48,37.81,-45.9976124382,-60.0
107,10/15/2012,35.4,35.43,34.83,35.21,46233400,37.12,37.55,-59.719711817,-125.0
108,10/16/2012,35.23,35.67,35.11,35.4,28296900,36.67,37.13,-53.5855708346,-60.0
109,10/17/2012,35.6,35.88,35.44,35.72,22662400,36.32,36.74,-45.5128614188,-16.6666666667
110,10/18/2012,35.85,36.57,35.82,36.02,26911000,36.04,36.34,-32.2344903693,-16.6666666667
111,10/19/2012,36.1,36.1,35.29,35.32,27580100,35.88,36.02,-46.6491916997,-60.0
112,10/22/2012,35.24,35.39,35.05,35.26,20800800,35.65,35.71,-55.4542621577,-125.0
113,10/23/2012,35.01,35.47,34.91,35.0,23734100,35.51,35.52,-58.0923487637,-233.333333333
114,10/24/2012,34.48,34.98,33.0,34.71,36018300,35.42,35.47,-88.8642620407,-233.333333333
115,10/25/2012,34.94,34.95,34.22,34.5,22342700,35.35,35.5,-78.6534288645,-233.333333333
116,10/26/2012,34.47,34.8,34.35,34.63,18839200,35.22,35.45,-78.3872718029,-125.0
117,10/31/2012,34.75,34.88,34.43,34.59,20591400,35.06,35.29,-77.8908425247,-125.0
118,11/1/2012,34.84,35.12,34.72,35.09,23895800,34.86,35.0,-60.2306384485,-60.0
119,11/2/2012,35.16,35.38,34.91,34.93,28329400,34.83,34.88,-52.9601900008,-60.0
120,11/5/2012,34.88,34.94,34.43,34.83,17674700,34.78,34.76,-76.6617668094,-60.0
121,11/6/2012,34.8,34.93,34.59,34.8,19179000,34.75,34.69,-75.2555701677,-125.0
122,11/7/2012,33.8,34.15,33.28,33.64,45957200,34.77,34.71,-214.63595564,-233.333333333
123,11/8/2012,33.81,33.94,33.18,33.2,36669200,34.64,34.74,-347.113490463,-450.0
124,11/9/2012,33.02,33.72,32.71,33.54,31871300,34.44,34.7,-715.775993126,-233.333333333
125,11/12/2012,33.66,34.04,33.55,33.87,19995900,34.29,34.62,-5734.57638207,-125.0
126,11/13/2012,33.87,34.43,33.76,33.95,23021200,34.12,34.38,-378.950974095,-60.0
127,11/14/2012,34.05,34.28,33.67,33.78,25150900,33.98,34.14,-302.371028357,-60.0
128,11/15/2012,33.65,33.94,33.18,33.42,26051100,33.83,33.89,-290.153222756,-60.0
129,11/16/2012,33.33,33.4,32.9,33.14,32351100,33.63,33.6,-240.757472051,-125.0
130,11/19/2012,33.46,33.89,32.71,33.82,21731800,33.56,33.58,-110.690879984,-60.0
131,11/20/2012,33.83,33.84,33.45,33.68,20489800,33.65,33.69,-60.4806736786,-125.0
132,11/21/2012,33.78,33.9,33.57,33.85,27868900,33.67,33.72,-33.8577835648,-60.0
133,11/23/2012,33.96,34.36,33.86,34.36,21697600,33.66,33.67,10.3819325951,-16.6666666667
134,11/26/2012,34.14,34.22,33.8,33.97,34852800,33.72,33.61,-6.17304100248,-16.6666666667
135,11/27/2012,33.93,34.02,33.56,33.62,26506100,33.75,33.6,-24.8723691526,-16.6666666667
136,11/28/2012,33.47,33.67,33.21,33.62,30828500,33.78,33.69,-38.6709200135,0.0
137,11/29/2012,33.79,34.07,33.77,33.93,29542600,33.85,33.87,-1.20514345597,0.0
138,11/30/2012,33.95,34.35,33.93,34.13,36130600,33.86,33.88,17.4252154651,0.0
139,12/3/2012,34.23,34.4,34.03,34.14,19611800,33.93,33.94,23.2563965339,0.0
140,12/4/2012,34.05,34.12,33.82,33.92,21290900,33.97,33.97,9.62567896863,0.0
141,12/5/2012,33.78,34.31,33.77,33.91,29170900,33.9,33.85,14.3177385836,0.0
142,12/6/2012,33.85,34.06,33.6,33.65,23415000,33.9,33.84,-0.616157666855,0.0
143,12/7/2012,33.7,33.81,33.42,33.74,22337700,33.9,33.91,-8.29207393198,0.0
144,12/10/2012,33.68,33.88,33.47,33.73,20842600,33.92,33.98,-7.39350657249,0.0
145,12/11/2012,33.81,34.23,33.81,34.15,23725800,33.89,33.97,16.5310573592,0.0
146,12/12/2012,34.25,34.69,34.24,34.49,24038700,33.89,33.91,42.2692859057,0.0
147,12/13/2012,34.5,34.63,34.26,34.32,18939300,33.94,33.86,37.0379648502,0.0
148,12/14/2012,34.25,34.39,33.98,34.01,26190800,34.0,33.88,16.7463109664,0.0
149,12/17/2012,34.08,34.27,33.96,34.23,24809000,34.01,33.91,15.9756458051,14.2857142857
150,12/18/2012,34.14,34.44,33.97,34.34,34858000,34.1,34.02,20.9273628695,14.2857142857
151,12/19/2012,34.27,34.34,33.88,33.91,25205500,34.18,34.13,3.3514797345,-16.6666666667
152,12/20/2012,33.88,34.2,33.82,34.17,25415900,34.21,34.25,4.17331390119,-16.6666666667
153,12/21/2012,33.94,34.14,33.52,33.67,55350500,34.21,34.26,-18.2582483177,-16.6666666667
154,12/24/2012,33.49,33.95,33.49,33.74,9673500,34.09,34.16,-21.1401029407,14.2857142857
155,12/26/2012,33.8,33.95,33.6,33.78,13391700,34.01,34.09,-16.3103714185,37.5
156,12/27/2012,33.85,33.87,33.2,33.66,24248800,33.98,34.08,-33.9081754471,14.2857142857
157,12/28/2012,33.46,33.63,33.29,33.32,20401800,33.9,33.99,-44.0889727407,14.2857142857
158,12/31/2012,33.13,33.73,33.1,33.71,26911500,33.75,33.85,-31.9209828184,14.2857142857
159,1/2/2013,34.39,35.0,34.21,35.0,38323500,33.72,33.8,57.7982363492,14.2857142857
160,1/3/2013,35.09,35.17,34.77,35.02,28932700,33.84,33.72,75.8829336645,37.5
161,1/4/2013,35.1,35.27,35.0,35.23,21136600,34.03,33.81,90.508745232,55.5555555556
162,1/7/2013,35.25,35.5,35.1,35.39,27500500,34.25,33.93,106.567887877,55.5555555556
163,1/8/2013,35.02,35.04,34.27,34.35,29210300,34.48,34.11,36.9313732705,37.5
164,1/9/2013,34.44,34.58,34.24,34.24,19618400,34.57,34.34,13.8461788777,37.5
165,1/10/2013,34.45,34.62,34.33,34.37,23664100,34.71,34.68,22.1528048939,37.5
166,1/11/2013,34.44,34.49,34.13,34.27,27074400,34.8,34.95,7.03263647426,37.5
167,1/14/2013,34.16,34.22,33.96,34.02,21973300,34.7,34.88,-17.2299593619,14.2857142857
168,1/15/2013,33.98,34.03,33.6,33.76,24338600,34.55,34.76,-43.9616179366,-16.6666666667
169,1/16/2013,33.63,33.68,33.16,33.26,33765500,34.34,34.54,-83.9240561256,-16.6666666667
170,1/17/2013,33.29,33.36,32.9,33.2,38971400,34.04,34.2,-95.6033940801,-16.6666666667
171,1/18/2013,32.82,33.44,32.76,33.44,38661000,33.87,34.08,-79.4944585953,-16.6666666667
172,1/22/2013,33.49,33.84,33.25,33.61,29734600,33.76,33.96,-42.3695086989,-16.6666666667
173,1/23/2013,33.58,33.94,33.54,33.78,25459300,33.65,33.78,-24.3576446676,-16.6666666667
174,1/24/2013,33.85,34.08,33.75,33.75,26786300,33.58,33.61,-16.6256398234,-60.0
175,1/25/2013,34.12,34.24,33.82,34.02,27095500,33.54,33.49,-2.77093997056,-60.0
176,1/28/2013,34.0,34.3,33.92,34.13,23660300,33.58,33.45,3.12599137773,-16.6666666667
177,1/29/2013,34.13,34.83,34.12,34.68,30975400,33.7,33.56,38.0366651533,14.2857142857
178,1/30/2013,34.63,34.87,34.46,34.48,24179700,33.92,33.74,41.3831261822,-16.6666666667
179,1/31/2013,34.53,34.95,34.48,34.79,26239500,34.06,33.89,54.9153463413,14.2857142857
180,2/1/2013,35.16,35.63,35.04,35.51,29182600,34.23,34.05,117.129986125,37.5
181,2/4/2013,35.38,35.47,35.0,35.23,28233900,34.48,34.22,102.444418029,37.5
182,2/5/2013,35.38,35.63,35.33,35.35,20928300,34.69,34.46,121.245364015,55.5555555556
183,2/6/2013,35.1,35.49,35.1,35.43,34952400,34.88,34.67,115.546503734,70.0
184,2/7/2013,35.44,35.55,35.06,35.27,19054700,35.07,34.91,114.438284619,55.5555555556
185,2/8/2013,35.39,35.53,35.16,35.27,18275500,35.15,35.03,121.986389344,50.0
186,2/11/2013,35.26,35.31,35.06,35.23,13687800,35.26,35.22,111.559529941,28.5714285714
187,2/12/2013,35.25,35.67,35.23,35.6,16959000,35.33,35.36,162.905455706,50.0
188,2/13/2013,35.67,35.81,35.34,35.42,17402500,35.34,35.31,191.933288077,28.5714285714
189,2/14/2013,35.42,35.44,35.03,35.29,26204900,35.37,35.35,174.490632824,0.0
190,2/15/2013,35.32,35.55,35.15,35.36,24859300,35.36,35.35,314.876482751,0.0
191,2/19/2013,35.37,35.69,35.37,35.67,16879600,35.35,35.33,4045.7529168,28.5714285714
192,2/20/2013,35.68,35.98,35.46,35.47,35656800,35.41,35.36,520.049244278,0.0
193,2/21/2013,35.36,35.62,35.0,35.43,25155400,35.43,35.41,106.368351978,-40.0
194,2/22/2013,35.45,35.7,35.22,35.68,20813400,35.46,35.46,100.321997652,0.0
195,2/25/2013,35.77,36.08,35.19,35.19,32523700,35.47,35.43,52.9973401162,-40.0
196,2/26/2013,35.54,35.7,35.4,35.49,26263600,35.44,35.44,39.8699424673,-40.0
197,2/27/2013,35.55,35.9,35.46,35.85,23526300,35.47,35.48,57.9265247823,0.0
198,2/28/2013,35.8,36.25,35.75,35.91,31849800,35.54,35.53,73.2287378065,14.2857142857
199,3/1/2013,35.69,36.08,35.63,36.01,23501500,35.57,35.5,49.7934624084,37.5
200,3/4/2013,36.0,36.27,35.91,36.23,18656000,35.65,35.55,70.8348649825,37.5
201,3/5/2013,36.53,36.7,36.5,36.6,22608400,35.77,35.63,106.782294617,55.5555555556
202,3/6/2013,36.64,36.82,36.28,36.29,20448000,35.9,35.69,79.9727400712,55.5555555556
203,3/7/2013,36.37,36.52,36.15,36.39,19227600,36.05,35.9,59.5017140282,55.5555555556
204,3/8/2013,36.54,36.74,36.54,36.68,21495000,36.18,36.08,74.1591647768,55.5555555556
205,3/11/2013,36.65,36.77,36.4,36.6,20019000,36.3,36.19,58.82187292,55.5555555556
206,3/12/2013,36.56,36.84,36.52,36.72,19613600,36.4,36.31,56.9035942854,70.0
207,3/13/2013,36.73,36.82,36.56,36.6,15071000,36.5,36.44,47.7087467905,55.5555555556
208,3/14/2013,36.67,36.87,36.59,36.86,19513800,36.55,36.52,48.3342112116,70.0
209,3/15/2013,36.59,36.7,36.24,36.43,51077500,36.59,36.51,22.8203040084,55.5555555556
210,3/18/2013,36.17,36.34,36.12,36.15,20693400,36.61,36.59,4.9856517095,37.5
211,3/19/2013,36.26,36.38,36.03,36.14,19851800,36.58,36.64,2.26043071391,14.2857142857
212,3/20/2013,36.32,36.43,36.12,36.19,29883600,36.5,36.6,3.90750007237,14.2857142857
213,3/21/2013,36.1,36.25,36.02,36.15,20725800,36.44,36.56,-3.92726937099,-16.6666666667
214,3/22/2013,36.18,36.52,36.18,36.43,23912000,36.36,36.47,6.08378037963,-16.6666666667
215,3/25/2013,36.47,36.59,36.3,36.39,23707600,36.34,36.4,5.87224800796,-16.6666666667
216,3/26/2013,36.54,36.77,36.35,36.74,18429200,36.27,36.25,12.0965640325,-16.6666666667
217,3/27/2013,36.55,36.79,36.5,36.62,17375800,36.31,36.22,10.7618888932,-60.0
218,3/28/2013,36.69,36.83,36.5,36.69,37388800,36.38,36.28,10.3456344181,-16.6666666667
219,4/1/2013,36.71,37.32,36.71,37.25,24205600,36.46,36.36,25.842591713,-16.6666666667
220,4/2/2013,37.48,37.69,37.32,37.57,26227700,36.61,36.47,40.4765167157,14.2857142857
221,4/3/2013,37.51,37.6,37.21,37.28,24291000,36.81,36.63,30.9649229424,-16.6666666667
222,4/4/2013,37.35,37.96,37.32,37.91,72851500,36.93,36.76,42.7148526344,14.2857142857
223,4/5/2013,37.65,38.05,37.59,38.02,76489400,37.15,36.95,43.6414931951,37.5
224,4/8/2013,37.51,37.79,37.48,37.62,23617200,37.33,37.1,31.0730208521,37.5
225,4/9/2013,37.68,37.89,37.51,37.76,22546700,37.48,37.31,31.1426394092,37.5
226,4/10/2013,37.8,38.3,37.76,38.18,19065800,37.63,37.55,40.7068473385,55.5555555556
227,4/11/2013,38.15,38.8,38.15,38.54,25493600,37.76,37.67,49.9405614617,55.5555555556
228,4/12/2013,38.42,38.64,38.42,38.59,19725300,37.9,37.76,46.7399100627,70.0
229,4/15/2013,38.27,38.55,37.91,37.95,29249300,38.09,37.96,29.1675550512,55.5555555556
230,4/16/2013,38.25,38.28,37.92,37.94,24466600,38.09,38.0,22.6144630572,55.5555555556
231,4/17/2013,37.8,38.0,37.55,37.78,22473100,38.08,38.02,11.7477027483,37.5
232,4/18/2013,38.11,38.13,37.68,37.74,20200000,38.11,38.14,11.2065586221,14.2857142857
233,4/19/2013,37.86,38.36,37.76,38.28,24528000,38.1,38.23,15.6930324246,14.2857142857
234,4/22/2013,38.42,38.76,38.34,38.73,21502100,38.12,38.21,24.5919275326,37.5
235,4/23/2013,38.8,39.0,38.35,39.0,25108800,38.14,38.11,25.1246158833,37.5
236,4/24/2013,37.09,37.26,36.63,37.04,61126900,38.2,38.02,-19.1672484428,14.2857142857
237,4/25/2013,37.25,37.44,37.07,37.28,35807500,38.07,38.05,-13.0892813681,37.5
238,4/26/2013,37.28,37.31,36.88,37.04,33202800,37.98,38.06,-17.7452275703,14.2857142857
239,4/29/2013,37.12,37.34,37.02,37.3,18914300,37.87,38.08,-14.5790666345,14.2857142857
240,4/30/2013,37.37,37.62,37.28,37.46,24144700,37.81,38.1,-9.04298776929,14.2857142857
241,5/1/2013,37.46,37.97,37.46,37.56,21834000,37.69,37.95,-4.37324818351,14.2857142857
242,5/2/2013,37.62,37.84,37.41,37.56,16445100,37.53,37.65,-5.70745949373,28.5714285714
243,5/3/2013,37.87,37.88,37.22,37.34,20239900,37.32,37.23,-8.25517177191,28.5714285714
244,5/6/2013,37.29,37.33,37.07,37.09,12113000,37.36,37.31,-15.1479917751,28.5714285714
245,5/7/2013,37.19,37.52,37.09,37.52,14693200,37.34,37.32,-9.7994014774,50.0
246,5/8/2013,37.43,37.85,37.36,37.83,15176200,37.4,37.42,-2.06325538544,50.0
247,5/9/2013,37.7,37.78,37.2,37.33,23605900,37.48,37.46,-6.81847255398,28.5714285714
248,5/10/2013,37.45,37.53,37.17,37.36,18182600,37.46,37.46,-7.51813274672,28.5714285714
249,5/13/2013,37.3,37.32,36.94,37.0,18558100,37.43,37.43,-13.0859407245,28.5714285714
250,5/14/2013,36.99,37.23,36.86,37.23,19478800,37.35,37.38,-11.6097334148,28.5714285714
251,5/15/2013,37.34,37.83,37.29,37.53,23060400,37.34,37.38,0.248939593389,50.0
252,5/16/2013,37.42,37.62,37.33,37.38,13668400,37.4,37.45,-2.16556289122,28.5714285714
253,5/17/2013,37.35,37.47,37.19,37.44,16712900,37.38,37.42,-3.12866869866,28.5714285714
254,5/20/2013,37.4,37.44,37.13,37.22,14654200,37.32,37.29,-4.32671310638,0.0
255,5/21/2013,37.24,37.24,36.8,36.94,24867600,37.31,37.29,-9.55688533511,-16.6666666667
256,5/22/2013,36.94,37.17,36.45,36.62,28598200,37.25,37.26,-16.1663200529,-16.6666666667
257,5/23/2013,36.37,36.81,36.35,36.74,18120200,37.19,37.31,-18.6237983387,14.2857142857
258,5/24/2013,36.53,36.78,36.45,36.75,14443900,37.12,37.28,-17.5004980496,14.2857142857
259,5/28/2013,37.04,37.15,36.16,36.18,29429000,37.01,37.15,-21.40988458,-16.6666666667
260,5/29/2013,36.05,36.06,35.5,35.91,28740600,36.84,37.02,-39.48689156,-16.6666666667
261,5/30/2013,35.84,36.08,35.5,35.5,25094300,36.62,36.81,-42.1213561525,-60.0
262,5/31/2013,35.33,35.5,34.98,34.99,35799800,36.38,36.6,-57.5628981046,-60.0
263,6/3/2013,34.99,35.21,34.58,35.07,29759400,36.1,36.39,-63.6781803598,-60.0
264,6/4/2013,35.19,35.87,35.15,35.67,40467000,35.88,36.21,-42.2888518573,-60.0
265,6/5/2013,35.66,35.72,35.25,35.26,22863800,35.72,35.95,-46.5706615648,-60.0
266,6/6/2013,35.21,35.86,35.1,35.81,23058700,35.51,35.64,-38.2507871641,-60.0
267,6/7/2013,35.97,36.05,35.38,35.45,26049300,35.46,35.46,-34.9635064352,-60.0
268,6/10/2013,35.87,36.11,35.69,35.99,21852200,35.39,35.33,-19.7625092891,-16.6666666667
269,6/11/2013,35.86,36.2,35.72,35.76,26002900,35.46,35.32,-19.5088752416,-16.6666666667
270,6/12/2013,36.0,36.14,35.57,35.62,16955600,35.57,35.47,-22.7341266818,-60.0
271,6/13/2013,35.61,36.39,35.61,36.3,20142600,35.65,35.61,-3.08160272311,-60.0
272,6/14/2013,36.2,36.31,35.89,35.91,23972700,35.74,35.63,-2.89534259392,-60.0
273,6/17/2013,36.07,36.14,35.48,35.76,23364400,35.83,35.78,-13.0490274339,-60.0
274,6/18/2013,35.83,36.35,35.79,36.17,15357900,35.83,35.78,10.1007678706,-16.6666666667
275,6/19/2013,36.06,36.14,35.25,35.25,24464500,35.93,35.9,-22.2648962044,-16.6666666667
276,6/20/2013,35.0,35.2,34.32,34.35,31797500,35.82,35.86,-83.1015455665,-60.0
277,6/21/2013,34.55,34.73,34.1,34.47,97444100,35.62,35.82,-99.5874077383,-60.0
278,6/24/2013,34.31,34.85,34.13,34.46,71219500,35.46,35.78,-100.709531814,-60.0
279,6/25/2013,34.69,35.21,34.54,35.03,67155500,35.2,35.51,-59.9070117709,-60.0
280,6/26/2013,35.42,35.49,35.09,35.33,21911600,35.07,35.3,-16.6281427008,-16.6666666667
281,6/27/2013,35.53,35.95,35.5,35.63,18251500,35.01,35.11,30.9062615647,-16.6666666667
282,6/28/2013,35.55,35.69,35.31,35.4,23913900,34.93,34.8,0.743186006096,-16.6666666667
283,7/1/2013,35.4,35.68,35.19,35.3,19903400,34.95,34.73,-10.6152742695,-16.6666666667
284,7/2/2013,35.29,35.8,35.15,35.53,18634900,35.09,34.91,1.4382713702,-16.6666666667
285,7/3/2013,35.47,35.74,35.2,35.62,11600000,35.24,35.1,4.31481411061,14.2857142857
286,7/5/2013,35.8,35.9,35.25,35.83,17139100,35.41,35.34,19.4166634977,37.5
287,7/8/2013,35.62,35.69,35.39,35.58,15853600,35.52,35.46,7.91049253612,14.2857142857
288,7/9/2013,35.77,35.83,35.54,35.6,14487500,35.56,35.52,21.9239871798,37.5
289,7/10/2013,35.59,35.68,35.25,35.39,17837100,35.55,35.5,-1.13373700232,37.5
290,7/11/2013,35.75,36.01,35.68,35.87,23075400,35.55,35.54,49.6847496041,37.5
291,7/12/2013,35.88,35.91,35.56,35.81,19065700,35.63,35.62,40.6193845463,37.5
292,7/15/2013,35.68,35.76,35.26,35.55,17175600,35.67,35.66,13.7868597418,14.2857142857
293,7/16/2013,35.62,35.9,35.6,35.88,17601900,35.66,35.67,50.9234326125,14.2857142857
294,7/17/2013,35.96,36.31,35.9,35.96,16805500,35.67,35.63,90.1091501605,14.2857142857
295,7/18/2013,35.86,35.99,35.61,35.74,19576400,35.72,35.66,47.0857176138,14.2857142857
296,7/19/2013,35.83,35.85,35.52,35.81,21153500,35.74,35.7,29.7274402438,37.5
297,7/22/2013,35.77,35.89,35.54,35.58,19201200,35.8,35.8,13.9715151835,14.2857142857
298,7/23/2013,35.75,35.95,35.5,35.81,22951700,35.76,35.77,14.9567338301,14.2857142857
299,7/24/2013,35.39,35.5,34.93,35.4,30938800,35.76,35.76,-31.1329272181,-16.6666666667
300,7/25/2013,35.18,35.57,35.16,35.46,22083700,35.74,35.81,-20.8504925406,14.2857142857
301,7/26/2013,35.41,35.7,35.31,35.6,14157900,35.68,35.76,-7.32897900691,14.2857142857
302,7/29/2013,35.64,36.0,35.57,35.88,16625400,35.63,35.68,17.2963904563,37.5
303,7/30/2013,36.0,36.07,35.41,35.42,19091300,35.65,35.65,-1.40999322342,14.2857142857
304,7/31/2013,35.43,35.58,35.22,35.27,21326100,35.59,35.6,-24.8158807321,14.2857142857
305,8/1/2013,35.65,35.82,35.37,35.72,18436200,35.55,35.59,-0.285623185488,37.5
306,8/2/2013,35.6,35.78,35.51,35.77,21751400,35.54,35.52,3.99872459682,37.5
307,8/5/2013,35.7,35.85,35.57,35.67,10239000,35.59,35.57,3.94798102557,14.2857142857
308,8/6/2013,35.62,35.66,35.41,35.48,12804200,35.62,35.61,-11.2799457873,14.2857142857
309,8/7/2013,35.42,35.73,35.42,35.59,13290600,35.6,35.61,-6.6831585974,14.2857142857
310,8/8/2013,35.66,35.72,35.12,35.29,17956300,35.56,35.53,-22.5642316535,14.2857142857
311,8/9/2013,35.26,35.31,34.75,34.8,21541600,35.54,35.56,-58.6318320553,-16.6666666667
312,8/12/2013,34.75,34.97,34.73,34.92,15988300,35.47,35.61,-65.6264851729,14.2857142857
313,8/13/2013,34.95,34.99,34.57,34.72,16207800,35.36,35.52,-76.6932409012,-16.6666666667
314,8/14/2013,34.76,34.79,34.51,34.77,17403800,35.21,35.38,-85.2175786845,-16.6666666667
315,8/15/2013,34.6,34.71,34.35,34.35,17793700,35.08,35.23,-113.495339173,-60.0
316,8/16/2013,34.27,34.38,33.91,34.18,24561800,34.92,35.09,-163.015043649,-60.0
317,8/19/2013,34.1,34.18,33.63,33.79,21122800,34.72,34.88,-229.288303942,-60.0
318,8/20/2013,33.85,34.09,33.78,33.87,16153300,34.5,34.68,-271.982943154,-60.0
319,8/21/2013,33.8,33.85,33.46,33.48,20549500,34.37,34.57,-421.056038266,-125.0
320,8/22/2013,33.5,34.0,33.19,33.82,25915800,34.17,34.38,-603.498187399,-60.0
321,8/23/2013,33.81,34.33,33.75,34.29,29728700,34.04,34.21,-1092.00445858,-16.6666666667
322,8/26/2013,34.31,34.41,33.8,33.82,13925200,33.97,34.01,-1286.50615901,-60.0
323,8/27/2013,33.57,34.06,33.53,33.69,18669800,33.89,33.9,-489.994954442,-60.0
324,8/28/2013,33.7,33.84,33.58,33.58,16659000,33.82,33.81,-309.262031032,-60.0
325,8/29/2013,33.64,34.06,33.61,33.65,22239100,33.79,33.81,-165.968167874,-60.0
326,8/30/2013,33.65,33.89,33.57,33.83,20389100,33.76,33.78,-106.904916613,-16.6666666667
327,9/3/2013,34.01,34.11,33.24,33.32,30766900,33.81,33.86,-100.047526139,-60.0
328,9/4/2013,33.22,33.75,33.21,33.74,18719300,33.74,33.84,-72.171631295,-16.6666666667
329,9/5/2013,33.77,33.92,33.27,33.34,19837600,33.66,33.69,-56.4682966507,-16.6666666667
330,9/6/2013,33.5,33.58,33.23,33.41,19689900,33.59,33.63,-51.3668493368,14.2857142857
331,9/9/2013,33.47,33.72,33.25,33.63,18992500,33.55,33.6,-30.458953071,14.2857142857
332,9/10/2013,33.88,34.1,33.75,33.97,27691300,33.56,33.59,4.07342699184,37.5
333,9/11/2013,33.98,34.25,33.87,33.97,21088000,33.61,33.58,12.3943122149,28.5714285714
334,9/12/2013,33.94,34.45,33.94,34.38,24637200,33.63,33.53,28.3065680204,28.5714285714
335,9/13/2013,34.51,34.73,34.21,34.32,14228600,33.78,33.64,39.1800493286,28.5714285714
336,9/16/2013,34.57,34.73,34.36,34.57,15869100,33.86,33.67,47.107199019,50.0
337,9/17/2013,34.59,34.85,34.55,34.75,17798800,34.04,33.85,57.1877914479,66.6666666667
338,9/18/2013,34.73,35.01,34.31,34.95,22818400,34.23,34.05,59.4437392116,66.6666666667
339,9/19/2013,34.95,34.95,34.68,34.81,15692200,34.42,34.25,63.1109507632,50.0
340,9/20/2013,34.82,34.85,34.2,34.31,36732100,34.54,34.39,34.6906718036,50.0
341,9/23/2013,34.4,34.4,33.71,34.22,23220100,34.58,34.54,6.4104555962,28.5714285714
342,9/24/2013,34.1,34.29,34.01,34.09,19233000,34.56,34.59,8.01306949525,28.5714285714
343,9/25/2013,34.11,34.37,33.95,34.05,19111300,34.53,34.64,6.02099081672,0.0
344,9/26/2013,34.17,34.43,34.09,34.23,16494200,34.45,34.61,15.1520097334,0.0
345,9/27/2013,34.11,34.15,33.82,33.98,13997900,34.38,34.52,-10.2074037519,-40.0
346,9/30/2013,33.78,33.89,33.68,33.82,20819700,34.24,34.34,-27.7787327433,-60.0
347,10/1/2013,33.79,34.24,33.76,34.06,16759800,34.1,34.16,-8.9850390126,-60.0
348,10/2/2013,33.97,34.06,33.75,33.94,21510000,34.06,34.1,-21.8484836815,-60.0
349,10/3/2013,33.91,33.93,33.63,33.64,22437300,34.02,34.05,-42.0696512907,-125.0
350,10/4/2013,33.68,33.79,33.6,33.75,69721900,33.96,34.02,-47.2901790485,-125.0
351,10/7/2013,33.68,34.13,33.63,34.0,63369000,33.92,33.99,-28.1984828582,-125.0
352,10/8/2013,33.58,33.65,33.09,33.11,32798400,33.88,33.9,-89.950550358,-125.0
353,10/9/2013,33.23,34.1,33.15,33.75,33431200,33.76,33.85,-46.8519944498,-60.0
354,10/10/2013,34.09,34.15,33.58,34.15,23818100,33.75,33.83,-14.3760624202,-16.6666666667
355,10/11/2013,34.13,34.25,33.93,34.2,23647400,33.76,33.76,2.33312085758,14.2857142857
356,10/14/2013,33.98,34.1,33.87,33.92,18569600,33.8,33.72,-9.94633620186,14.2857142857
357,10/15/2013,33.87,34.12,33.71,33.71,16352900,33.84,33.77,-15.6804066397,-16.6666666667
358,10/16/2013,33.9,34.2,33.89,34.2,18699800,33.83,33.79,8.15518570926,14.2857142857
359,10/17/2013,34.37,34.44,34.13,34.44,22249600,33.86,33.76,28.2659084499,37.5
360,10/18/2013,34.52,34.88,34.37,34.61,30466400,34.05,33.99,48.9779965382,37.5
361,10/21/2013,35.02,35.3,34.88,35.22,29449400,34.18,34.1,86.9482100172,55.5555555556
362,10/22/2013,35.35,35.38,35.06,35.23,23986400,34.33,34.14,95.62262931,70.0
363,10/23/2013,35.07,35.34,34.91,35.28,27257600,34.48,34.21,93.4955602975,70.0
364,10/24/2013,35.01,35.01,34.23,34.63,33911200,34.67,34.4,44.9317629263,55.5555555556
365,10/25/2013,34.65,35.24,34.65,35.19,21286500,34.8,34.67,82.5335907001,70.0
366,10/28/2013,35.27,35.57,35.24,35.57,23855600,34.94,34.86,129.75214295,70.0
367,10/29/2013,35.66,36.47,35.65,36.27,45250300,35.1,35.02,219.817058026,70.0
368,10/30/2013,36.32,36.4,35.96,36.26,21847100,35.34,35.21,269.497914377,55.5555555556
369,10/31/2013,36.25,36.49,36.0,36.2,28789000,35.49,35.28,359.004105616,55.5555555556
370,11/1/2013,36.5,36.8,36.16,36.24,41488500,35.63,35.38,662.890331397,70.0
371,11/4/2013,36.45,36.52,36.18,36.45,20024000,35.77,35.5,2483.00982954,70.0
372,11/5/2013,36.25,36.33,35.52,35.53,33641900,36.03,35.85,459.409708394,55.5555555556
373,11/6/2013,35.77,36.0,35.72,35.82,20856300,36.07,36.07,221.222479888,55.5555555556
374,11/7/2013,35.82,35.82,35.03,35.11,29290300,36.11,36.2,26.4206818318,37.5
375,11/8/2013,35.0,35.17,34.56,35.17,29787300,35.94,36.12,-48.6794598723,37.5
376,11/11/2013,35.15,35.25,34.97,35.03,12369600,35.79,36.0,-33.7282124362,14.2857142857
377,11/12/2013,35.15,35.32,34.97,35.17,19908700,35.62,35.86,-28.4324988371,37.5
378,11/13/2013,35.0,35.17,34.85,35.07,22327200,35.47,35.66,-46.9462200983,14.2857142857
379,11/14/2013,35.1,35.38,35.06,35.16,13851200,35.27,35.37,-28.9842542377,14.2857142857
380,11/15/2013,35.12,35.48,35.1,35.43,17685500,35.22,35.29,-16.2767538799,14.2857142857
381,11/18/2013,35.47,35.64,35.37,35.6,15037700,35.16,35.13,3.83126238069,37.5
382,11/19/2013,35.64,35.83,35.56,35.72,12493700,35.23,35.16,18.5740760583,55.5555555556
383,11/20/2013,35.87,35.93,35.33,35.4,17441400,35.31,35.19,0.32298527969,37.5
384,11/21/2013,35.45,35.58,35.18,35.3,23017700,35.36,35.28,-22.281664526,14.2857142857
385,11/22/2013,35.26,35.42,35.05,35.42,16080400,35.38,35.33,-28.4364385468,37.5
386,11/25/2013,35.46,35.55,35.32,35.37,14068600,35.43,35.42,-17.5276176313,14.2857142857
387,11/26/2013,35.4,35.54,35.27,35.28,14180900,35.46,35.5,-19.4594275619,14.2857142857
388,11/27/2013,35.29,35.42,35.2,35.41,11471300,35.44,35.5,-17.8986551107,14.2857142857
389,11/29/2013,35.48,35.53,35.2,35.21,9284700,35.41,35.45,-17.9783921275,14.2857142857
390,12/2/2013,35.18,35.21,34.8,34.8,23703700,35.34,35.36,-57.7432427373,-16.6666666667
391,12/3/2013,34.77,34.79,34.52,34.74,17551000,35.26,35.32,-91.5803561674,-16.6666666667
392,12/4/2013,34.34,34.65,34.2,34.6,27221600,35.18,35.29,-125.641424541,-60.0
393,12/5/2013,34.42,34.56,34.21,34.25,25106700,35.06,35.2,-166.65428639,-125.0
394,12/6/2013,34.53,34.58,34.3,34.53,19544900,34.9,35.08,-154.349026102,-125.0
395,12/9/2013,34.51,34.73,34.27,34.69,18035700,34.79,34.96,-138.276509815,-125.0
396,12/10/2013,34.79,34.91,34.39,34.4,18389100,34.69,34.78,-146.042123993,-125.0
397,12/11/2013,34.4,34.45,33.92,33.95,27491400,34.57,34.62,-297.620159774,-125.0
398,12/12/2013,34.05,34.13,33.75,33.89,21927000,34.45,34.53,-439.085872361,-233.333333333
399,12/13/2013,33.88,33.95,33.6,33.85,24862800,34.33,34.43,-788.907536162,-233.333333333
400,12/16/2013,34.06,34.51,34.06,34.15,21348700,34.22,34.34,-2366.97088223,-125.0
401,12/17/2013,34.2,34.29,33.76,33.85,23472800,34.21,34.33,-1081.73436833,-233.333333333
402,12/18/2013,33.88,34.44,33.63,34.38,25849700,34.11,34.22,-267.654361861,-125.0
403,12/19/2013,34.29,34.47,34.13,34.45,20043000,34.07,34.07,-94.3511281113,-60.0
404,12/20/2013,34.49,34.62,34.26,34.3,34022200,34.07,33.99,-52.5921274284,-60.0
405,12/23/2013,34.46,34.77,34.42,34.69,19954900,34.12,34.03,16.3831238674,-16.6666666667
406,12/24/2013,34.74,34.98,34.7,34.95,7960000,34.24,34.12,69.449545028,14.2857142857
407,12/26/2013,34.98,35.18,34.94,35.16,11024400,34.4,34.25,107.046220527,14.2857142857
408,12/27/2013,35.06,35.25,34.96,35.18,14111600,34.54,34.35,112.252300866,14.2857142857
409,12/30/2013,35.03,35.3,35.01,35.2,14464600,34.73,34.57,117.752182725,37.5
410,12/31/2013,35.17,35.28,34.96,35.16,18425400,34.85,34.69,112.819231679,37.5
411,1/2/2014,35.24,35.29,34.95,34.95,20229900,34.95,34.81,102.755050106,37.5
412,1/3/2014,35.15,35.16,34.61,34.8,24618300,35.04,35.0,65.6319916921,37.5
413,1/6/2014,35.01,35.05,34.8,34.96,20791500,35.06,35.09,82.6279290704,37.5
414,1/7/2014,35.13,35.15,34.91,34.95,25725100,35.06,35.12,100.087977626,37.5
415,1/8/2014,34.45,34.6,34.1,34.24,37745500,35.03,35.08,-72.9503703039,14.2857142857
416,1/9/2014,34.24,34.24,33.51,33.54,36082200,34.89,35.01,-202.633638175,-16.6666666667
417,1/10/2014,33.74,33.81,33.51,33.62,25342100,34.66,34.88,-210.825362329,14.2857142857
418,1/13/2014,33.59,33.65,33.2,33.3,29281000,34.44,34.7,-249.308406678,-16.6666666667
419,1/14/2014,33.33,33.55,33.16,33.48,22883600,34.2,34.51,-227.594696746,-16.6666666667
420,1/15/2014,33.66,34.0,33.55,33.79,25786400,34.01,34.31,-127.248986469,-16.6666666667
421,1/16/2014,33.89,34.08,33.81,33.96,16239000,33.85,34.03,-92.5018970857,-16.6666666667
422,1/17/2014,34.03,34.03,33.68,33.7,23921700,33.7,33.72,-113.386162491,-60.0
423,1/21/2014,33.84,34.0,33.2,33.57,29421500,33.63,33.57,-134.289427272,-60.0
424,1/22/2014,33.6,33.66,33.31,33.34,17411700,33.63,33.59,-139.01691792,-60.0
425,1/23/2014,33.22,33.8,33.15,33.8,28463300,33.59,33.58,-93.5717984778,-16.6666666667
426,1/24/2014,33.83,34.29,33.42,33.42,33184100,33.66,33.67,-60.9106998777,-60.0
427,1/27/2014,33.53,33.74,33.43,33.51,32786300,33.65,33.72,-62.5024044767,-16.6666666667
428,1/28/2014,33.5,33.81,33.35,33.7,25457600,33.61,33.67,-43.4412097156,14.2857142857
429,1/29/2014,32.4,33.55,32.01,33.31,83139800,33.58,33.58,-86.0069459157,14.2857142857
430,1/30/2014,33.54,33.59,33.01,33.35,29077000,33.52,33.53,-41.5510816508,14.2857142857
431,1/31/2014,32.97,33.69,32.77,33.32,34211900,33.49,33.51,-35.8294237941,14.2857142857
432,2/3/2014,33.32,33.32,31.9,31.95,68010500,33.49,33.55,-80.2157519899,-16.6666666667
433,2/4/2014,32.08,32.45,32.0,32.45,35940100,33.22,33.41,-68.6754691448,-16.6666666667
434,2/5/2014,32.4,32.43,32.04,32.08,29793500,33.08,33.32,-60.7080460284,-60.0
435,2/6/2014,32.31,32.31,31.74,32.0,45322100,32.88,33.16,-58.7899528592,-60.0
436,2/7/2014,32.18,32.36,31.95,32.3,29170600,32.64,32.9,-43.9735213765,-16.6666666667
437,2/10/2014,32.45,32.46,32.22,32.44,20621000,32.49,32.7,-31.9730109049,14.2857142857
438,2/11/2014,32.62,33.04,32.51,32.95,26228800,32.36,32.45,-11.4192107312,14.2857142857
439,2/12/2014,32.91,33.07,32.81,32.94,16554700,32.31,32.2,-6.05381564673,14.2857142857
440,2/13/2014,32.83,33.5,32.71,33.49,28062200,32.45,32.32,6.74525198679,14.2857142857
441,2/14/2014,33.38,33.38,33.06,33.15,18274800,32.6,32.36,6.39410590544,-16.6666666667
442,2/18/2014,33.23,33.23,32.63,32.82,22311900,32.75,32.53,-3.07006224487,-16.6666666667
443,2/19/2014,32.72,33.02,32.6,32.85,19410900,32.87,32.74,-4.41661015815,-16.6666666667
444,2/20/2014,32.85,33.38,32.67,33.18,20488900,32.95,32.91,5.37826131974,14.2857142857
445,2/21/2014,33.08,33.23,32.78,32.8,19327200,33.05,33.06,1.57766323365,14.2857142857
446,2/24/2014,32.83,32.87,32.46,32.47,33499300,33.03,33.08,-8.28373798079,-16.6666666667
447,2/25/2014,32.51,32.52,32.05,32.17,41048100,32.97,33.09,-17.8900831146,-16.6666666667
448,2/26/2014,32.25,32.29,31.89,32.0,36742200,32.78,32.91,-20.9508481645,-16.6666666667
449,2/27/2014,31.99,32.3,31.81,32.23,54923000,32.61,32.77,-17.3135771619,-16.6666666667
450,2/28/2014,32.25,32.32,31.79,31.93,43468000,32.53,32.7,-17.6635143934,-60.0
451,3/3/2014,31.8,31.98,31.76,31.86,30481700,32.4,32.59,-19.7041803403,-125.0
452,3/4/2014,32.1,32.22,32.03,32.15,28444100,32.21,32.35,-11.0068583802,-60.0
453,3/5/2014,32.24,32.24,32.01,32.13,24144600,32.12,32.17,-10.8655767227,-125.0
454,3/6/2014,32.15,32.37,32.1,32.34,19531800,32.07,32.07,-6.80279586117,-60.0
455,3/7/2014,32.48,32.59,32.26,32.54,27103000,32.09,32.05,-1.61307407296,-16.6666666667
456,3/10/2014,32.28,32.54,32.19,32.51,24935700,32.17,32.1,-3.63675213675,-60.0
457,3/11/2014,32.53,32.53,32.14,32.23,20731600,32.21,32.09,-6.89068825911,-125.0
458,3/12/2014,32.25,32.48,32.16,32.38,25024400,32.25,32.17,-4.81864706833,-60.0
459,3/13/2014,32.5,32.66,32.3,32.35,21708400,32.33,32.29,-1.21281286417,-60.0
460,3/14/2014,32.29,32.59,32.26,32.49,22368600,32.35,32.34,0.183505032372,-16.6666666667
461,3/17/2014,32.68,32.89,32.53,32.89,23584900,32.41,32.41,10.0190599833,14.2857142857
462,3/18/2014,32.93,33.04,32.85,32.98,25998200,32.48,32.44,15.282432386,14.2857142857
463,3/19/2014,33.02,33.34,32.82,32.96,31803400,32.55,32.45,17.330265917,14.2857142857
464,3/20/2014,33.07,34.14,33.01,34.09,62615900,32.61,32.47,36.465767867,37.5
465,3/21/2014,34.34,34.8,34.13,34.3,51002700,32.88,32.63,54.225737066,37.5
466,3/24/2014,34.41,34.76,34.23,34.46,53804800,33.15,32.83,55.8420522502,55.5555555556
467,3/25/2014,34.38,34.89,34.37,34.72,33408500,33.45,33.1,60.5793698437,55.5555555556
468,3/26/2014,34.91,35.03,34.61,34.61,38594500,33.77,33.42,63.0638498984,37.5
469,3/27/2014,34.66,35.03,34.6,34.96,33382700,34.02,33.7,66.7135680973,55.5555555556
470,3/28/2014,35.08,35.17,34.77,35.07,24745300,34.3,34.03,71.9551528633,70.0
471,3/31/2014,35.3,35.5,34.99,35.07,30486500,34.6,34.44,80.0122356654,66.6666666667
472,4/1/2014,35.01,35.14,34.65,35.09,28773700,34.74,34.61,71.1366887971,80.0
473,4/2/2014,35.16,35.48,35.04,35.37,28086800,34.85,34.75,88.7551363848,80.0
474,4/3/2014,35.45,35.67,35.35,35.63,25397900,34.98,34.88,106.483871077,80.0
475,4/4/2014,35.83,35.88,35.5,35.55,29350200,35.11,34.98,119.178733088,66.6666666667
476,4/7/2014,35.54,35.79,35.49,35.49,32673300,35.25,35.13,125.713604956,66.6666666667
477,4/8/2014,35.05,35.27,34.91,35.27,29291700,35.32,35.23,96.5770976717,50.0
478,4/9/2014,35.25,35.27,34.74,34.92,30493000,35.35,35.3,82.2084749856,28.5714285714
479,4/10/2014,35.15,35.43,34.97,35.12,35424600,35.33,35.36,124.011311662,28.5714285714
480,4/11/2014,35.13,35.32,35.01,35.2,34551600,35.34,35.42,161.179930592,28.5714285714
481,4/14/2014,35.28,35.37,35.06,35.36,15456600,35.31,35.41,357.58840481,50.0
482,4/15/2014,35.35,35.68,35.33,35.68,26484300,35.27,35.32,1601.69578383,50.0
483,4/16/2014,35.76,36.11,35.7,36.1,24216900,35.29,35.25,400.778306564,50.0
484,4/17/2014,36.03,36.23,35.92,36.04,25311800,35.38,35.23,221.402272941,37.5
485,4/21/2014,36.08,36.17,35.86,36.06,18756500,35.49,35.28,144.917355812,37.5
486,4/22/2014,36.1,36.41,35.96,36.29,32001000,35.65,35.46,135.408852869,37.5
487,4/23/2014,35.01,35.35,34.46,34.92,59638700,35.82,35.64,-60.6030933571,14.2857142857
488,4/24/2014,35.0,35.1,34.45,34.5,36619900,35.78,35.78,-88.8020112892,14.2857142857
489,4/25/2014,34.43,34.55,34.32,34.49,21984700,35.66,35.86,-118.260203009,14.2857142857
490,4/28/2014,34.67,35.15,34.56,35.08,29626400,35.49,35.81,-57.5605996256,37.5
491,4/29/2014,35.32,35.48,35.05,35.42,20731900,35.34,35.62,-4.55349283935,55.5555555556
492,4/30/2014,35.43,35.74,35.26,35.7,22553300,35.25,35.42,25.8079604829,55.5555555556
493,5/1/2014,35.75,36.0,35.41,35.58,27837400,35.2,35.21,36.4632166873,37.5
494,5/2/2014,35.7,35.8,35.52,35.63,15943400,35.1,34.91,32.8266755684,37.5
495,5/5/2014,35.58,35.76,35.44,35.76,15938700,35.2,34.98,33.2475303834,37.5
496,5/6/2014,35.76,35.76,35.48,35.49,21487700,35.38,35.2,23.5678696389,14.2857142857
497,5/7/2014,35.56,35.96,35.52,35.76,20267000,35.52,35.46,40.9550833506,37.5
498,5/8/2014,35.89,36.86,35.8,36.4,36474100,35.62,35.59,102.414242543,37.5
499,5/9/2014,36.38,36.51,36.18,36.44,15015500,35.76,35.68,86.7915917632,37.5
500,5/12/2014,36.73,36.74,36.16,36.57,23982100,35.87,35.72,84.4909225801,55.5555555556
501,5/13/2014,36.48,36.54,35.89,36.2,34252300,36.01,35.83,48.8415647183,55.5555555556
502,5/14/2014,36.1,36.57,36.01,36.39,24179500,36.09,35.94,52.4297475284,70.0
503,5/15/2014,36.4,36.61,35.58,36.52,20337500,36.18,36.04,42.6929284998,70.0
504,5/16/2014,36.55,36.79,36.51,36.74,24018800,36.33,36.25,77.9609998691,70.0
505,5/19/2014,35.99,36.75,35.77,36.38,77607200,36.47,36.43,42.5196288365,55.5555555556
506,5/20/2014,36.35,36.35,35.42,35.5,39979000,36.46,36.45,1.26546514394,55.5555555556
507,5/21/2014,35.67,35.71,35.09,35.27,32682800,36.33,36.42,-31.1294010059,37.5
508,5/22/2014,35.32,35.5,35.25,35.38,18026200,36.14,36.31,-30.8504780907,37.5
509,5/23/2014,35.36,35.55,35.25,35.32,17373800,36.03,36.27,-32.8474820833,37.5
510,5/27/2014,35.29,35.4,35.1,35.21,22452700,35.87,36.14,-42.6022359073,14.2857142857
511,5/28/2014,35.29,35.5,35.21,35.34,20503700,35.69,35.93,-35.0185746128,14.2857142857
512,5/29/2014,35.37,35.44,35.0,35.39,14166400,35.49,35.62,-39.5100204436,14.2857142857
513,5/30/2014,35.29,35.53,35.29,35.47,16164700,35.34,35.36,-28.7233708535,14.2857142857
514,6/2/2014,35.5,35.55,35.3,35.44,16222600,35.34,35.32,-28.3393394465,14.2857142857
515,6/3/2014,35.43,35.6,35.15,35.2,22262300,35.36,35.34,-35.6727675651,-16.6666666667
516,6/4/2014,35.2,35.2,34.95,35.05,26906000,35.34,35.33,-52.422616906,-60.0
517,6/5/2014,35.07,35.13,34.8,35.1,22265300,35.3,35.33,-56.0329218107,-60.0
518,6/6/2014,35.07,35.1,34.89,35.02,17130700,35.28,35.34,-55.683377919,-60.0
519,6/9/2014,35.05,35.12,34.94,35.01,17660300,35.24,35.32,-52.8402893151,-60.0
520,6/10/2014,34.92,35.1,34.86,34.94,17694200,35.18,35.27,-56.8089740114,-60.0
521,6/11/2014,34.95,35.04,34.8,34.81,16329600,35.11,35.18,-64.4348673117,-125.0
522,6/12/2014,34.84,34.87,34.62,34.83,19062400,35.02,35.07,-77.25647649,-60.0
523,6/13/2014,34.92,35.15,34.78,35.03,19976700,34.97,35.01,-49.6330719489,-16.6666666667
524,6/16/2014,34.97,35.09,34.9,34.98,14109700,34.96,34.99,-45.2231931979,-60.0
525,6/17/2014,35.02,35.15,34.95,35.02,17310300,34.95,34.95,-30.4854021136,-60.0
526,6/18/2014,35.02,35.21,34.97,35.2,20301100,34.95,34.93,-5.40074977674,-60.0
527,6/19/2014,35.25,35.39,35.2,35.36,19514000,34.97,34.92,42.3621677468,-16.6666666667
528,6/20/2014,35.63,35.75,35.35,35.39,28984000,35.03,34.95,85.5236216775,14.2857142857
529,6/23/2014,35.57,35.57,35.26,35.39,14507600,35.12,35.02,63.9428947121,28.5714285714
530,6/24/2014,35.39,35.58,35.21,35.29,21166100,35.2,35.12,48.6067479907,0.0
531,6/25/2014,35.22,35.29,35.1,35.26,15275400,35.23,35.17,15.4307136478,0.0
532,6/26/2014,35.31,35.31,35.1,35.26,15789800,35.27,35.24,16.9737850126,16.6666666667
533,6/27/2014,35.17,35.43,35.1,35.41,20942300,35.31,35.31,41.5628815629,42.8571428571
534,6/30/2014,35.4,35.55,35.33,35.36,19118700,35.34,35.35,70.474130582,42.8571428571
535,7/1/2014,35.23,35.53,35.15,35.48,21774600,35.34,35.34,59.1471776087,42.8571428571
536,7/2/2014,35.48,35.67,35.43,35.67,14225800,35.35,35.33,101.842710076,42.8571428571
537,7/3/2014,35.85,35.87,35.69,35.84,11681200,35.39,35.33,123.973968595,62.5
538,7/7/2014,35.9,36.1,35.85,36.02,19577000,35.47,35.37,137.671488021,62.5
539,7/8/2014,35.54,35.73,35.41,35.56,20139500,35.58,35.45,45.7175340292,42.8571428571
540,7/9/2014,35.7,35.72,35.51,35.65,15910100,35.62,35.54,47.1202967859,42.8571428571
541,7/10/2014,35.38,35.77,35.38,35.7,14594000,35.65,35.61,36.4279427148,42.8571428571
542,7/11/2014,35.72,35.83,35.57,35.76,11559400,35.7,35.69,41.664626683,50.0
543,7/14/2014,35.86,35.94,35.71,35.86,12564400,35.74,35.76,47.7286571,66.6666666667
544,7/15/2014,35.95,36.35,35.92,36.24,34987200,35.77,35.78,74.430543408,80.0
545,7/16/2014,36.45,36.55,36.33,36.45,20223000,35.83,35.78,88.8199499326,81.8181818182
546,7/17/2014,36.27,36.47,35.98,36.03,19143000,35.89,35.75,50.5854005456,70.0
547,7/18/2014,36.18,36.19,36.0,36.17,16132500,35.96,35.84,39.7618089004,81.8181818182
548,7/21/2014,36.07,36.16,35.88,35.96,20917400,36.03,35.94,26.0790454027,70.0
549,7/22/2014,36.03,36.1,35.77,35.94,18185700,36.07,36.03,17.8191632679,55.5555555556
550,7/23/2014,35.9,35.96,35.8,35.88,15179800,36.09,36.11,10.6299072091,37.5
551,7/24/2014,35.43,35.72,35.03,35.5,45151800,36.1,36.17,-26.3851199518,14.2857142857
552,7/25/2014,35.37,35.7,35.36,35.54,18663300,35.99,36.11,-18.4381836728,37.5
553,7/28/2014,35.55,35.77,35.5,35.65,20593000,35.86,35.96,-11.3713994605,37.5
554,7/29/2014,37.43,37.48,36.46,36.59,92453000,35.81,35.91,72.6656227233,37.5
555,7/30/2014,36.45,36.63,36.07,36.36,20446300,35.87,35.83,30.0468016739,14.2857142857
556,7/31/2014,36.05,36.21,35.51,35.59,34603600,35.92,35.82,-9.98727385419,-16.6666666667
557,8/1/2014,35.78,35.82,35.28,35.33,23962400,35.87,35.8,-28.2972759202,-60.0
558,8/4/2014,35.37,35.53,35.2,35.46,21300200,35.79,35.78,-32.3263197086,-60.0
559,8/5/2014,35.36,35.46,35.01,35.11,19505100,35.79,35.86,-45.1782845313,-60.0
560,8/6/2014,35.0,35.02,34.36,34.62,35941100,35.73,35.9,-79.5834968596,-125.0
561,8/7/2014,34.75,34.79,34.17,34.21,20749200,35.58,35.88,-99.5101887286,-125.0
562,8/8/2014,34.3,34.5,34.18,34.47,18771100,35.24,35.55,-102.599615667,-60.0
563,8/11/2014,34.69,34.76,34.41,34.47,14724900,34.97,35.2,-92.681303091,-40.0
564,8/12/2014,34.58,34.7,34.48,34.64,15322900,34.81,35.01,-90.0456424466,0.0
565,8/13/2014,34.75,34.83,34.5,34.69,15951400,34.71,34.85,-86.6914065342,0.0
566,8/14/2014,34.83,34.93,34.6,34.91,14588800,34.6,34.64,-72.5837615818,0.0
567,8/15/2014,34.93,34.97,34.46,34.74,26952100,34.57,34.5,-86.0018573145,-40.0
568,8/18/2014,34.87,34.9,34.57,34.65,18496100,34.59,34.49,-91.4350680584,-40.0
569,8/19/2014,34.69,34.69,34.33,34.48,20478400,34.65,34.6,-136.005222226,-40.0
570,8/20/2014,34.54,34.56,34.44,34.53,12549500,34.65,34.65,-151.065088757,0.0
571,8/21/2014,34.53,34.75,34.51,34.64,15931900,34.66,34.7,-133.513126628,0.0
572,8/22/2014,34.56,34.63,34.35,34.5,14285400,34.66,34.7,-204.7143381,0.0
573,8/25/2014,34.52,34.66,34.45,34.51,17321500,34.64,34.69,-248.533120935,28.5714285714
574,8/26/2014,34.6,34.65,34.46,34.5,14805600,34.58,34.61,-10918.9153439,28.5714285714
575,8/27/2014,34.59,34.79,34.54,34.75,14853400,34.54,34.56,-55.5711710177,28.5714285714
576,8/28/2014,34.66,34.75,34.56,34.74,10539700,34.56,34.54,-11.6978959939,14.2857142857
577,8/29/2014,34.73,34.96,34.62,34.96,12709000,34.6,34.57,61.3508532098,14.2857142857
578,9/2/2014,34.93,35.0,34.7,34.84,12691200,34.66,34.6,62.0692900418,-16.6666666667
579,9/3/2014,34.95,35.0,34.82,34.97,13026600,34.69,34.61,85.4085729086,-16.6666666667
580,9/4/2014,34.98,35.0,34.82,34.94,12483900,34.75,34.67,83.3426202658,-16.6666666667
581,9/5/2014,34.95,35.26,34.88,35.15,17799000,34.81,34.75,144.132857549,14.2857142857
582,9/8/2014,35.12,35.12,34.9,35.01,10786300,34.91,34.85,127.592377636,14.2857142857
583,9/9/2014,35.04,35.06,34.55,34.66,18782300,34.94,34.9,17.2175320495,-16.6666666667
584,9/10/2014,34.73,34.78,34.39,34.7,17719800,34.93,34.95,-53.882606674,-16.6666666667
585,9/11/2014,34.61,34.88,34.5,34.85,16024800,34.9,34.93,6.73532583425,14.2857142857
586,9/12/2014,34.83,34.91,34.36,34.5,20210100,34.9,34.94,-70.7209212596,-16.6666666667
587,9/15/2014,34.61,34.78,34.42,34.69,14689900,34.83,34.91,-42.2612150306,14.2857142857
588,9/16/2014,34.61,35.01,34.58,34.95,15655300,34.79,34.87,59.9517169687,14.2857142857
589,9/17/2014,35.02,35.19,34.83,35.02,17137200,34.77,34.78,143.125673978,37.5
590,9/18/2014,35.12,35.24,35.01,35.16,17230500,34.77,34.72,246.249775934,37.5
591,9/19/2014,35.35,35.48,35.23,35.47,21894300,34.84,34.76,558.842630385,55.5555555556
592,9/22/2014,35.46,35.55,35.29,35.5,16421200,34.95,34.82,1285.7609539,55.5555555556
593,9/23/2014,35.46,35.51,35.23,35.26,16803200,35.04,34.87,1676.60437491,55.5555555556
594,9/24/2014,35.33,35.49,35.18,35.4,13312300,35.15,35.03,501.692093065,55.5555555556
595,9/25/2014,35.42,35.43,34.98,35.08,21239000,35.25,35.17,138.285516396,55.5555555556
596,9/26/2014,35.2,35.34,34.96,35.28,14351300,35.27,35.25,120.50090712,70.0
597,9/29/2014,35.14,35.27,34.97,35.23,14973000,35.31,35.33,75.6702045141,55.5555555556
598,9/30/2014,35.26,35.4,35.1,35.24,20015500,35.32,35.36,95.6242977064,55.5555555556
599,10/1/2014,35.09,35.23,34.93,34.96,28857900,35.28,35.32,3.96764342495,55.5555555556
600,10/2/2014,35.04,35.12,34.82,34.97,24826300,35.21,35.25,-26.2134213421,55.5555555556
601,10/3/2014,35.26,36.16,35.08,35.36,20777600,35.17,35.22,199.704719056,55.5555555556
602,10/6/2014,35.56,35.73,35.36,35.49,22122900,35.16,35.16,157.106311153,55.5555555556
603,10/7/2014,35.53,35.61,35.31,35.33,21393600,35.22,35.2,88.6925136037,37.5
604,10/8/2014,34.92,35.17,34.62,35.15,25150700,35.23,35.18,-38.3657368273,14.2857142857
605,10/9/2014,35.1,35.22,34.6,34.66,21607500,35.21,35.18,-74.5647469092,-16.6666666667
606,10/10/2014,34.76,34.8,34.24,34.25,28941200,35.13,35.15,-160.159717189,-16.6666666667
607,10/13/2014,34.17,34.34,33.82,33.82,23641800,35.03,35.17,-260.976614182,-60.0
608,10/14/2014,33.88,34.06,33.72,33.84,22636600,34.87,35.14,-332.402625774,-16.6666666667
609,10/15/2014,33.68,33.98,33.1,33.87,48558700,34.65,34.97,-496.385642564,-16.6666666667
610,10/16/2014,33.63,33.83,33.25,33.64,29219100,34.42,34.7,-794.552856321,-16.6666666667
611,10/17/2014,33.76,34.2,33.66,34.08,24470600,34.18,34.41,-3328.55280313,-16.6666666667
612,10/20/2014,34.08,34.29,33.84,34.28,15258700,34.02,34.13,-713.559179202,14.2857142857
613,10/21/2014,34.27,34.66,34.09,34.62,21768900,33.97,33.95,-154.859773068,14.2857142857
614,10/22/2014,34.78,34.79,34.38,34.5,24963100,34.02,33.9,-51.6873552746,-16.6666666667
615,10/23/2014,34.04,34.11,33.45,33.66,55879200,34.12,33.97,-303.669226592,-60.0
616,10/24/2014,33.62,33.94,33.32,33.87,29835100,34.09,34.03,-205.692615436,-16.6666666667
617,10/27/2014,33.88,34.24,33.86,34.11,25358800,34.09,34.09,-83.3394540335,14.2857142857
618,10/28/2014,34.31,34.41,34.08,34.33,26016800,34.16,34.22,-28.5886331296,37.5
619,10/29/2014,34.4,34.65,34.17,34.4,22629600,34.2,34.25,-0.491670205421,55.5555555556
620,10/30/2014,34.27,34.55,34.12,34.51,18481800,34.21,34.23,1.84426673601,70.0
621,10/31/2014,34.76,34.85,34.58,34.84,24030300,34.2,34.13,53.7130990754,70.0
622,11/3/2014,34.97,35.03,34.61,34.84,22213400,34.25,34.06,62.6904253043,66.6666666667
623,11/4/2014,34.97,35.08,34.64,34.79,17839600,34.41,34.25,63.9540693159,66.6666666667
624,11/5/2014,34.94,34.96,34.71,34.92,15587500,34.55,34.42,66.8123517434,66.6666666667
625,11/6/2014,34.9,34.95,34.52,34.72,17443700,34.66,34.56,52.5209396058,50.0
626,11/7/2014,34.71,34.97,34.53,34.91,17983700,34.72,34.66,60.2785085052,50.0
627,11/10/2014,35.06,35.14,34.66,35.12,17921700,34.79,34.75,79.8771421137,66.6666666667
628,11/11/2014,35.15,35.15,34.8,35.1,12293600,34.88,34.84,86.8099387689,66.6666666667
629,11/12/2014,35.05,35.44,34.96,35.4,18750000,34.91,34.86,129.122953371,66.6666666667
630,11/13/2014,35.37,35.9,35.29,35.61,20900400,34.99,34.9,210.542230775,66.6666666667
631,11/14/2014,35.64,36.15,35.6,35.9,20552800,35.11,34.98,326.580146128,66.6666666667
632,11/17/2014,35.86,35.9,35.63,35.85,12957700,35.25,35.07,427.712864898,50.0
633,11/18/2014,35.77,35.87,35.62,35.72,17122500,35.41,35.24,638.506056183,28.5714285714
634,11/19/2014,35.63,35.66,35.18,35.37,19341900,35.53,35.39,1195.41018416,0.0
635,11/20/2014,35.35,35.44,35.19,35.28,12248600,35.56,35.5,546.002229291,-16.6666666667
636,11/21/2014,35.48,35.5,34.99,35.28,28261900,35.59,35.63,123.970335055,0.0
637,11/24/2014,34.98,35.1,34.22,34.7,36677200,35.57,35.67,-130.17380067,-40.0
638,11/25/2014,34.65,34.85,34.3,34.82,29342100,35.44,35.63,-129.444384559,0.0
639,11/26/2014,34.89,35.2,34.86,35.13,14142900,35.29,35.48,-7.7963869564,0.0
640,11/28/2014,35.28,35.57,35.23,35.38,12650500,35.19,35.31,65.4994860703,0.0
641,12/1/2014,35.28,35.37,34.91,35.06,19951000,35.14,35.16,-10.4390645673,0.0
642,12/2/2014,34.89,35.01,34.17,34.29,36826400,35.09,35.09,-144.642329294,-40.0
643,12/3/2014,34.25,34.26,33.92,34.0,30742700,34.95,35.01,-246.0636648,-100.0
644,12/4/2014,34.08,34.1,33.75,33.91,22992100,34.77,34.88,-310.046452318,-200.0
645,12/5/2014,33.88,33.95,33.72,33.94,18893400,34.66,34.87,-384.567587415,-100.0
646,12/8/2014,33.98,34.09,33.85,33.88,17080000,34.53,34.8,-455.621653778,-100.0
647,12/9/2014,33.31,33.33,32.4,32.89,59255500,34.35,34.61,-1293.92895561,-100.0
648,12/10/2014,32.89,32.89,32.41,32.49,34766700,34.0,34.26,-76432.4074072,-100.0
649,12/11/2014,32.62,33.05,32.57,32.71,28024700,33.63,33.9,-912.529198624,-60.0
650,12/12/2014,32.52,32.58,32.16,32.16,30070400,33.4,33.68,-518.310728324,-60.0
651,12/15/2014,32.32,32.44,32.07,32.25,29995700,33.14,33.47,-294.160544395,-60.0
652,12/16/2014,32.24,32.81,32.12,32.14,28952100,32.9,33.21,-181.885304033,-125.0
653,12/17/2014,32.22,32.8,32.16,32.67,28939700,32.65,32.89,-116.920982279,-125.0
654,12/18/2014,33.02,33.51,32.85,33.51,37622700,32.47,32.54,-38.9795104462,-60.0
655,12/19/2014,33.48,33.76,33.35,33.54,40198300,32.56,32.46,-12.7044722643,-16.6666666667
656,12/22/2014,33.66,33.98,33.57,33.85,22690700,32.71,32.51,7.27085120157,14.2857142857
657,12/23/2014,34.07,34.16,33.91,34.03,19399200,32.87,32.55,22.1868994605,37.5
658,12/24/2014,34.02,34.19,33.93,33.96,8831900,33.14,32.8,22.8865587838,14.2857142857
659,12/26/2014,34.05,34.23,33.98,34.17,11486800,33.39,33.08,29.585382716,37.5
660,12/29/2014,34.07,34.27,34.02,34.11,12708100,33.68,33.47,31.7694278186,37.5
661,12/30/2014,34.09,34.2,34.03,34.08,12369700,33.88,33.77,31.5924911808,37.5
662,12/31/2014,33.98,34.08,33.54,33.59,24178100,33.96,33.88,15.3521486507,14.2857142857
663,1/2/2015,33.59,33.97,33.59,33.87,20564000,33.97,33.99,19.3435672978,37.5
664,1/5/2015,33.87,33.92,33.52,33.55,30429100,33.97,34.02,13.1071678293,14.2857142857
665,1/6/2015,33.77,33.81,33.35,33.6,29595800,33.9,33.99,10.0608330247,37.5
666,1/7/2015,33.58,33.59,32.73,33.17,31660000,33.85,33.96,-8.23059340029,14.2857142857
667,1/8/2015,33.24,33.58,33.15,33.5,22799800,33.71,33.85,2.21930140251,14.2857142857
668,1/9/2015,33.62,33.69,33.39,33.4,21492500,33.62,33.72,4.25604121008,-16.6666666667
669,1/12/2015,33.59,33.76,33.48,33.49,20169900,33.53,33.59,6.40736761884,-16.6666666667
670,1/13/2015,33.72,33.92,33.27,33.49,24260300,33.51,33.57,2.46553037875,-40.0
671,1/14/2015,33.28,33.45,33.04,33.33,22093500,33.46,33.46,-15.9476261478,-40.0
672,1/15/2015,33.33,33.67,33.18,33.26,25800900,33.43,33.43,-14.0695593009,-100.0
673,1/16/2015,33.14,33.86,33.14,33.8,37526900,33.38,33.38,-3.91507372392,-40.0
674,1/20/2015,33.87,33.96,33.55,33.95,20257900,33.47,33.45,7.39492989756,0.0
675,1/21/2015,33.81,34.23,33.65,34.0,34849300,33.53,33.46,14.9171419711,28.5714285714
676,1/22/2015,33.84,33.93,33.29,33.79,34756100,33.62,33.51,-2.31486676255,0.0
677,1/23/2015,33.8,33.8,33.34,33.37,25450000,33.66,33.56,-10.6183608786,0.0
678,1/26/2015,33.32,33.34,33.05,33.18,28533500,33.64,33.59,-26.0682256635,-40.0
679,1/27/2015,33.09,33.12,32.81,32.81,30806100,33.62,33.67,-37.0969676302,-40.0
680,1/28/2015,33.47,33.64,32.64,32.68,45847700,33.56,33.74,-28.6252252844,-100.0
681,1/29/2015,32.68,33.1,32.41,32.96,31071400,33.4,33.64,-32.3945203394,-40.0
682,1/30/2015,32.77,33.43,32.72,32.92,56280900,33.26,33.47,-19.5346573745,-100.0
683,2/2/2015,33.31,33.62,32.8,33.56,37289500,33.1,33.24,-3.34403237935,-60.0
684,2/3/2015,33.66,34.34,33.65,34.34,41631400,33.07,33.06,32.8390793661,-16.6666666667
685,2/4/2015,34.33,34.75,34.23,34.41,29862300,33.21,33.02,48.3632730762,14.2857142857
686,2/5/2015,34.49,34.6,34.32,34.54,19076400,33.38,33.07,48.5617702801,14.2857142857
687,2/6/2015,34.49,35.05,34.41,34.87,27513600,33.63,33.28,62.3969400848,14.2857142857
688,2/9/2015,34.71,34.91,34.59,34.64,20110600,33.94,33.59,58.8143761394,-16.6666666667
689,2/10/2015,34.86,35.07,34.79,34.85,19874100,34.18,33.9,68.9606253367,14.2857142857
690,2/11/2015,34.79,34.83,34.25,34.39,31904300,34.46,34.28,44.7595616503,14.2857142857
691,2/12/2015,34.41,34.62,34.24,34.61,19865600,34.58,34.54,43.3155553588,37.5
692,2/13/2015,34.55,34.73,34.37,34.66,16082400,34.62,34.61,48.348996367,55.5555555556
693,2/17/2015,34.6,34.73,34.45,34.71,19254600,34.65,34.67,50.4215372841,70.0
694,2/18/2015,34.73,34.73,34.35,34.49,17098600,34.68,34.7,41.9115194257,55.5555555556
695,2/19/2015,34.48,34.48,34.03,34.09,18916000,34.62,34.64,16.6293611881,55.5555555556
696,2/20/2015,34.06,34.08,33.82,34.08,21282000,34.54,34.61,-1.30416059412,37.5
697,2/23/2015,33.97,34.05,33.74,33.85,23418800,34.43,34.51,-12.0196042429,14.2857142857
698,2/24/2015,33.75,34.12,33.6,34.05,19382000,34.36,34.5,-12.346082005,14.2857142857
699,2/25/2015,34.13,34.22,33.98,34.21,17838200,34.28,34.42,1.4975065021,14.2857142857
700,2/26/2015,34.12,34.59,34.06,34.5,23156200,34.21,34.31,19.876934623,14.2857142857
701,2/27/2015,34.42,34.58,34.38,34.56,19863600,34.18,34.17,26.6528155485,37.5
702,3/2/2015,34.56,34.65,34.21,34.64,21637600,34.19,34.1,20.4352393817,37.5
703,3/3/2015,34.53,34.65,34.35,34.41,20202400,34.27,34.14,8.85006369758,37.5
704,3/4/2015,34.45,34.45,33.97,34.0,23392300,34.32,34.2,-42.2347477755,14.2857142857
705,3/5/2015,34.15,34.2,33.99,34.0,14524100,34.34,34.32,-51.1337013638,0.0
706,3/6/2015,33.58,33.77,33.37,33.48,39761500,34.33,34.4,-116.188804369,-40.0
707,3/9/2015,33.45,33.59,33.31,33.35,19465200,34.23,34.4,-111.116411064,-40.0
708,3/10/2015,33.26,33.26,32.75,32.78,32469500,34.06,34.29,-143.796923904,-40.0
709,3/11/2015,32.88,32.89,32.52,32.62,29021600,33.81,34.1,-137.957568389,-40.0
710,3/12/2015,32.84,33.21,32.7,33.13,27016800,33.52,33.82,-85.1149156363,0.0
711,3/13/2015,32.99,33.03,32.6,32.76,26808000,33.34,33.55,-87.695615834,-40.0
712,3/16/2015,32.79,33.1,32.68,33.06,20531500,33.16,33.34,-63.364419873,-40.0
713,3/17/2015,32.85,33.12,32.77,32.9,23903200,33.03,33.1,-53.4838768612,-100.0
714,3/18/2015,32.93,33.59,32.69,33.59,47849300,32.94,32.97,-24.3061010068,-100.0
715,3/19/2015,33.51,33.51,33.18,33.2,19913700,32.98,32.87,-20.1520326051,-200.0
716,3/20/2015,33.27,33.6,33.21,33.23,38651800,33.04,32.94,-14.6719819013,-100.0
717,3/23/2015,33.37,33.68,33.28,33.28,23983800,33.12,33.06,-9.8610930054,-40.0
718,3/24/2015,33.23,33.42,33.07,33.07,20127200,33.15,33.07,-19.7802375488,-60.0
719,3/25/2015,33.02,33.11,32.62,32.62,29163100,33.19,33.17,-36.596167804,-60.0
720,3/26/2015,32.63,33.13,32.61,32.82,30624200,33.13,33.19,-26.847163754,-16.6666666667
721,3/27/2015,32.94,32.95,32.7,32.75,20852700,33.12,33.25,-24.2508555544,-16.6666666667
722,3/30/2015,32.82,33.04,32.8,32.97,18904300,33.0,33.1,-13.4556201058,14.2857142857
723,3/31/2015,32.97,33.03,32.65,32.65,27900200,32.96,33.04,-15.9865054525,-16.6666666667
724,4/1/2015,32.62,32.91,32.54,32.89,25365000,32.88,32.95,-12.5572629164,14.2857142857
725,4/2/2015,32.9,33.23,32.82,33.13,19273900,32.82,32.84,0.731806943997,14.2857142857
726,4/6/2015,33.15,33.41,33.06,33.33,22972500,32.83,32.78,9.23938983113,37.5
727,4/7/2015,33.35,33.45,33.16,33.16,24005000,32.93,32.86,9.18976835899,14.2857142857
728,4/8/2015,32.73,32.85,32.57,32.65,21381200,32.98,32.9,-11.9437072573,14.2857142857
729,4/9/2015,32.58,32.79,32.44,32.69,21073700,32.97,32.95,-13.7533598721,14.2857142857
730,4/10/2015,32.77,32.83,32.65,32.77,15063600,32.93,32.94,-8.95107307694,14.2857142857
731,4/13/2015,32.76,33.07,32.7,32.88,22731000,32.95,33.01,-4.1771674359,37.5
732,4/14/2015,32.92,32.93,32.62,32.69,18265100,32.94,33.03,-9.07042071797,37.5
733,4/15/2015,32.71,32.96,32.64,32.89,19856000,32.88,32.97,-5.69808438739,37.5
734,4/16/2015,32.76,32.9,32.7,32.75,17597300,32.82,32.84,-6.19239635291,37.5
735,4/17/2015,32.65,32.7,32.37,32.51,29716200,32.76,32.74,-14.3371104046,14.2857142857
736,4/20/2015,32.65,32.87,32.65,32.83,24314600,32.74,32.76,-3.60608739121,37.5
737,4/21/2015,32.84,32.85,32.58,32.66,19720400,32.76,32.78,-5.4390756741,14.2857142857
738,4/22/2015,32.78,32.89,32.55,32.86,29775500,32.74,32.77,-2.07789170263,14.2857142857
739,4/23/2015,33.45,34.4,33.33,34.23,91372900,32.74,32.74,37.9488642534,14.2857142857
740,4/24/2015,34.21,34.32,33.96,34.01,42046900,32.96,32.8,40.793863613,14.2857142857
741,4/27/2015,34.05,34.3,34.04,34.09,24468900,33.12,32.86,41.4773717978,37.5
742,4/28/2015,34.28,34.99,34.17,34.86,48688400,33.31,33.0,59.8391797943,37.5
743,4/29/2015,34.58,35.23,34.54,34.76,40722500,33.65,33.29,65.9532686043,14.2857142857
744,4/30/2015,34.7,34.9,34.55,34.64,29693200,33.92,33.56,59.913803104,-16.6666666667
745,5/1/2015,34.56,34.72,34.13,34.42,34167600,34.21,33.95,47.7021976328,-16.6666666667
746,5/4/2015,34.41,34.71,34.25,34.53,21305000,34.43,34.34,50.2332949207,-16.6666666667
747,5/5/2015,34.49,34.58,33.66,33.72,31805000,34.47,34.4,25.3388334531,-16.6666666667
748,5/6/2015,33.71,33.79,33.08,33.38,30701500,34.43,34.51,-4.60232337367,-16.6666666667
749,5/7/2015,33.25,33.56,33.11,33.37,22643500,34.33,34.57,-10.3321819074,-60.0
750,5/8/2015,33.72,33.83,33.59,33.69,27681400,34.12,34.38,5.94002289046,-16.6666666667
751,5/11/2015,33.65,33.7,33.38,33.49,21479700,33.96,34.18,-5.77212689268,-60.0
752,5/12/2015,33.31,33.94,33.03,33.66,41281600,33.8,33.97,-7.08441911948,-60.0
753,5/13/2015,33.63,34.14,33.57,33.9,34748800,33.69,33.79,9.25946705021,-16.6666666667
754,5/14/2015,34.08,34.2,34.0,34.13,23908700,33.6,33.56,21.1741204405,-16.6666666667
755,5/15/2015,34.11,34.39,34.01,34.33,28264100,33.66,33.54,25.9119487118,-16.6666666667
756,5/18/2015,34.28,35.02,34.26,34.87,59611900,33.8,33.65,56.3827693365,14.2857142857
757,5/19/2015,34.79,34.85,34.17,34.37,38270700,34.01,33.81,34.7233011461,14.2857142857
758,5/20/2015,34.43,34.71,34.29,34.62,27280100,34.11,33.91,37.7371638529,37.5
759,5/21/2015,34.55,35.22,34.52,35.07,41576000,34.27,34.11,73.6606021262,37.5
760,5/22/2015,34.89,35.03,34.62,34.71,26349200,34.47,34.31,59.1953989488,37.5
761,5/26/2015,34.6,34.76,34.26,34.67,40655000,34.59,34.48,35.1631823713,37.5
762,5/27/2015,34.75,35.1,34.6,34.95,36633600,34.66,34.61,68.8847399164,55.5555555556
763,5/28/2015,34.96,34.97,34.64,34.8,19591700,34.75,34.72,60.5770325898,37.5
764,5/29/2015,34.75,34.82,34.54,34.54,29885100,34.74,34.69,42.5474506693,37.5
765,6/1/2015,34.53,34.6,34.24,34.35,28235700,34.77,34.79,16.7924092617,14.2857142857
766,6/2/2015,34.37,34.53,34.28,34.36,19508800,34.73,34.81,16.0778386548,14.2857142857
767,6/3/2015,34.45,35.17,34.36,35.03,39115900,34.63,34.7,65.7097247165,14.2857142857
768,6/4/2015,34.92,35.48,34.78,35.27,56219000,34.67,34.69,106.103735774,14.2857142857
769,6/5/2015,35.16,35.17,34.5,34.57,36713200,34.76,34.71,48.8712373318,-16.6666666667
770,6/8/2015,34.5,34.72,34.49,34.59,25928800,34.7,34.65,20.9438257552,14.2857142857
771,6/9/2015,34.59,34.79,34.5,34.51,23986600,34.67,34.62,12.4233576642,-16.6666666667
772,6/10/2015,34.59,34.76,34.59,34.72,31312300,34.67,34.65,22.9030232349,-16.6666666667
773,6/11/2015,34.82,34.98,34.78,34.88,30440800,34.72,34.74,72.0804658549,14.2857142857
774,6/12/2015,34.75,34.96,34.64,34.65,25869100,34.8,34.85,25.6446683026,14.2857142857
775,6/15/2015,34.54,34.57,34.4,34.41,24465500,34.74,34.78,-109.667774943,-16.6666666667
776,6/16/2015,34.3,34.75,34.26,34.67,29729800,34.62,34.62,-50.3951713928,14.2857142857
777,6/17/2015,34.72,34.85,34.54,34.8,30455900,34.63,34.63,12.3476494486,37.5
778,6/18/2015,34.8,35.1,34.76,35.02,37333200,34.66,34.65,109.667774943,55.5555555556
779,6/19/2015,34.92,35.06,34.88,34.99,35661000,34.74,34.71,116.978959939,37.5
780,6/22/2015,35.1,35.15,35.0,35.04,23586500,34.77,34.72,161.218709191,37.5
781,6/23/2015,35.57,36.25,35.51,35.91,69970900,34.8,34.7,628.548490687,37.5
782,6/24/2015,35.92,35.95,35.68,35.78,33443200,34.98,34.78,1079.3030801,37.5
783,6/25/2015,36.13,36.45,36.04,36.18,47585200,35.17,34.97,7646.10184276,37.5
784,6/26/2015,36.38,36.4,35.91,36.12,30005900,35.39,35.15,1189.09042053,37.5
785,6/29/2015,35.87,36.23,35.75,35.77,28999200,35.58,35.35,351.797717012,14.2857142857
786,6/30/2015,36.03,36.15,35.46,35.52,31390100,35.68,35.51,161.273511157,-16.6666666667
787,7/1/2015,35.59,35.63,35.27,35.57,36972200,35.76,35.71,78.696639604,14.2857142857
788,7/2/2015,35.85,35.93,35.64,35.73,22254300,35.84,35.91,129.137789985,37.5
789,7/6/2015,35.6,35.66,35.47,35.61,25640300,35.81,35.88,67.0342654588,14.2857142857
790,7/7/2015,35.79,35.85,35.37,35.77,27143900,35.79,35.88,64.2660804398,14.2857142857
791,7/8/2015,35.28,35.32,34.74,34.79,31591700,35.73,35.77,-54.1280641409,-16.6666666667
792,7/9/2015,35.02,35.04,34.33,34.39,33071300,35.54,35.62,-105.061728395,-16.6666666667
793,7/10/2015,34.62,34.85,34.55,34.65,30999200,35.34,35.52,-92.1126705555,-16.6666666667
794,7/13/2015,34.75,34.97,34.67,34.88,26803200,35.22,35.44,-69.8650520807,-16.6666666667
795,7/14/2015,34.74,35.13,34.66,35.12,25142400,35.12,35.33,-51.6011143887,14.2857142857
796,7/15/2015,35.1,35.13,34.68,34.73,29044900,35.03,35.15,-68.675420268,-16.6666666667
797,7/16/2015,34.85,35.19,34.85,35.16,18452300,34.9,34.97,-39.8054983719,14.2857142857
798,7/17/2015,35.1,35.24,34.9,35.01,21900300,34.82,34.74,-42.4689229652,14.2857142857
799,7/20/2015,35.04,35.06,34.71,34.9,22216800,34.85,34.75,-63.0599159181,14.2857142857
800,7/21/2015,34.67,34.67,34.39,34.57,27871700,34.92,34.88,-108.48091864,-16.6666666667
801,7/22/2015,34.25,34.35,34.02,34.27,51795800,34.91,34.95,-165.388513312,-60.0
802,7/23/2015,34.28,34.34,33.86,33.93,37054300,34.82,34.93,-219.102738028,-60.0
803,7/24/2015,34.66,35.09,34.29,34.29,87250900,34.65,34.82,-152.177681236,-60.0
804,7/27/2015,34.22,34.66,34.02,34.32,50523600,34.59,34.78,-289.685372463,-16.6666666667
805,7/28/2015,34.57,34.58,34.22,34.33,52950700,34.47,34.61,-481.321954485,14.2857142857
806,7/29/2015,34.47,34.91,34.37,34.69,42986100,34.37,34.45,-1772.05140719,14.2857142857
807,7/30/2015,34.86,34.89,34.68,34.8,25958800,34.34,34.31,-47.6483762598,14.2857142857
808,7/31/2015,34.94,34.99,34.72,34.74,29880900,34.38,34.26,33.8259301847,-16.6666666667
809,8/3/2015,34.95,35.02,34.5,34.66,29677600,34.44,34.31,-1.68383145856,-16.6666666667
810,8/4/2015,34.79,34.8,34.5,34.58,26249900,34.55,34.46,-19.5387948972,-60.0
811,8/5/2015,34.79,34.83,34.51,34.57,22837600,34.59,34.54,-7.7017557469,-60.0
812,8/6/2015,34.55,34.59,33.95,34.24,32734200,34.62,34.61,-142.380281978,-60.0
813,8/7/2015,34.11,34.26,34.04,34.21,25627600,34.61,34.68,-141.157578966,-60.0
814,8/10/2015,34.3,34.78,34.2,34.78,29179800,34.54,34.65,-6.17347282459,-16.6666666667
815,8/11/2015,34.6,34.96,34.57,34.65,35402700,34.54,34.58,33.4999159886,-16.6666666667
816,8/12/2015,33.86,34.07,33.45,34.02,61974500,34.53,34.53,-173.380748643,-60.0
817,8/13/2015,34.01,34.17,33.79,33.81,35521100,34.44,34.47,-116.318084286,-125.0
818,8/14/2015,33.91,34.05,33.78,34.05,22759600,34.33,34.41,-82.9240723418,-125.0
819,8/17/2015,33.96,34.23,33.9,34.23,21050600,34.25,34.33,-42.7753078716,-125.0
820,8/18/2015,34.16,34.43,34.12,34.35,20538200,34.25,34.33,-12.7125606872,-125.0
821,8/19/2015,34.3,34.5,34.07,34.36,21139300,34.27,34.34,-11.3000539441,-60.0
822,8/20/2015,34.17,34.46,33.95,33.95,38363400,34.21,34.2,-42.7753078716,-60.0
823,8/21/2015,33.7,33.95,33.38,33.38,41636700,34.11,34.07,-112.039204213,-60.0
824,8/24/2015,32.18,32.69,30.97,32.37,77231300,34.02,34.07,-297.588173495,-60.0
825,8/25/2015,33.11,33.11,31.77,31.8,50674200,33.81,34.07,-207.000374221,-60.0
826,8/26/2015,32.36,32.85,32.01,32.69,49631200,33.49,33.93,-135.870986292,-16.6666666667
827,8/27/2015,33.01,33.49,32.82,33.44,42589900,33.27,33.69,-53.8132188072,-16.6666666667
828,8/28/2015,33.34,33.45,33.1,33.29,24154000,33.14,33.39,-41.8392472143,-16.6666666667
829,8/31/2015,33.2,33.28,33.01,33.2,22286500,32.99,33.04,-40.9811507161,-16.6666666667
830,9/1/2015,32.6,32.79,32.16,32.32,33048000,32.88,32.78,-78.2351161383,-16.6666666667
831,9/2/2015,32.97,32.97,32.5,32.82,24093000,32.73,32.61,-45.9841383979,-16.6666666667
832,9/3/2015,32.97,33.24,32.92,33.04,22833400,32.79,32.72,-23.8700246914,-16.6666666667
833,9/4/2015,32.68,32.78,32.35,32.56,29318900,32.97,33.01,-44.2201550563,-60.0
834,9/8/2015,32.95,33.19,32.81,33.14,18851000,32.95,33.08,-14.9950134092,-60.0
835,9/9/2015,33.4,33.5,32.72,32.78,22559100,32.91,32.95,-12.2987603563,-60.0
836,9/10/2015,32.77,32.84,32.55,32.75,25602300,32.84,32.83,-21.6471459506,-60.0
837,9/11/2015,32.73,32.78,32.56,32.72,17626900,32.77,32.73,-19.5537422063,-60.0
838,9/14/2015,32.74,32.78,32.51,32.55,18504700,32.83,32.85,-18.8993148944,-60.0
839,9/15/2015,32.68,32.93,32.54,32.86,22371700,32.79,32.85,-9.21895590435,-60.0
840,9/16/2015,32.86,33.1,32.76,32.94,23514200,32.77,32.78,-0.581132915546,-60.0
841,9/17/2015,32.73,33.14,32.41,32.78,37922100,32.82,32.84,-3.47577131398,-60.0
842,9/18/2015,32.68,32.79,32.41,32.55,44627200,32.77,32.75,-7.36418201242,-60.0
843,9/21/2015,32.55,32.69,32.45,32.56,19870300,32.74,32.74,-6.13180181154,-16.6666666667
844,9/22/2015,32.32,32.45,32.13,32.27,25518700,32.71,32.73,-16.3022197016,-60.0
845,9/23/2015,32.29,32.34,32.04,32.2,15739200,32.64,32.71,-19.1980087276,-125.0
846,9/24/2015,32.02,32.23,31.95,32.11,24741400,32.59,32.72,-21.4576690302,-125.0
847,9/25/2015,32.27,32.7,32.16,32.33,27104200,32.49,32.63,-9.70684936327,-125.0
848,9/28/2015,32.26,32.34,31.88,31.9,35924900,32.4,32.49,-19.1608099197,-125.0
849,9/29/2015,31.99,32.18,31.85,32.07,33785200,32.27,32.37,-17.0714412852,-60.0
850,9/30/2015,32.36,32.71,32.24,32.58,34815500,32.21,32.28,-2.34744455076,-16.6666666667
