Date,Open,High,Low,Close,Volume,Adj Close
5/14/2012,562.569992,567.510025,557.599998,558.219986,88156600,74.570231
5/15/2012,561.45002,563.219994,551.749985,553.169991,119084000,73.895624
5/16/2012,554.050011,556.890022,541.039993,546.080002,140224000,72.948503
5/17/2012,545.309998,547.500008,530.12001,530.12001,179305000,70.816475
5/18/2012,533.959991,543.409981,522.180016,530.37999,183073100,70.851205
5/21/2012,534.499977,561.540009,534.04998,561.279976,157776500,74.979002
5/22/2012,569.550018,573.879997,552.580017,556.970024,173717600,74.403254
5/23/2012,557.500023,572.800026,553.230019,570.559975,146224400,76.218678
5/24/2012,575.870003,576.499977,561.229988,565.320015,124057500,75.518694
5/25/2012,564.590012,565.850014,558.469978,562.289986,82126800,75.113925
5/29/2012,570.900009,574,565.309975,572.269974,95127200,76.447109
5/30/2012,569.199997,579.98999,566.55999,579.169998,132357400,77.368854
5/31/2012,580.740021,581.499985,571.460022,577.730019,122918600,77.176494
6/1/2012,569.159996,572.650009,560.520012,560.989983,130246900,74.940263
6/4/2012,561.500008,567.499985,548.499977,564.289978,139248900,75.381096
6/5/2012,561.269989,566.470001,558.330002,562.830025,97053600,75.186067
6/6/2012,567.770004,573.849983,565.499992,571.460022,100363900,76.338911
6/7/2012,577.290009,577.320023,570.5,571.720001,94941700,76.373641
6/8/2012,571.599998,580.580017,568.999992,580.319984,86879100,77.522476
6/11/2012,587.719994,588.499985,570.62999,571.169975,147816200,76.300165
6/12/2012,574.459984,576.61998,566.70002,576.159996,108845100,76.966761
6/13/2012,574.520012,578.479996,570.379997,572.160011,73395000,76.43242
6/14/2012,571.23999,573.500015,567.259979,571.529984,86393300,76.348257
6/15/2012,570.999985,574.619987,569.550018,574.12999,83813800,76.695581
6/18/2012,570.959984,587.889984,570.37001,585.779976,110103000,78.251853
6/19/2012,583.400002,589.999992,583.100021,587.410027,90351100,78.469605
6/20/2012,588.209991,589.250015,580.799995,585.739975,89735800,78.246509
6/21/2012,585.439995,588.219978,577.440025,577.669991,81587800,77.168475
6/22/2012,579.040009,582.189987,575.420006,582.099998,71117900,77.760261
6/25/2012,577.299995,579.800026,570.37001,570.77002,76095600,76.246737
6/26/2012,571.329979,574.489998,567.329994,572.030022,69134100,76.415055
6/27/2012,575.000023,576.739983,571.920006,574.499985,50749300,76.745007
6/28/2012,571.670013,574,565.610008,569.04998,70709100,76.016964
6/29/2012,577.999985,584.000015,574.249992,584.000015,105375200,78.014076
7/2/2012,584.730019,593.469978,583.600006,592.519997,100023000,79.152224
7/3/2012,594.879997,600.000008,593.999977,599.409981,60428200,80.072627
7/5/2012,600.56002,614.339989,599.649986,609.939995,121095800,81.479287
7/6/2012,607.089996,608.439987,601.580017,605.879982,104732600,80.936927
7/9/2012,605.299995,613.899979,604.110008,613.889992,94851400,82.00695
7/10/2012,617.969978,619.869995,605.309982,608.210022,127989400,81.248187
7/11/2012,606.119987,607.659996,597.220024,604.430016,117330500,80.743232
7/12/2012,600.240013,603.469994,592.68,598.900009,107010400,80.004502
7/13/2012,602.949982,607.190025,600.000008,604.970001,77856800,80.815367
7/16/2012,605.120018,611.61998,605.019989,606.910019,75315100,81.074526
7/17/2012,610.790001,611.499977,603.149986,606.93998,73406200,81.078528
7/18/2012,606.590012,608.340012,603.559982,606.260017,63175000,80.987695
7/19/2012,611.279999,615.349998,605.999985,614.320015,109215400,82.064395
7/20/2012,613.029999,614.440018,603.700012,604.300026,99367800,80.725868
7/23/2012,594.399986,605.900009,587.710007,603.830002,121993900,80.663079
7/24/2012,607.37999,609.680016,598.509987,600.919975,141283100,80.274341
7/25/2012,574.459984,580.799995,570.000015,574.970009,219328200,76.807796
7/26/2012,579.760025,580.399986,570.360023,574.88002,101658200,76.795774
7/27/2012,575.01001,585.830017,571.590012,585.159988,100984100,78.169032
7/30/2012,590.920013,599.439995,587.820023,595.030014,94785600,79.487526
7/31/2012,603.229988,611.699982,602.720016,610.759987,115581900,81.588826
8/1/2012,615.910011,616.400009,603.000023,606.80999,96125400,81.061163
8/2/2012,602.840019,610.690025,600.25,607.789986,83039600,81.192077
8/3/2012,613.630013,617.980019,611.560005,615.70002,86230200,82.248744
8/6/2012,617.290016,624.870003,615.26001,622.550003,75525800,83.163804
8/7/2012,622.769981,624.999992,618.039993,620.910019,72611700,82.944726
8/8/2012,619.389984,623.88002,617.099998,619.860008,61176500,82.804459
8/9/2012,617.849976,621.730011,617.799988,620.729988,55410600,83.276696
8/10/2012,618.710022,621.760025,618.699982,621.699997,48734700,83.406832
8/13/2012,623.390022,630,623.249992,630,69708100,84.520354
8/14/2012,631.870003,638.610023,630.209991,631.690025,85042300,84.747087
8/15/2012,631.300003,633.999985,627.750015,630.829979,64335600,84.631704
8/16/2012,631.210014,636.759995,630.499985,636.340012,63633500,85.370926
8/17/2012,640.000015,648.190002,638.809975,648.110001,110690300,86.949979
8/20/2012,650.010017,665.150017,649.900002,665.150017,153346200,89.236056
8/21/2012,670.82,674.880013,650.330025,656.059982,203179900,88.016543
8/22/2012,654.419998,668.999985,648.110001,668.869995,141330700,89.735125
8/23/2012,666.109985,669.899979,661.149979,662.630013,105032200,88.897974
8/24/2012,659.509995,669.479996,655.550011,663.219986,109335100,88.977124
8/27/2012,679.989983,680.870003,673.540009,675.679977,106752100,90.648748
8/28/2012,674.979988,676.100014,670.669983,674.800011,66854200,90.530692
8/29/2012,675.250008,677.669983,672.600014,673.469994,50701700,90.352258
8/30/2012,670.640022,671.550003,662.849991,663.869987,75674900,89.064328
8/31/2012,667.249985,668.599976,657.250023,665.240005,84580300,89.248128
9/4/2012,665.760017,675.139992,664.500015,674.970001,91973000,90.553498
9/5/2012,675.570015,676.350006,669.599998,670.230026,84093800,89.917586
9/6/2012,673.170013,678.290024,670.800026,676.270004,97799100,90.727905
9/7/2012,678.050018,682.480026,675.77002,680.43998,82416600,91.287346
9/10/2012,680.45002,683.289978,662.100014,662.739975,121999500,88.912726
9/11/2012,665.110016,670.099983,656.499992,660.590019,125995800,88.62429
9/12/2012,666.849976,669.899979,656.000008,669.790016,178058300,89.858555
9/13/2012,677.370003,685.500015,674.769997,682.980011,149590000,91.628115
9/14/2012,689.959984,696.980011,687.889977,691.280014,150118500,92.741638
9/17/2012,699.349998,699.799995,694.610023,699.780022,99507800,93.881993
9/18/2012,699.879997,702.329987,696.419998,701.910004,93375800,94.167749
9/19/2012,700.259979,703.989998,699.569977,702.100021,81718700,94.193242
9/20/2012,699.159981,700.059975,693.619987,698.699997,84142100,93.737097
9/21/2012,702.409988,705.070023,699.359985,700.089989,142897300,93.923578
9/24/2012,686.859993,695.119995,682.999985,690.790016,159941600,92.6759
9/25/2012,688.260025,692.780022,673.000023,673.540009,129697400,90.361651
9/26/2012,668.740005,672.690002,661.20002,665.179977,144125800,89.240075
9/27/2012,664.290024,682.170006,660.350014,681.32,148522500,91.405409
9/28/2012,678.750008,681.110008,666.75,667.100021,133777700,89.497667
10/1/2012,671.159981,676.750015,656.499992,659.389992,135898700,88.463295
10/2/2012,661.81002,666.349991,650.649979,661.309982,156998100,88.720879
10/3/2012,664.860023,671.860023,662.630013,671.449974,106070300,90.081253
10/4/2012,671.250023,674.249985,665.550026,666.799988,92681400,89.457415
10/5/2012,665.200005,666.000023,651.280006,652.589996,148501500,87.551012
10/8/2012,646.880013,647.559975,636.109993,638.170013,159498500,85.616437
10/9/2012,638.650024,640.490013,623.550026,635.850014,209649300,85.305188
10/10/2012,639.739983,644.979996,637,640.909996,127589000,85.984032
10/11/2012,646.499977,647.20002,628.099983,628.099983,136520300,84.265449
10/12/2012,629.55999,635.37999,625.300026,629.710007,115003700,84.481449
10/15/2012,632.350014,635.129997,623.850006,634.760002,108125500,85.158953
10/16/2012,635.370003,650.300011,631.000023,649.789986,137442900,87.175365
10/17/2012,648.870018,652.790001,644,644.610001,97259400,86.480422
10/18/2012,639.590019,642.059982,630,632.640007,119156100,84.874536
10/19/2012,631.050011,631.769974,609.619987,609.840019,186021500,81.815706
10/22/2012,612.419998,635.37999,610.759987,634.029999,136682700,85.061016
10/23/2012,631.000023,633.900009,611.699982,613.359993,176786400,82.287943
10/24/2012,621.440018,626.549988,610.639984,616.829979,139631800,82.753474
10/25/2012,619.999985,621.999977,605.549988,609.539986,164081400,81.775453
10/26/2012,609.430023,614.000008,591.000015,603.999992,254608200,81.032212
10/31/2012,594.879997,601.959999,587.70002,595.320007,127500800,79.867711
11/1/2012,598.219994,603.000023,594.170021,596.540009,90324500,80.031385
11/2/2012,595.890007,596.950005,574.749977,576.800011,149843400,77.383081
11/5/2012,583.520004,587.769981,577.599976,584.620003,132283900,78.432206
11/6/2012,590.230011,590.739983,580.090019,582.849976,93729300,78.19474
11/7/2012,573.839996,574.539986,555.750023,558.000008,198412200,75.202802
11/8/2012,560.629974,562.230011,535.290009,537.749985,264036500,72.473665
11/9/2012,540.420006,554.87999,533.719986,547.059998,232478400,73.728395
11/12/2012,554.149986,554.500008,538.649979,542.829994,128950500,73.158309
11/13/2012,538.910011,550.479996,536.359993,542.900009,133237300,73.167745
11/14/2012,545.500015,547.45002,536.180016,536.880005,119292600,72.356416
11/15/2012,537.530006,539.499985,522.620026,525.619987,197477700,70.838881
11/16/2012,525.200005,530.000008,505.75,527.680008,316723400,71.116514
11/19/2012,540.709999,567.499985,539.88002,565.730011,205829400,76.244591
11/20/2012,571.910019,571.95002,554.580009,560.909981,160688500,75.594985
11/21/2012,564.249977,567.369995,556.599976,561.700012,93250500,75.701459
11/23/2012,567.169991,572.000008,562.600006,571.500023,68206600,77.022227
11/26/2012,575.900017,589.999992,573.710007,589.530022,157644900,79.452167
11/27/2012,589.549995,590.419975,580.100006,584.780006,133332500,78.811997
11/28/2012,577.269981,585.800003,572.259987,582.940018,130216100,78.564018
11/29/2012,590.220024,594.250023,585.249977,589.359978,128674700,79.42925
11/30/2012,586.789986,588.400009,582.679985,585.279991,97829900,78.879381
12/3/2012,593.650009,594.590004,585.500023,586.190025,91070000,79.002029
12/4/2012,581.800018,581.800018,572.129997,575.849976,139267100,77.608479
12/5/2012,568.910004,569.249985,538.769981,538.790009,261159500,72.613831
12/6/2012,528.94001,553.31002,518.629974,547.239975,294303100,73.752651
12/7/2012,553.400009,555.199997,530.000008,533.250015,196760200,71.867195
12/10/2012,525,538.510002,521.580002,529.819977,157621100,71.404922
12/11/2012,539.770004,549.559975,537.370003,541.390015,148086400,72.96424
12/12/2012,547.769974,547.999992,536.270004,539,121786000,72.642132
12/13/2012,531.149994,537.640022,525.800018,529.689987,156314900,71.387403
12/14/2012,514.749992,518.12999,505.580009,509.789986,252394800,68.705439
12/17/2012,508.929993,519.999992,501.230003,518.829979,189401800,69.923777
12/18/2012,525,534.899986,520.249985,533.900017,156421300,71.954797
12/19/2012,531.470001,533.700012,525.499985,526.30999,112342300,70.931874
12/20/2012,530.000008,530.200012,518.88002,521.730019,120422400,70.314622
12/21/2012,512.469994,519.669998,510.239983,519.330017,149067100,69.991169
12/24/2012,520.350014,524.250023,518.709976,520.169983,43938300,70.104372
12/26/2012,519.000023,519.460007,511.120003,512.999992,75609100,69.138058
12/27/2012,513.539978,516.25,504.659988,515.060013,113780100,69.415691
12/28/2012,510.290024,514.480026,508.119987,509.589981,88569600,68.678484
12/31/2012,510.529976,535.400024,509.000008,532.169991,164873100,71.721638
1/2/2013,553.819992,554.999992,541.63002,549.029976,140129500,73.993893
1/3/2013,547.87999,549.669991,540.999992,542.099991,88241300,73.059925
1/4/2013,536.969994,538.630005,525.829979,526.999992,148583400,71.024867
1/7/2013,521.999985,529.300018,515.199989,523.900002,121039100,70.607075
1/8/2013,529.209976,531.889984,521.250008,525.31002,114676800,70.797106
1/9/2013,522.500023,525.009987,515.990021,517.100006,101901100,69.690625
1/10/2013,528.549988,528.719978,515.519997,523.509979,150286500,70.554511
1/11/2013,521.000015,525.320007,519.019997,520.300026,87626700,70.121899
1/14/2013,502.680023,507.5,498.509995,501.750015,183551900,67.621876
1/15/2013,498.300003,498.990005,483.379982,485.920013,219193100,65.488434
1/16/2013,494.639999,509.440018,492.499977,506.089981,172701200,68.206782
1/17/2013,510.309998,510.750008,502.030022,502.680023,113419600,67.747215
1/18/2013,498.519981,502.219986,496.399986,500.000015,118230700,67.386025
1/22/2013,504.560013,507.879982,496.630005,504.770004,115386600,68.028886
1/23/2013,508.80999,514.989998,504.770004,514.010002,215377400,69.274179
1/24/2013,460.000008,465.730019,450.249985,450.499977,365213100,60.714803
1/25/2013,451.690018,456.229988,434.999996,439.880001,302006600,59.283527
1/28/2013,437.829994,453.209999,435.859989,449.830002,196379400,60.624509
1/29/2013,458.5,460.200012,452.119987,458.269981,142789500,61.761983
1/30/2013,456.999992,462.600014,454.500015,456.830002,104288800,61.567914
1/31/2013,456.980019,459.279991,454.980026,455.489998,79833600,61.387319
2/1/2013,459.110001,459.479996,448.350021,453.619995,134871100,61.135295
2/4/2013,453.909988,455.939995,441.999996,442.320004,119279300,59.612372
2/5/2013,444.050003,459.739975,442.220001,457.840012,143336900,61.704035
2/6/2013,456.469994,466.500023,452.580025,457.350014,148426600,61.637997
2/7/2013,463.250015,470.000023,454.11998,468.220009,176145200,63.470733
2/8/2013,474.000008,478.809998,468.250023,474.980003,158289600,64.387101
2/11/2013,476.499985,484.940018,473.249977,479.930023,129372600,65.058113
2/12/2013,479.509987,482.380013,467.739998,467.900002,152263300,63.427354
2/13/2013,467.209999,473.639999,463.220001,467.009995,118801900,63.306707
2/14/2013,464.520004,471.640007,464.02002,466.590012,88818800,63.249775
2/15/2013,468.849983,470.160027,459.920006,460.160011,97936300,62.37814
2/19/2013,461.100006,462.730003,453.850014,459.990021,108945900,62.355096
2/20/2013,457.689995,457.689995,448.800018,448.850006,119075600,60.844984
2/21/2013,446.000008,449.170013,442.819988,446.060009,111795600,60.466779
2/22/2013,449.250015,451.599976,446.599995,450.809998,82663700,61.110675
2/25/2013,453.850014,455.120003,442.569996,442.799988,93144800,60.024859
2/26/2013,443.820011,451.540001,437.660004,448.970009,125374900,60.861251
2/27/2013,448.430023,452.439995,440.650005,444.569988,146837600,60.264795
2/28/2013,444.050003,447.87001,441.400009,441.400009,80628800,59.835081
3/1/2013,438.000011,438.179989,429.979988,430.470013,138112100,58.353438
3/4/2013,427.799992,428.200001,419.000004,420.049988,145688900,56.940925
3/5/2013,421.480007,435.189987,420.750004,431.139988,159608400,58.444258
3/6/2013,434.509998,435.249989,424.430008,425.659996,115062500,57.701404
3/7/2013,424.499996,432.009995,421.059998,430.580002,117118400,58.368348
3/8/2013,429.800011,435.429993,428.609997,431.720001,97870500,58.522883
3/11/2013,429.749996,439.009995,425.140011,437.869995,118559000,59.356561
3/12/2013,435.60001,438.880005,427.57,428.429993,116477900,58.076898
3/13/2013,428.449993,434.500011,425.359989,428.349991,101387300,58.066053
3/14/2013,432.830013,434.639988,430.450012,432.499992,75968900,58.628617
3/15/2013,437.929996,444.230007,437.250008,443.660007,160990200,60.141441
3/18/2013,441.449997,457.459976,441.200005,455.720016,151549300,61.776265
3/19/2013,459.500023,460.970016,448.499985,454.489975,131693800,61.609524
3/20/2013,457.419975,457.63002,449.589996,452.079987,77165200,61.282832
3/21/2013,450.220024,457.979988,450.100021,452.729988,95813900,61.370945
3/22/2013,454.580017,462.099976,453.110023,461.910011,98776300,62.615366
3/25/2013,464.689995,469.949982,461.780022,463.580009,125283900,62.841746
3/26/2013,465.440025,465.839981,460.530006,461.140007,73573500,62.510986
3/27/2013,456.460007,456.799988,450.729996,452.079987,82809300,61.282832
3/28/2013,449.820015,451.820007,441.619987,442.660011,110709900,60.005884
4/1/2013,441.899994,443.700008,427.73999,428.910004,97433000,58.141967
4/2/2013,427.599987,438.139988,426.400013,429.789997,132379800,58.261257
4/3/2013,431.370007,437.279995,430.310009,431.989994,90804000,58.559483
4/4/2013,433.759995,434.999996,425.25,427.71999,89611900,57.980652
4/5/2013,424.499996,424.949993,419.679993,423.199993,95923800,57.367932
4/8/2013,424.849991,427.500011,422.48999,426.209995,75207300,57.775961
4/9/2013,426.360012,428.500008,422.749996,426.98,76653500,57.880341
4/10/2013,428.099998,437.05999,426.009991,435.689999,93982000,59.061046
4/11/2013,433.719994,437.989998,431.199989,434.329994,82091100,58.876687
4/12/2013,434.14999,434.14999,429.090008,429.800011,59653300,58.262614
4/15/2013,427,427.890007,419.550003,419.85001,79380000,56.913817
4/16/2013,421.569996,426.610004,420.57,426.240009,76442800,57.780029
4/17/2013,420.269993,420.599987,398.109993,402.800007,236264000,54.602561
4/18/2013,404.98999,405.790009,389.740002,392.049988,166574800,53.145316
4/19/2013,387.970001,399.599987,385.100002,390.530006,152318600,52.939271
4/22/2013,392.639988,402.199993,391.269997,398.670006,107480100,54.042709
4/23/2013,403.989994,408.380001,398.810009,406.12999,166059600,55.053965
4/24/2013,393.540009,415.250011,392.500011,405.459988,242412800,54.963142
4/25/2013,411.23,413.939995,406.999996,408.380001,96209400,55.358971
4/26/2013,409.809994,418.770012,408.250011,417.199989,191024400,56.554587
4/29/2013,420.449997,433.619991,420,430.119991,160081600,58.30599
4/30/2013,435.099998,445.250004,432.069996,442.779987,172884600,60.022147
5/1/2013,444.459999,444.929996,434.389996,439.290001,126727300,59.549054
5/2/2013,441.779991,448.589973,440.630005,445.519997,105457100,60.393576
5/3/2013,451.309982,453.230026,449.149986,449.980019,90325200,60.998166
5/6/2013,455.709976,462.200005,454.309998,460.709984,124160400,62.452693
5/7/2013,464.970001,465.749992,453.699997,458.660004,120938300,62.174803
5/8/2013,459.039986,465.37001,455.810005,463.839989,118149500,62.876988
5/9/2013,459.80999,463.000023,455.579987,456.769974,99621900,62.328434
5/10/2013,457.970001,459.710014,450.480003,452.969994,83713000,61.809908
5/13/2013,451.509987,457.899986,451.5,454.740021,79237200,62.051437
5/14/2013,453.850014,455.200005,442.150013,443.860012,111779500,60.566808
5/15/2013,439.160011,441,422.360001,428.850002,185403400,58.518621
5/16/2013,423.239994,437.849995,418.900002,434.580013,150801000,59.300508
5/17/2013,439.049995,440.089993,431.009998,433.26001,106976100,59.120387
5/20/2013,431.909992,445.800003,430.099991,442.930004,112894600,60.439904
5/21/2013,438.150002,445.479996,434.200005,439.659996,114005500,59.993696
5/22/2013,444.050003,448.350021,438.21999,441.349995,110759600,60.224304
5/23/2013,435.950005,446.160011,435.790001,442.139999,88255300,60.332104
5/24/2013,440.85001,445.66,440.360012,445.150002,69041700,60.742833
5/28/2013,449.900017,451.109978,440.85001,441.44001,96536300,60.236587
5/29/2013,440.000004,447.499989,439.39999,444.949997,82644100,60.715542
5/30/2013,445.650013,454.500015,444.509987,451.580002,88379900,61.620237
5/31/2013,452.500023,457.100021,449.500008,449.730026,96075700,61.367799
6/3/2013,450.729996,452.359993,442.480007,450.720009,93088100,61.502887
6/4/2013,453.219986,454.43,447.389999,449.30999,73182200,61.310483
6/5/2013,445.650013,450.720009,443.709995,445.110001,72647400,60.737375
6/6/2013,445.470009,447.000004,434.049988,438.459995,104233500,59.82995
6/7/2013,436.500004,443.239998,432.770012,441.810005,101133900,60.287075
6/10/2013,444.729992,449.080025,436.800011,438.889992,112538300,59.888625
6/11/2013,435.740013,442.759987,433.320011,437.600002,71528100,59.7126
6/12/2013,439.499992,441.249992,431.499996,432.189999,66306800,58.974379
6/13/2013,432.499992,437.139992,428.75,435.959991,71458100,59.488813
6/14/2013,435.400005,436.290012,428.500008,430.050003,67966500,58.682367
6/17/2013,431.439995,435.700012,430.359997,432.000008,64853600,58.948454
6/18/2013,431.559998,434.899994,430.210007,431.769989,48756400,58.917067
6/19/2013,431.399994,431.66,422.999989,422.999989,77735000,57.720359
6/20/2013,419.300011,425.980003,415.17001,416.840008,89327700,56.8798
6/21/2013,418.490005,420,408.099995,413.500011,120279600,56.424042
6/24/2013,407.400005,408.660007,398.049992,402.540001,120186500,54.928496
6/25/2013,405.699993,407.790001,398.830009,402.62999,78540700,54.940776
6/26/2013,403.900005,404.790012,395.660004,398.069992,91931000,54.318542
6/27/2013,399.249992,401.389988,393.540009,393.779987,84311500,53.733151
6/28/2013,391.360012,400.269989,388.869995,396.53001,144629100,54.108404
7/1/2013,402.689991,412.269997,401.219997,409.219994,97763400,55.840013
7/2/2013,409.960011,421.629997,409.470013,418.490005,117466300,57.10495
7/3/2013,420.859993,422.979988,417.450008,420.799992,60232200,57.420159
7/5/2013,420.389996,423.290009,415.349987,417.419994,68506200,56.958942
7/8/2013,420.109989,420.999996,410.650013,415.050007,74534600,56.635546
7/9/2013,413.599987,423.5,410.379993,422.349987,88146100,57.631663
7/10/2013,419.599991,424.800003,418.25,420.730003,70351400,57.410608
7/11/2013,422.950001,428.249989,421.169987,427.289993,81573100,58.30575
7/12/2013,427.650002,429.789997,423.410011,426.510002,69890800,58.199317
7/15/2013,425.009995,431.459995,424.800003,427.44001,60479300,58.326221
7/16/2013,426.519989,430.709991,424.170002,430.199993,54134500,58.702834
7/17/2013,429.700008,432.220013,428.220001,430.310009,49747600,58.717846
7/18/2013,433.380013,434.870007,430.609989,431.760002,54719700,58.915704
7/19/2013,433.100006,433.98,424.350006,424.949993,67180400,57.986446
7/22/2013,429.460003,429.749996,425.470005,426.309998,51949100,58.172025
7/23/2013,426.000004,426.959999,418.710011,418.98999,92348900,57.173175
7/24/2013,438.929993,444.589989,435.260002,440.510002,147984200,60.109683
7/25/2013,440.699993,441.400009,435.810001,438.499996,57373400,59.835408
7/26/2013,435.300003,441.040001,434.340008,440.990013,50038100,60.175183
7/29/2013,440.799995,449.990005,440.200008,447.790009,62014400,61.103075
7/30/2013,449.959991,457.150009,449.229988,453.320015,77355600,61.85767
7/31/2013,454.990013,457.339973,449.429993,452.529984,80739400,61.749867
8/1/2013,455.749977,456.799988,453.259987,456.679985,51562700,62.316154
8/2/2013,458.010002,462.850006,456.660011,462.539986,68695900,63.115779
8/5/2013,464.689995,470.669998,462.150017,469.449997,79713900,64.058683
8/6/2013,468.020004,471.889999,462.169991,465.250008,83714400,63.485575
8/7/2013,463.799988,467.000008,461.769981,464.979988,74714500,63.448729
8/8/2013,463.860016,464.100021,457.949974,461.010017,63944300,63.322363
8/9/2013,458.639977,460.459991,453.650009,454.449974,66716300,62.421303
8/12/2013,456.860016,468.649979,456.629997,467.360016,91108500,64.194571
8/13/2013,470.940018,494.660027,468.050018,489.569977,220485300,67.245236
8/14/2013,497.88002,504.249992,493.400024,498.500008,189093100,68.471827
8/15/2013,496.420013,502.400017,489.079979,497.909981,122573500,68.390784
8/16/2013,500.149979,502.940002,498.860016,502.330002,90576500,68.997899
8/19/2013,504.339981,513.739983,504,507.740005,127629600,69.740994
8/20/2013,509.709984,510.569977,500.820007,501.07,89672100,68.82483
8/21/2013,503.590004,507.149979,501.199989,502.360016,83969900,69.002021
8/22/2013,504.979996,505.589996,498.199974,502.959976,61051900,69.084429
8/23/2013,503.269997,503.349998,499.350014,501.020012,55682900,68.817964
8/26/2013,500.749992,510.199982,500.5,502.970016,82741400,69.085808
8/27/2013,498.000023,502.509979,486.299995,488.589981,106047200,67.110628
8/28/2013,486.000015,495.800026,486.000015,490.899994,76902000,67.427922
8/29/2013,491.650024,496.500015,491.130013,491.700012,59914400,67.537809
8/30/2013,491.999992,492.949974,486.5,487.220016,68074300,66.922456
9/3/2013,493.099991,500.599976,487.350006,488.579994,82982200,67.109257
9/4/2013,499.560005,502.240013,496.279984,498.690025,86258200,68.497927
9/5/2013,500.250008,500.679977,493.639977,495.269974,59091900,68.028163
9/6/2013,498.43998,499.379974,489.950012,498.220001,89881400,68.433367
9/9/2013,505.000023,507.919983,503.479988,506.169983,85171800,69.525342
9/10/2013,506.199997,507.450012,489.500015,494.639999,185798900,67.941633
9/11/2013,467.009995,473.689987,464.809998,467.709984,224674100,64.242641
9/12/2013,468.500015,475.399986,466.010025,472.690018,101012800,64.926677
9/13/2013,469.339981,471.830025,464.699982,464.899986,74708900,63.856672
9/16/2013,460.999977,461.609978,447.220009,450.119995,135926700,61.826556
9/17/2013,447.959999,459.710014,447.499989,455.320007,99845200,62.540807
9/18/2013,463.18,466.350006,460.659996,464.680008,114215500,63.826457
9/19/2013,470.700012,475.830009,469.249992,472.299995,101135300,64.873106
9/20/2013,477.999992,478.550018,465.999985,467.410004,174825700,64.201437
9/23/2013,496.100006,496.910011,482.599991,490.640015,190526700,67.392212
9/24/2013,494.880005,495.469978,487.819977,489.100006,91086100,67.180683
9/25/2013,489.199982,489.639992,481.429977,481.530006,79239300,66.1409
9/26/2013,486.000015,488.56002,483.899994,486.219994,59305400,66.785097
9/27/2013,483.779991,484.669998,480.720001,482.750008,57010100,66.308475
9/30/2013,477.250015,481.659996,474.410004,476.749977,65039100,65.484336
10/1/2013,478.449989,489.140007,478.379974,487.960007,88470900,67.024098
10/2/2013,485.63002,491.799988,483.749977,489.55999,72296000,67.243865
10/3/2013,490.510025,492.350014,480.739975,483.409996,80688300,66.399128
10/4/2013,483.859993,484.599983,478.600006,483.030014,64717100,66.346935
10/7/2013,486.559975,492.649994,485.350014,487.750015,78073100,66.995254
10/8/2013,489.940025,490.640015,480.540024,480.93998,72729300,66.059857
10/9/2013,484.639984,487.790016,478.279999,486.589989,75431300,66.835918
10/10/2013,491.319977,492.379974,487.039986,489.639992,69650700,67.254853
10/11/2013,486.989998,493.839981,485.159996,492.809998,66934700,67.690272
10/14/2013,489.830009,497.579987,489.349998,496.039978,65474500,68.133928
10/15/2013,497.510025,502.000008,495.52002,498.679985,80018400,68.496548
10/16/2013,500.789993,502.530006,499.230011,501.110001,62775300,68.830325
10/17/2013,499.979988,504.779991,499.680008,504.499985,63398300,69.295958
10/18/2013,505.990005,509.259987,505.709999,508.889992,72635500,69.898951
10/21/2013,511.770004,524.300011,511.520012,521.360023,99526700,71.611781
10/22/2013,526.410019,528.450012,508.029999,519.870003,133515900,71.407118
10/23/2013,519.000023,525.669975,519.000023,524.959999,78430800,72.106258
10/24/2013,525,532.470024,522.449982,531.910011,96191200,73.060882
10/25/2013,531.319984,533.229988,525.110016,525.960022,84448000,72.243617
10/28/2013,529.039986,530.999977,523.209999,529.880005,137610200,72.782049
10/29/2013,536.270004,539.249992,514.540001,516.680023,158951800,70.968956
10/30/2013,519.610023,527.520004,517.020004,524.900024,88540900,72.09802
10/31/2013,525,527.48999,521.269981,522.699974,68924100,71.795831
11/1/2013,524.020004,524.799995,515.840004,520.030006,68722500,71.429096
11/4/2013,521.099991,526.820015,518.810005,526.75,61156900,72.352125
11/5/2013,524.580017,528.890022,523.000008,525.449997,66303300,72.173562
11/6/2013,524.149994,524.860023,518.200005,520.920013,55843900,71.969084
11/7/2013,519.580009,523.190025,512.380005,512.490021,65655100,70.804416
11/8/2013,514.580002,521.130005,512.589996,520.560005,69829200,71.919346
11/11/2013,519.990005,521.669991,514.410011,519.050011,56863100,71.710729
11/12/2013,517.670006,523.919975,516.999977,520.009979,51069200,71.843356
11/13/2013,518,522.249977,516.959976,520.63002,49305200,71.929019
11/14/2013,522.80999,529.279991,521.869995,528.160019,70604800,72.969346
11/15/2013,526.580009,529.089973,524.489975,524.990013,79480100,72.531386
11/18/2013,524.990013,527.19001,518.200005,518.629974,61236000,71.652698
11/19/2013,519.029984,523.37999,517.969986,519.549995,52234700,71.779806
11/20/2013,519.229988,520.419975,514.330009,514.999985,48479200,71.151187
11/21/2013,517.599991,521.210007,513.670021,521.139992,65506700,71.999476
11/22/2013,519.519981,522.159988,518.529999,519.799988,55931400,71.814344
11/25/2013,521.019989,525.86998,521.000015,523.739998,57327900,72.358687
11/26/2013,524.11998,536.140015,523.999977,533.399979,100345700,73.693287
11/27/2013,536.310005,546,533.399979,545.959999,90862100,75.42855
11/29/2013,549.480026,558.330002,547.809975,556.069977,79531900,76.825321
12/2/2013,558.000008,564.329979,550.819977,551.230026,118136200,76.156644
12/3/2013,558.299988,566.380013,557.68,566.319984,112742000,78.241437
12/4/2013,565.499992,569.19001,560.819992,565.000008,94452400,78.059073
12/5/2013,572.650009,575.139999,566.410027,567.899994,111895000,78.459728
12/6/2013,565.789986,566.750008,559.569977,560.019974,86088100,77.371043
12/9/2013,560.899994,569.579979,560.899994,566.43,80123400,78.256637
12/10/2013,563.580002,567.88002,561.199974,565.54998,69567400,78.135055
12/11/2013,567,570.970024,559.68998,561.359978,89929700,77.556175
12/12/2013,562.140022,565.339989,560.030014,560.539986,65572500,77.442886
12/13/2013,562.849998,562.880013,553.669975,554.429993,83205500,76.598744
12/16/2013,555.02002,562.640007,555.009979,557.500023,70648200,77.022892
12/17/2013,555.809998,559.439987,553.379982,554.990005,57475600,76.676114
12/18/2013,549.700005,551.450005,538.799995,550.769989,141465800,76.093087
12/19/2013,549.5,549.999985,543.729988,544.459991,80077200,75.221312
12/20/2013,545.43,551.610008,544.82,549.019989,109103400,75.851311
12/23/2013,568.000023,570.719978,562.76001,570.090004,125326600,78.762294
12/24/2013,569.889999,571.880005,566.029991,567.669975,41888700,78.427949
12/26/2013,568.099998,569.499977,563.379997,563.900009,51002000,77.907099
12/27/2013,563.820007,564.409981,559.500015,560.089989,56471100,77.380716
12/30/2013,557.460022,560.089989,552.319984,554.519981,63407400,76.611177
12/31/2013,554.170013,561.279976,554.000023,561.019997,55771100,77.509204
1/2/2014,555.680008,557.029999,552.020004,553.12999,58671200,76.419139
1/3/2014,552.860023,553.699989,540.429993,540.980019,98116900,74.740527
1/6/2014,537.450005,546.800018,533.599983,543.929993,103152700,75.148089
1/7/2014,544.320015,545.959999,537.919975,540.040024,79302300,74.61066
1/8/2014,538.809982,545.55999,538.68998,543.460022,64632400,75.083159
1/9/2014,546.800018,546.859993,535.349983,536.519997,69787200,74.124341
1/10/2014,539.829979,540.799988,531.109993,532.939995,76244000,73.629737
1/13/2014,529.910019,542.5,529.880005,535.730019,94623200,74.0152
1/14/2014,538.220009,546.730003,537.659996,546.390022,83140400,75.487961
1/15/2014,553.520012,560.200005,551.659996,557.359993,97909700,77.003546
1/16/2014,554.900017,556.850021,551.680023,554.250015,57319500,76.573879
1/17/2014,551.480019,552.069992,539.899994,540.669998,106684900,74.697696
1/21/2014,540.990005,550.07,540.420006,549.069977,82131700,75.858217
1/22/2014,550.910019,557.289978,547.809975,551.509979,94996300,76.195322
1/23/2014,549.94001,556.5,544.810013,556.179993,100809800,76.84052
1/24/2014,554.000023,555.61998,544.749985,546.070015,107338700,75.443749
1/27/2014,550.07,554.799988,545.750008,550.500023,138719700,76.055789
1/28/2014,508.760002,514.999985,502.070023,506.499977,266380800,69.976846
1/29/2014,503.950012,507.37001,498.62001,500.749992,125702500,69.182442
1/30/2014,502.539993,506.499977,496.70002,499.779984,169625400,69.048427
1/31/2014,495.179985,501.529984,493.549988,500.599976,116199300,69.161716
2/3/2014,502.610008,507.730019,499.300026,501.529984,100366000,69.290203
2/4/2014,505.849976,509.459991,502.760025,508.790016,94170300,70.293232
2/5/2014,506.560005,515.279991,506.249985,512.589996,82086200,70.818229
2/6/2014,510.060005,513.499977,507.81002,512.509995,64441300,71.231011
2/7/2014,521.379997,522.929993,517.380013,519.679985,92570100,72.22753
2/10/2014,518.659988,531.990013,518,528.989998,86389800,73.521479
2/11/2014,530.610008,537.749985,529.500023,535.959984,70564200,74.4902
2/12/2014,536.95002,539.560013,533.239975,535.919983,77025200,74.48464
2/13/2014,534.659981,544.850014,534.199997,544.429977,76849500,75.667398
2/14/2014,542.469986,545.980026,541.209984,543.990021,68231100,75.606251
2/18/2014,546,551.190025,545.609978,545.990013,65062900,75.884219
2/19/2014,544.749985,546.890007,534.350014,537.370003,78442000,74.686171
2/20/2014,532.989983,537.000008,528.999985,531.149994,76464500,73.821685
2/21/2014,532.789978,534.569992,524.599991,525.249992,69696200,73.001675
2/24/2014,523.150024,529.920006,522.420021,527.550018,72227400,73.321344
2/25/2014,529.38002,529.569984,521.000015,522.060013,57988000,72.558317
2/26/2014,523.610008,525,515.599998,517.349998,69054300,71.903698
2/27/2014,517.140007,528.780006,516.049995,527.670021,75470500,73.338022
2/28/2014,529.079987,532.749977,522.119987,526.239975,92992200,73.139268
3/3/2014,523.419991,530.650009,522.80999,527.76001,59695300,73.350529
3/4/2014,530.999977,532.640015,527.769997,531.239983,64785000,73.834192
3/5/2014,530.919975,534.750023,529.129974,532.360008,50015700,73.989858
3/6/2014,532.789978,534.440002,528.099991,530.749985,46372200,73.76609
3/7/2014,531.090019,531.980026,526.050011,530.440018,55182400,73.723009
3/10/2014,528.360023,533.330017,528.339996,530.919975,44646000,73.789716
3/11/2014,535.450012,538.740021,532.589973,536.089973,69806100,74.508266
3/12/2014,534.510017,537.349976,532,536.609985,49831600,74.58054
3/13/2014,537.440018,539.659988,529.159988,530.650009,64435700,73.752195
3/14/2014,528.789993,530.890015,523.000008,524.68998,59299800,72.923842
3/17/2014,527.699982,529.969994,525.850006,526.740013,49886200,73.208765
3/18/2014,525.899994,531.969986,525.200005,531.399986,52411800,73.85643
3/19/2014,532.259979,536.23999,528.999985,531.26001,56189000,73.836975
3/20/2014,529.889992,532.669975,527.350014,528.700005,52099600,73.481174
3/21/2014,531.929985,533.75,526.330017,532.86998,93511600,74.060737
3/24/2014,538.420013,540.500008,535.05999,539.190018,88925200,74.939125
3/25/2014,541.499977,545.750008,539.589973,544.98999,70573300,75.745232
3/26/2014,546.520012,549.000015,538.860023,539.779991,74942000,75.021122
3/27/2014,540.019997,541.499977,535.120018,537.459991,55507900,74.698678
3/28/2014,538.319984,538.940025,534.249985,536.859978,50141000,74.615285
3/31/2014,539.230019,540.809975,535.930023,536.739975,42167300,74.598606
4/1/2014,537.760025,541.870026,536.769989,541.649994,50190000,75.281023
4/2/2014,542.379997,543.479996,540.260002,542.549988,45105200,75.406109
4/3/2014,541.390015,542.5,537.640022,538.790009,40586000,74.883529
4/4/2014,539.810005,540.000023,530.579994,531.820023,68812800,73.914809
4/7/2014,528.019989,530.900002,521.890022,523.469978,72462600,72.754281
4/8/2014,525.190018,526.120026,518.699989,523.440018,60972100,72.750117
4/9/2014,522.639999,530.490005,522.020012,530.320015,51542400,73.706331
4/10/2014,530.680023,532.240005,523.169998,523.480019,59913000,72.755676
4/11/2014,519.000023,522.830017,517.140007,519.610023,67929400,72.217806
4/14/2014,521.900009,522.159988,517.210022,521.679977,51418500,72.505498
4/15/2014,520.270012,521.639977,511.329994,517.959999,66622500,71.988478
4/16/2014,518.049988,521.090004,514.139992,519.01001,53691400,72.134414
4/17/2014,519.999992,527.76001,519.199974,524.940025,71083600,72.958595
4/21/2014,525.339981,532.139977,523.959976,531.170021,45637200,73.824468
4/22/2014,528.309982,531.830009,526.500008,531.70002,50640800,73.89813
4/23/2014,529.060013,531.13002,524.449974,524.750008,98735000,72.932185
4/24/2014,568.210014,570.000015,560.730003,567.770004,189977900,78.911303
4/25/2014,564.529984,571.990021,563.959984,571.93998,97568800,79.490866
4/28/2014,572.800026,595.749977,572.54998,594.090019,167371400,82.569381
4/29/2014,593.739998,595.979996,589.509995,592.329979,84344400,82.324762
4/30/2014,592.639999,599.430008,589.799988,590.089981,114160200,82.013437
5/1/2014,591.999985,594.799995,586.360016,591.480026,61012000,82.206632
5/2/2014,592.340019,594.199982,589.709999,592.580025,47878600,82.359515
5/5/2014,590.140022,600.999977,589.999992,600.959976,71766800,83.524199
5/6/2014,601.799995,604.409988,594.410027,594.410027,93641100,82.613857
5/7/2014,595.249992,597.289986,587.72998,592.329979,70716100,82.324762
5/8/2014,588.249992,594.410027,586.400017,587.990013,57574300,82.178015
5/9/2014,584.540001,586.25,580.330025,585.540024,72899400,81.835602
5/12/2014,587.489975,593.659996,587.399986,592.830017,53302200,82.854458
5/13/2014,591.999985,594.540016,590.699982,593.760025,39934300,82.984437
5/14/2014,592.430008,597.400002,591.740005,593.869987,41601000,82.999806
5/15/2014,594.70002,596.599983,588.040001,588.819992,57711500,82.294014
5/16/2014,588.629974,597.529991,585.399994,597.510017,69064100,83.50854
5/19/2014,597.849998,607.330002,597.329987,604.590019,79438800,84.498047
5/20/2014,604.510017,606.399994,600.730011,604.710022,58709000,84.514819
5/21/2014,603.830002,606.699974,602.059975,606.310005,49214900,84.738434
5/22/2014,606.599998,609.850006,604.100021,607.269974,50190000,84.8726
5/23/2014,607.25,614.730011,606.470009,614.129997,58052400,85.831363
5/27/2014,615.879997,625.859985,615.630005,625.63002,87216500,87.438617
5/28/2014,626.019989,629.830009,623.779991,624.01001,78870400,87.212202
5/29/2014,627.849991,636.87001,627.769989,635.37999,94118500,88.801281
5/30/2014,637.979996,644.169991,628.900002,633.000015,141005200,88.468654
6/2/2014,633.959984,634.830017,622.500015,628.650009,92337700,87.860693
6/3/2014,628.459991,638.740013,628.25,637.539986,73177300,89.103164
6/4/2014,637.44001,647.890022,636.109993,644.819992,83870500,90.120624
6/5/2014,646.199997,649.370003,642.610008,647.349983,75951400,90.474218
6/6/2014,649.900002,651.259979,644.470024,645.570023,87484600,90.225449
6/9/2014,92.699997,93.879997,91.75,93.699997,75415000,91.669173
6/10/2014,94.730003,95.050003,93.57,94.25,62777000,92.207256
6/11/2014,94.129997,94.760002,93.470001,93.860001,45681000,91.825709
6/12/2014,94.040001,94.120003,91.900002,92.290001,54749000,90.289737
6/13/2014,92.199997,92.440002,90.879997,91.279999,54525000,89.301625
6/16/2014,91.510002,92.75,91.449997,92.199997,35561000,90.201684
6/17/2014,92.309998,92.699997,91.800003,92.080002,29726000,90.084289
6/18/2014,92.269997,92.290001,91.349998,92.18,33514000,90.182121
6/19/2014,92.290001,92.300003,91.339996,91.860001,35528000,89.869056
6/20/2014,91.849998,92.550003,90.900002,90.910004,100898000,88.939649
6/23/2014,91.32,91.620003,90.599998,90.830002,43694000,88.861381
6/24/2014,90.75,91.739998,90.190002,90.279999,39036000,88.323299
6/25/2014,90.209999,90.699997,89.650002,90.360001,36869000,88.401567
6/26/2014,90.370003,91.050003,89.800003,90.900002,32629000,88.929864
6/27/2014,90.82,92,90.769997,91.980003,64029000,89.986458
6/30/2014,92.099998,93.730003,92.089996,92.93,49482300,90.915865
7/1/2014,93.519997,94.07,93.129997,93.519997,38223000,91.493074
7/2/2014,93.870003,94.059998,93.089996,93.480003,28465000,91.453948
7/3/2014,93.669998,94.099998,93.199997,94.029999,22891800,91.992023
7/7/2014,94.139999,95.989998,94.099998,95.970001,56468000,93.889978
7/8/2014,96.269997,96.800003,93.919998,95.349998,65222000,93.283413
7/9/2014,95.440002,95.949997,94.760002,95.389999,36436000,93.322547
7/10/2014,93.760002,95.550003,93.519997,95.040001,39686000,92.980134
7/11/2014,95.360001,95.889999,94.860001,95.220001,34018000,93.156233
7/14/2014,95.860001,96.889999,95.650002,96.449997,42810000,94.359571
7/15/2014,96.800003,96.849998,95.029999,95.32,45477900,93.254065
7/16/2014,96.970001,97.099998,94.739998,94.779999,53396300,92.725767
7/17/2014,95.029999,95.279999,92.57,93.089996,57298000,91.072394
7/18/2014,93.620003,94.739998,93.019997,94.43,49988000,92.383355
7/21/2014,94.989998,95,93.720001,93.940002,39079000,91.903977
7/22/2014,94.68,94.889999,94.120003,94.720001,55197000,92.66707
7/23/2014,95.419998,97.879997,95.169998,97.190002,92918000,95.083537
7/24/2014,97.040001,97.32,96.419998,97.029999,45729000,94.927002
7/25/2014,96.849998,97.839996,96.639999,97.669998,43469000,95.55313
7/28/2014,97.82,99.239998,97.550003,99.019997,55318000,96.873869
7/29/2014,99.330002,99.440002,98.25,98.379997,43143000,96.247741
7/30/2014,98.440002,98.699997,97.669998,98.150002,33010000,96.02273
7/31/2014,97.160004,97.449997,95.330002,95.599998,56843000,93.527995
8/1/2014,94.900002,96.620003,94.809998,96.129997,48511000,94.046507
8/4/2014,96.370003,96.580002,95.169998,95.589996,39958000,93.518209
8/5/2014,95.360001,95.68,94.360001,95.120003,55933000,93.058402
8/6/2014,94.75,95.480003,94.709999,94.959999,38558000,92.901867
8/7/2014,94.93,95.949997,94.099998,94.480003,46711000,92.892042
8/8/2014,94.260002,94.82,93.279999,94.739998,41865000,93.147667
8/11/2014,95.269997,96.080002,94.839996,95.989998,36585000,94.376658
8/12/2014,96.040001,96.879997,95.610001,95.970001,33795000,94.356997
8/13/2014,96.150002,97.239998,96.040001,97.239998,31916000,95.605649
8/14/2014,97.330002,97.57,96.800003,97.5,28116000,95.861281
8/15/2014,97.900002,98.190002,96.860001,97.980003,48951000,96.333216
8/18/2014,98.489998,99.370003,97.980003,99.160004,47572000,97.493384
8/19/2014,99.410004,100.68,99.32,100.529999,69399000,98.840353
8/20/2014,100.440002,101.089996,99.949997,100.57,52699000,98.879682
8/21/2014,100.57,100.940002,100.110001,100.580002,33478000,98.889516
8/22/2014,100.290001,101.470001,100.190002,101.32,44184000,99.617076
8/25/2014,101.790001,102.169998,101.279999,101.540001,40270000,99.83338
8/26/2014,101.419998,101.5,100.860001,100.889999,33152000,99.194303
8/27/2014,101.019997,102.57,100.699997,102.129997,52369000,100.41346
8/28/2014,101.589996,102.779999,101.559998,102.25,68460000,100.531446
8/29/2014,102.860001,102.900002,102.199997,102.5,44595000,100.777244
9/2/2014,103.059998,103.739998,102.720001,103.300003,53564000,101.563801
9/3/2014,103.099998,103.199997,98.580002,98.940002,125421000,97.27708
9/4/2014,98.849998,100.089996,97.790001,98.120003,85718000,96.470863
9/5/2014,98.800003,99.389999,98.309998,98.970001,58457000,97.306575
9/8/2014,99.300003,99.309998,98.050003,98.360001,46356700,96.706827
9/9/2014,99.080002,103.080002,96.139999,97.989998,189846300,96.343043
9/10/2014,98.010002,101.110001,97.760002,101,100869600,99.302455
9/11/2014,100.410004,101.440002,99.620003,101.43,62353100,99.725228
9/12/2014,101.209999,102.190002,101.080002,101.660004,62626100,99.951366
9/15/2014,102.809998,103.050003,101.440002,101.629997,61316500,99.921864
9/16/2014,99.800003,101.260002,98.889999,100.860001,66908100,99.164809
9/17/2014,101.269997,101.800003,100.589996,101.580002,60926500,99.872708
9/18/2014,101.93,102.349998,101.559998,101.790001,37299400,100.079178
9/19/2014,102.290001,102.349998,100.5,100.959999,70902400,99.263126
9/22/2014,101.800003,102.139999,100.580002,101.059998,52788400,99.361444
9/23/2014,100.599998,102.940002,100.540001,102.639999,63402200,100.91489
9/24/2014,102.160004,102.849998,101.199997,101.75,60171800,100.039849
9/25/2014,100.510002,100.709999,97.720001,97.870003,100092000,96.225065
9/26/2014,98.529999,100.75,98.400002,100.75,62370500,99.056657
9/29/2014,98.650002,100.440002,98.629997,100.110001,49766300,98.427414
9/30/2014,100.809998,101.540001,100.529999,100.75,55264100,99.056657
10/1/2014,100.589996,100.690002,98.699997,99.18,51491300,97.513045
10/2/2014,99.269997,100.220001,98.040001,99.900002,47757800,98.220945
10/3/2014,99.440002,100.209999,99.040001,99.620003,43469600,97.945652
10/6/2014,99.949997,100.650002,99.419998,99.620003,37051200,97.945652
10/7/2014,99.43,100.120003,98.730003,98.75,42094200,97.090271
10/8/2014,98.760002,101.110001,98.309998,100.800003,57404700,99.105819
10/9/2014,101.540001,102.379997,100.610001,101.019997,77376500,99.322115
10/10/2014,100.690002,102.029999,100.300003,100.730003,66331600,99.036996
10/13/2014,101.330002,101.779999,99.809998,99.809998,53583400,98.132453
10/14/2014,100.389999,100.519997,98.57,98.75,63688600,97.090271
10/15/2014,97.970001,99.150002,95.18,97.540001,100933600,95.900609
10/16/2014,95.550003,97.720001,95.410004,96.260002,72154500,94.642124
10/17/2014,97.5,99,96.809998,97.669998,68179700,96.028422
10/20/2014,98.32,99.959999,98.220001,99.760002,77517300,98.083298
10/21/2014,103.019997,103.019997,101.269997,102.470001,94623900,100.747749
10/22/2014,102.839996,104.110001,102.599998,102.989998,68263100,101.259006
10/23/2014,104.080002,105.050003,103.629997,104.830002,71074700,103.068084
10/24/2014,105.18,105.489998,104.529999,105.220001,47053900,103.451529
10/27/2014,104.849998,105.480003,104.699997,105.110001,34187700,103.343377
10/28/2014,105.400002,106.739998,105.349998,106.739998,48060900,104.945978
10/29/2014,106.650002,107.370003,106.360001,107.339996,52687900,105.535893
10/30/2014,106.959999,107.349998,105.900002,106.980003,40654800,105.18195
10/31/2014,108.010002,108.040001,107.209999,108,44639300,106.184803
11/3/2014,108.220001,110.300003,108.010002,109.400002,52282600,107.561274
11/4/2014,109.360001,109.489998,107.720001,108.599998,41574400,106.774717
11/5/2014,109.099998,109.300003,108.129997,108.860001,37435900,107.03035
11/6/2014,108.599998,108.790001,107.800003,108.699997,34968500,107.336454
11/7/2014,108.75,109.32,108.550003,109.010002,33691500,107.64257
11/10/2014,109.019997,109.330002,108.669998,108.830002,27195500,107.464828
11/11/2014,108.699997,109.75,108.400002,109.699997,27442300,108.32391
11/12/2014,109.379997,111.43,109.370003,111.25,46942400,109.854469
11/13/2014,111.800003,113.449997,111.599998,112.82,59522900,111.404775
11/14/2014,113.150002,114.190002,111.209999,114.18,44063600,112.747715
11/17/2014,114.269997,117.279999,113.300003,113.989998,46746700,112.560096
11/18/2014,113.940002,115.690002,113.889999,115.470001,44224000,114.021534
11/19/2014,115.440002,115.739998,113.800003,114.669998,41869200,113.231567
11/20/2014,114.910004,116.860001,114.849998,116.309998,43395500,114.850994
11/21/2014,117.510002,117.57,116.029999,116.470001,57179300,115.00899
11/24/2014,116.849998,118.769997,116.620003,118.629997,47450800,117.141891
11/25/2014,119.07,119.75,117.449997,117.599998,68840400,116.124813
11/26/2014,117.940002,119.099998,117.830002,119,40768300,117.507253
11/28/2014,119.269997,119.400002,118.050003,118.93,24814400,117.438131
12/1/2014,118.809998,119.25,111.269997,115.07,83814000,113.626551
12/2/2014,113.5,115.75,112.75,114.629997,59348900,113.192068
12/3/2014,115.75,116.349998,115.110001,115.93,43063400,114.475763
12/4/2014,115.769997,117.199997,115.290001,115.489998,42044500,114.04128
12/5/2014,115.989998,116.080002,114.639999,115,38318900,113.557429
12/8/2014,114.099998,114.650002,111.620003,112.400002,57664900,110.990045
12/9/2014,110.190002,114.300003,109.349998,114.120003,60208000,112.688471
12/10/2014,114.410004,114.849998,111.540001,111.949997,44565300,110.545685
12/11/2014,112.260002,113.800003,111.339996,111.620003,41401700,110.219831
12/12/2014,110.459999,111.870003,109.580002,109.730003,56028100,108.35354
12/15/2014,110.699997,111.599998,106.349998,108.230003,67218100,106.872356
12/16/2014,106.370003,110.160004,106.260002,106.75,60790700,105.410918
12/17/2014,107.120003,109.839996,106.82,109.410004,53411800,108.037554
12/18/2014,111.870003,112.650002,110.660004,112.650002,59006200,111.236909
12/19/2014,112.260002,113.239998,111.660004,111.779999,88429800,110.37782
12/22/2014,112.160004,113.489998,111.970001,112.940002,45167500,111.523272
12/23/2014,113.230003,113.330002,112.459999,112.540001,26028400,111.128288
12/24/2014,112.580002,112.709999,112.010002,112.010002,14479600,110.604938
12/26/2014,112.099998,114.519997,112.010002,113.989998,33721000,112.560096
12/29/2014,113.790001,114.769997,113.699997,113.910004,27598900,112.481106
12/30/2014,113.639999,113.919998,112.110001,112.519997,29881500,111.108535
12/31/2014,112.82,113.129997,110.209999,110.379997,41403400,108.99538
1/2/2015,111.389999,111.440002,107.349998,109.330002,53204600,107.958556
1/5/2015,108.290001,108.650002,105.410004,106.25,64285500,104.91719
1/6/2015,106.540001,107.43,104.629997,106.260002,65797100,104.927067
1/7/2015,107.199997,108.199997,106.699997,107.75,40105900,106.398374
1/8/2015,109.230003,112.150002,108.699997,111.889999,59364500,110.486441
1/9/2015,112.669998,113.25,110.209999,112.010002,53699500,110.604938
1/12/2015,112.599998,112.629997,108.800003,109.25,49650800,107.879558
1/13/2015,111.43,112.800003,108.910004,110.220001,67091900,108.837391
1/14/2015,109.040001,110.489998,108.5,109.800003,48337000,108.422661
1/15/2015,110,110.059998,106.660004,106.82,60014000,105.480039
1/16/2015,107.029999,107.580002,105.199997,105.989998,78513300,104.660449
1/20/2015,107.839996,108.970001,106.5,108.720001,49899900,107.356207
1/21/2015,108.949997,111.059998,108.269997,109.550003,48575900,108.175797
1/22/2015,110.260002,112.470001,109.720001,112.400002,53796400,110.990045
1/23/2015,112.300003,113.75,111.529999,112.980003,46464800,111.562771
1/26/2015,113.739998,114.360001,112.800003,113.099998,55615000,111.681261
1/27/2015,112.419998,112.480003,109.029999,109.139999,95568700,107.770937
1/28/2015,117.629997,118.120003,115.309998,115.309998,146477100,113.863538
1/29/2015,116.32,119.190002,115.559998,118.900002,84436400,117.408509
1/30/2015,118.400002,120,116.849998,117.160004,83745500,115.690337
2/2/2015,118.050003,119.169998,116.080002,118.629997,62739100,117.141891
2/3/2015,118.5,119.089996,117.610001,118.650002,51915700,117.161645
2/4/2015,118.5,120.510002,118.309998,119.559998,70149700,118.060226
2/5/2015,120.019997,120.230003,119.25,119.940002,42246200,118.902885
2/6/2015,120.019997,120.25,118.449997,118.93,43706600,117.901617
2/9/2015,118.550003,119.839996,118.43,119.720001,38889800,118.684787
2/10/2015,120.169998,122.150002,120.160004,122.019997,62008500,120.964894
2/11/2015,122.769997,124.919998,122.5,124.879997,73561800,123.800164
2/12/2015,126.059998,127.480003,125.57,126.459999,74474500,125.366504
2/13/2015,127.279999,127.279999,125.650002,127.080002,54272200,125.981145
2/17/2015,127.489998,128.880005,126.919998,127.830002,63152400,126.72466
2/18/2015,127.629997,128.779999,127.449997,128.720001,44891700,127.606964
2/19/2015,128.479996,129.029999,128.330002,128.449997,37362400,127.339294
2/20/2015,128.619995,129.5,128.050003,129.5,48948400,128.380218
2/23/2015,130.020004,133,129.660004,133,70974100,131.849954
2/24/2015,132.940002,133.600006,131.169998,132.169998,69228100,131.027129
2/25/2015,131.559998,131.600006,128.149994,128.789993,74711700,127.676351
2/26/2015,128.789993,130.869995,126.610001,130.419998,91287500,129.292261
2/27/2015,130,130.570007,128.240005,128.460007,62014800,127.349218
3/2/2015,129.25,130.279999,128.300003,129.089996,48096700,127.97376
3/3/2015,128.960007,129.520004,128.089996,129.360001,37816300,128.241429
3/4/2015,129.100006,129.559998,128.320007,128.539993,31666300,127.428512
3/5/2015,128.580002,128.75,125.760002,126.410004,56517100,125.316941
3/6/2015,128.399994,129.369995,126.260002,126.599998,72842100,125.505293
3/9/2015,127.959999,129.570007,125.059998,127.139999,88528500,126.040624
3/10/2015,126.410004,127.220001,123.800003,124.510002,68856600,123.433369
3/11/2015,124.75,124.769997,122.110001,122.239998,68939000,121.182993
3/12/2015,122.309998,124.900002,121.629997,124.449997,48362700,123.373882
3/13/2015,124.400002,125.400002,122.580002,123.589996,51827300,122.521318
3/16/2015,123.879997,124.949997,122.870003,124.949997,35874300,123.869559
3/17/2015,125.900002,127.32,125.650002,127.040001,51023100,125.94149
3/18/2015,127,129.160004,126.370003,128.470001,65270900,127.359126
3/19/2015,128.75,129.25,127.400002,127.5,45809500,126.397512
3/20/2015,128.25,128.399994,125.160004,125.900002,68695100,124.811349
3/23/2015,127.120003,127.849998,126.519997,127.209999,37709700,126.110019
3/24/2015,127.230003,128.039993,126.559998,126.690002,32842300,125.594518
3/25/2015,126.540001,126.82,123.379997,123.379997,51655200,122.313135
3/26/2015,122.760002,124.879997,122.599998,124.239998,47572900,123.165699
3/27/2015,124.57,124.699997,122.910004,123.25,39546200,122.184262
3/30/2015,124.050003,126.400002,124,126.370003,47099700,125.277286
3/31/2015,126.089996,126.489998,124.360001,124.43,42090600,123.354058
4/1/2015,124.82,125.120003,123.099998,124.25,40621400,123.175615
4/2/2015,125.029999,125.559998,124.190002,125.32,32220100,124.236362
4/6/2015,124.470001,127.510002,124.330002,127.349998,37194000,126.248807
4/7/2015,127.639999,128.119995,125.980003,126.010002,35012300,124.920398
4/8/2015,125.849998,126.400002,124.970001,125.599998,37329200,124.51394
4/9/2015,125.849998,126.580002,124.660004,126.559998,32484000,125.465638
4/10/2015,125.949997,127.209999,125.260002,127.099998,40188000,126.000969
4/13/2015,128.369995,128.570007,126.610001,126.849998,36365100,125.753131
4/14/2015,127,127.290001,125.910004,126.300003,25524600,125.207891
4/15/2015,126.410004,127.129997,126.010002,126.779999,28970400,125.683737
4/16/2015,126.279999,127.099998,126.110001,126.169998,28369000,125.079011
4/17/2015,125.550003,126.139999,124.459999,124.75,51957000,123.671291
4/20/2015,125.57,128.119995,125.169998,127.599998,47054300,126.496646
4/21/2015,128.100006,128.199997,126.669998,126.910004,32435100,125.812617
4/22/2015,126.989998,128.869995,126.32,128.619995,37654500,127.507823
4/23/2015,128.300003,130.419998,128.139999,129.669998,45770900,128.548746
4/24/2015,130.490005,130.630005,129.229996,130.279999,44525900,129.153472
4/27/2015,132.309998,133.130005,131.149994,132.649994,96954200,131.502974
4/28/2015,134.460007,134.539993,129.570007,130.559998,118924000,129.43105
4/29/2015,130.160004,131.589996,128.300003,128.639999,63386100,127.527654
4/30/2015,128.639999,128.639999,124.580002,125.150002,83195400,124.067834
5/1/2015,126.099998,130.130005,125.300003,128.949997,58512600,127.834971
5/4/2015,129.5,130.570007,128.259995,128.699997,50988300,127.587133
5/5/2015,128.149994,128.449997,125.779999,125.800003,49271400,124.712215
5/6/2015,126.559998,126.75,123.360001,125.010002,72141000,123.929045
5/7/2015,124.769997,126.080002,124.019997,125.260002,43940900,124.695574
5/8/2015,126.68,127.620003,126.110001,127.620003,55550400,127.04494
5/11/2015,127.389999,127.559998,125.629997,126.32,42035800,125.750795
5/12/2015,125.599998,126.879997,124.82,125.870003,48160000,125.302826
5/13/2015,126.150002,127.190002,125.870003,126.010002,34694200,125.442195
5/14/2015,127.410004,128.949997,127.160004,128.949997,45203500,128.368942
5/15/2015,129.070007,129.490005,128.210007,128.770004,38208000,128.18976
5/18/2015,128.380005,130.720001,128.360001,130.190002,50882900,129.60336
5/19/2015,130.690002,130.880005,129.639999,130.070007,44633200,129.483905
5/20/2015,130,130.979996,129.339996,130.059998,36454900,129.473941
5/21/2015,130.070007,131.630005,129.830002,131.389999,39730400,130.797949
5/22/2015,131.600006,132.970001,131.399994,132.539993,45596000,131.942761
5/26/2015,132.600006,132.910004,129.119995,129.619995,70697600,129.035921
5/27/2015,130.339996,132.259995,130.050003,132.039993,45833200,131.445014
5/28/2015,131.860001,131.949997,131.100006,131.779999,30733300,131.186191
5/29/2015,131.229996,131.449997,129.899994,130.279999,50884500,129.69295
6/1/2015,130.279999,131.389999,130.050003,130.539993,32112800,129.951773
6/2/2015,129.860001,130.660004,129.320007,129.960007,33667600,129.3744
6/3/2015,130.660004,130.940002,129.899994,130.119995,30889400,129.533668
6/4/2015,129.580002,130.580002,128.910004,129.360001,38450100,128.777098
6/5/2015,129.5,129.690002,128.360001,128.649994,35626800,128.07029
6/8/2015,128.899994,129.210007,126.830002,127.800003,52674800,127.22413
6/9/2015,126.699997,128.080002,125.620003,127.419998,56075400,126.845837
6/10/2015,127.919998,129.339996,127.849998,128.880005,39087300,128.299265
6/11/2015,129.179993,130.179993,128.479996,128.589996,35390900,128.010563
6/12/2015,128.190002,128.330002,127.110001,127.169998,36886200,126.596964
6/15/2015,126.099998,127.239998,125.709999,126.919998,43988900,126.34809
6/16/2015,127.029999,127.849998,126.370003,127.599998,31494100,127.025026
6/17/2015,127.720001,127.879997,126.739998,127.300003,32918100,126.726383
6/18/2015,127.230003,128.309998,127.220001,127.879997,35407200,127.303763
6/19/2015,127.709999,127.82,126.400002,126.599998,54716900,126.029532
6/22/2015,127.489998,128.059998,127.080002,127.610001,34039300,127.034983
6/23/2015,127.480003,127.610001,126.879997,127.029999,30268900,126.457595
6/24/2015,127.209999,129.800003,127.120003,128.110001,55280900,127.53273
6/25/2015,128.860001,129.199997,127.5,127.5,31938100,126.925478
6/26/2015,127.669998,127.989998,126.510002,126.75,44066800,126.178858
6/29/2015,125.459999,126.470001,124.480003,124.529999,49161400,123.96886
6/30/2015,125.57,126.120003,124.860001,125.43,44370700,124.864806
7/1/2015,126.900002,126.940002,125.989998,126.599998,30238800,126.029532
7/2/2015,126.43,126.690002,125.769997,126.440002,27211000,125.870257
7/6/2015,124.940002,126.230003,124.849998,126,28060400,125.432238
7/7/2015,125.889999,126.150002,123.769997,125.690002,46946800,125.123637
7/8/2015,124.480003,124.639999,122.540001,122.57,60761600,122.017693
7/9/2015,123.849998,124.059998,119.220001,120.07,77821600,119.528958
7/10/2015,121.940002,123.849998,121.209999,123.279999,61354500,122.724493
7/13/2015,125.029999,125.760002,124.32,125.660004,41440500,125.093773
7/14/2015,126.040001,126.370003,125.040001,125.610001,31768100,125.043995
7/15/2015,125.720001,127.150002,125.580002,126.82,33649200,126.248542
7/16/2015,127.739998,128.570007,127.349998,128.509995,36222400,127.930922
7/17/2015,129.080002,129.619995,128.309998,129.619995,46164700,129.035921
7/20/2015,130.970001,132.970001,130.699997,132.070007,58900200,131.474893
7/21/2015,132.850006,132.919998,130.320007,130.75,76756400,130.160834
7/22/2015,121.989998,125.5,121.989998,125.220001,115450600,124.655753
7/23/2015,126.199997,127.089996,125.059998,125.160004,50999500,124.596026
7/24/2015,125.32,125.739998,123.900002,124.5,42162300,123.938997
7/27/2015,123.089996,123.610001,122.120003,122.769997,44455500,122.216789
7/28/2015,123.379997,123.910004,122.550003,123.379997,33618100,122.824041
7/29/2015,123.150002,123.5,122.269997,122.989998,37011700,122.435799
7/30/2015,122.32,122.57,121.709999,122.370003,33628300,121.818597
7/31/2015,122.599998,122.639999,120.910004,121.300003,42885000,120.753419
8/3/2015,121.5,122.57,117.519997,118.440002,69976000,117.906306
8/4/2015,117.419998,117.699997,113.25,114.639999,124138600,114.123426
8/5/2015,112.949997,117.440002,112.099998,115.400002,99312600,114.880003
8/6/2015,115.970001,116.5,114.120003,115.129997,52903000,115.129997
8/7/2015,114.580002,116.25,114.5,115.519997,38670400,115.519997
8/10/2015,116.529999,119.989998,116.529999,119.720001,54951600,119.720001
8/11/2015,117.809998,118.18,113.330002,113.489998,97082800,113.489998
8/12/2015,112.529999,115.419998,109.629997,115.239998,101217500,115.239998
8/13/2015,116.040001,116.400002,114.540001,115.150002,48535800,115.150002
8/14/2015,114.32,116.309998,114.010002,115.959999,42929500,115.959999
8/17/2015,116.040001,117.650002,115.5,117.160004,40884700,117.160004
8/18/2015,116.43,117.440002,116.010002,116.5,34560700,116.5
8/19/2015,116.099998,116.519997,114.68,115.010002,47445700,115.010002
8/20/2015,114.080002,114.349998,111.629997,112.650002,68501600,112.650002
8/21/2015,110.43,111.900002,105.650002,105.760002,128275500,105.760002
8/24/2015,94.870003,108.800003,92,103.120003,162206300,103.120003
8/25/2015,111.110001,111.110001,103.5,103.739998,103601600,103.739998
8/26/2015,107.089996,109.889999,105.050003,109.690002,96774600,109.690002
8/27/2015,112.230003,113.239998,110.019997,112.919998,84616100,112.919998
8/28/2015,112.169998,113.309998,111.540001,113.290001,53164400,113.290001
8/31/2015,112.029999,114.529999,112,112.760002,56229300,112.760002
9/1/2015,110.150002,111.879997,107.360001,107.720001,76845900,107.720001
9/2/2015,110.230003,112.339996,109.129997,112.339996,61888800,112.339996
9/3/2015,112.489998,112.779999,110.040001,110.370003,52906400,110.370003
9/4/2015,108.970001,110.449997,108.510002,109.269997,49963900,109.269997
9/8/2015,111.75,112.559998,110.32,112.309998,54114200,112.309998
9/9/2015,113.760002,114.019997,109.769997,110.150002,84344400,110.150002
9/10/2015,110.269997,113.279999,109.900002,112.57,62675200,112.57
9/11/2015,111.790001,114.209999,111.760002,114.209999,49441800,114.209999
9/14/2015,116.580002,116.889999,114.860001,115.309998,58201900,115.309998
9/15/2015,115.93,116.529999,114.419998,116.279999,43004100,116.279999
9/16/2015,116.25,116.540001,115.440002,116.410004,36910000,116.410004
9/17/2015,115.660004,116.489998,113.720001,113.919998,63462700,113.919998
9/18/2015,112.209999,114.300003,111.870003,113.449997,73419000,113.449997
9/21/2015,113.669998,115.370003,113.660004,115.209999,46554300,115.209999
9/22/2015,113.379997,114.18,112.519997,113.400002,49809000,113.400002
9/23/2015,113.629997,114.720001,113.300003,114.32,35645700,114.32
9/24/2015,113.25,115.5,112.370003,115,49810600,115
9/25/2015,116.440002,116.690002,114.019997,114.709999,55842200,114.709999
9/28/2015,113.849998,114.57,112.440002,112.440002,51723900,112.440002
9/29/2015,112.830002,113.510002,107.860001,109.059998,73135900,109.059998
9/30/2015,110.169998,111.540001,108.730003,110.300003,66105000,110.300003