Date,USD/EUR,USD/JPY
5/12/2012,0.7733,79.88
5/13/2012,0.7738,79.89
5/14/2012,0.7739,79.87
5/15/2012,0.777,79.93
5/16/2012,0.7805,79.97
5/17/2012,0.7858,80.34
5/18/2012,0.7862,80.03
5/19/2012,0.7872,79.28
5/20/2012,0.7825,78.97
5/21/2012,0.7825,78.95
5/22/2012,0.7826,79.26
5/23/2012,0.7832,79.65
5/24/2012,0.7912,79.57
5/25/2012,0.7956,79.47
5/26/2012,0.7974,79.62
5/27/2012,0.7984,79.64
5/28/2012,0.7975,79.63
5/29/2012,0.7956,79.45
5/30/2012,0.7984,79.5
5/31/2012,0.8038,79.25
6/1/2012,0.8076,78.7
6/2/2012,0.8087,78.29
6/3/2012,0.8039,77.97
6/4/2012,0.8046,77.97
6/5/2012,0.8038,78.18
6/6/2012,0.8017,78.44
6/7/2012,0.7999,78.98
6/8/2012,0.7952,79.45
6/9/2012,0.7997,79.42
6/10/2012,0.7989,79.43
6/11/2012,0.7967,79.42
6/12/2012,0.7949,79.52
6/13/2012,0.8006,79.46
6/14/2012,0.7979,79.53
6/15/2012,0.7949,79.35
6/16/2012,0.7918,78.93
6/17/2012,0.7909,78.67
6/18/2012,0.7906,78.68
6/19/2012,0.7906,79.1
6/20/2012,0.7918,78.98
6/21/2012,0.7881,79.11
6/22/2012,0.7909,79.84
6/23/2012,0.7966,80.33
6/24/2012,0.7952,80.38
6/25/2012,0.7953,80.38
6/26/2012,0.7992,79.99
6/27/2012,0.8001,79.52
6/28/2012,0.801,79.59
6/29/2012,0.8026,79.44
6/30/2012,0.795,79.53
7/1/2012,0.7893,79.75
7/2/2012,0.7893,79.75
7/3/2012,0.7925,79.65
7/4/2012,0.7941,79.74
7/5/2012,0.7954,79.8
7/6/2012,0.8018,79.85
7/7/2012,0.8095,79.8
7/8/2012,0.8137,79.64
7/9/2012,0.8139,79.64
7/10/2012,0.8134,79.61
7/11/2012,0.8138,79.45
7/12/2012,0.8158,79.41
7/13/2012,0.8187,79.41
7/14/2012,0.8189,79.27
7/15/2012,0.8162,79.16
7/16/2012,0.8161,79.17
7/17/2012,0.817,78.99
7/18/2012,0.8144,78.98
7/19/2012,0.8148,78.97
7/20/2012,0.8143,78.62
7/21/2012,0.8179,78.58
7/22/2012,0.8224,78.48
7/23/2012,0.8226,78.47
7/24/2012,0.8254,78.27
7/25/2012,0.8264,78.23
7/26/2012,0.8259,78.18
7/27/2012,0.8195,78.16
7/28/2012,0.8129,78.32
7/29/2012,0.8115,78.41
7/30/2012,0.8115,78.42
7/31/2012,0.8147,78.3
8/1/2012,0.8141,78.18
8/2/2012,0.8133,78.16
8/3/2012,0.8178,78.33
8/4/2012,0.8161,78.35
8/5/2012,0.8072,78.44
8/6/2012,0.8072,78.45
8/7/2012,0.807,78.36
8/8/2012,0.8059,78.41
8/9/2012,0.8082,78.46
8/10/2012,0.8106,78.52
8/11/2012,0.8138,78.43
8/12/2012,0.8136,78.26
8/13/2012,0.8136,78.25
8/14/2012,0.8121,78.28
8/15/2012,0.8101,78.57
8/16/2012,0.8125,78.85
8/17/2012,0.8125,79.2
8/18/2012,0.8101,79.42
8/19/2012,0.8106,79.55
8/20/2012,0.8105,79.55
8/21/2012,0.8106,79.48
8/22/2012,0.8059,79.37
8/23/2012,0.8018,79.16
8/24/2012,0.7968,78.53
8/25/2012,0.7975,78.59
8/26/2012,0.7991,78.66
8/27/2012,0.7991,78.65
8/28/2012,0.7991,78.72
8/29/2012,0.7984,78.57
8/30/2012,0.7968,78.61
8/31/2012,0.798,78.62
9/1/2012,0.7969,78.45
9/2/2012,0.795,78.37
9/3/2012,0.7951,78.37
9/4/2012,0.7949,78.29
9/5/2012,0.7942,78.38
9/6/2012,0.796,78.4
9/7/2012,0.7927,78.6
9/8/2012,0.7874,78.67
9/9/2012,0.7801,78.22
9/10/2012,0.7802,78.22
9/11/2012,0.7821,78.25
9/12/2012,0.7811,78.04
9/13/2012,0.7763,77.85
9/14/2012,0.7739,77.65
9/15/2012,0.7656,77.89
9/16/2012,0.7616,78.38
9/17/2012,0.7616,78.37
9/18/2012,0.7622,78.46
9/19/2012,0.7647,78.65
9/20/2012,0.7664,78.72
9/21/2012,0.7701,78.26
9/22/2012,0.7698,78.2
9/23/2012,0.7703,78.14
9/24/2012,0.7703,78.14
9/25/2012,0.7731,78.01
9/26/2012,0.7733,77.81
9/27/2012,0.7767,77.74
9/28/2012,0.7763,77.67
9/29/2012,0.7747,77.69
9/30/2012,0.7776,77.9
10/1/2012,0.7776,77.91
10/2/2012,0.7772,77.96
10/3/2012,0.7744,78.08
10/4/2012,0.7747,78.32
10/5/2012,0.7718,78.52
10/6/2012,0.7679,78.53
10/7/2012,0.7668,78.66
10/8/2012,0.7669,78.65
10/9/2012,0.7702,78.4
10/10/2012,0.7729,78.29
10/11/2012,0.7766,78.25
10/12/2012,0.7757,78.22
10/13/2012,0.7721,78.4
10/14/2012,0.7719,78.43
10/15/2012,0.7719,78.43
10/16/2012,0.7728,78.6
10/17/2012,0.769,78.84
10/18/2012,0.7628,78.78
10/19/2012,0.7633,79.18
10/20/2012,0.7661,79.31
10/21/2012,0.7676,79.3
10/22/2012,0.7677,79.29
10/23/2012,0.7663,79.63
10/24/2012,0.768,79.86
10/25/2012,0.7712,79.81
10/26/2012,0.7706,80.08
10/27/2012,0.7732,79.93
10/28/2012,0.7728,79.63
10/29/2012,0.7728,79.63
10/30/2012,0.7743,79.68
10/31/2012,0.773,79.64
11/1/2012,0.7708,79.72
11/2/2012,0.772,80.01
11/3/2012,0.7757,80.33
11/4/2012,0.7788,80.42
11/5/2012,0.7788,80.42
11/6/2012,0.7809,80.34
11/7/2012,0.7814,80.21
11/8/2012,0.7809,80.11
11/9/2012,0.7842,79.82
11/10/2012,0.7851,79.42
11/11/2012,0.7865,79.48
11/12/2012,0.7865,79.48
11/13/2012,0.7862,79.45
11/14/2012,0.7877,79.41
11/15/2012,0.7856,79.84
11/16/2012,0.784,80.8
11/17/2012,0.7843,81.15
11/18/2012,0.7846,81.29
11/19/2012,0.7846,81.29
11/20/2012,0.7829,81.25
11/21/2012,0.7813,81.43
11/22/2012,0.7813,82.11
11/23/2012,0.7776,82.51
11/24/2012,0.7745,82.32
11/25/2012,0.7705,82.38
11/26/2012,0.7706,82.38
11/27/2012,0.7714,82.21
11/28/2012,0.7713,82.12
11/29/2012,0.7737,81.9
11/30/2012,0.7712,82.1
12/1/2012,0.7693,82.46
12/2/2012,0.7699,82.46
12/3/2012,0.77,82.47
12/4/2012,0.7672,82.29
12/5/2012,0.765,82.01
12/6/2012,0.7637,82.16
12/7/2012,0.767,82.41
12/8/2012,0.7726,82.42
12/9/2012,0.7734,82.48
12/10/2012,0.7734,82.48
12/11/2012,0.7743,82.38
12/12/2012,0.7712,82.4
12/13/2012,0.7677,82.79
12/14/2012,0.7649,83.45
12/15/2012,0.7633,83.66
12/16/2012,0.7596,83.5
12/17/2012,0.7595,83.54
12/18/2012,0.7598,83.91
12/19/2012,0.7585,83.97
12/20/2012,0.7546,84.36
12/21/2012,0.7556,84.19
12/22/2012,0.7575,84.13
12/23/2012,0.7582,84.23
12/24/2012,0.7582,84.23
12/25/2012,0.7579,84.5
12/26/2012,0.7582,84.76
12/27/2012,0.7576,85.01
12/28/2012,0.7551,85.8
12/29/2012,0.7561,86.22
12/30/2012,0.7565,85.89
12/31/2012,0.7565,85.88
1/1/2013,0.7573,86.16
1/2/2013,0.7577,86.61
1/3/2013,0.7555,87.02
1/4/2013,0.7615,87.12
1/5/2013,0.7671,87.91
1/6/2013,0.7651,88.14
1/7/2013,0.7651,88.14
1/8/2013,0.7655,87.91
1/9/2013,0.763,87.42
1/10/2013,0.7651,87.5
1/11/2013,0.7624,88.13
1/12/2013,0.7525,89.01
1/13/2013,0.7494,89.18
1/14/2013,0.7494,89.18
1/15/2013,0.7479,89.4
1/16/2013,0.7489,88.94
1/17/2013,0.7523,88.34
1/18/2013,0.7503,88.99
1/19/2013,0.7489,89.92
1/20/2013,0.7507,90.07
1/21/2013,0.7507,90.07
1/22/2013,0.751,89.7
1/23/2013,0.7506,89.07
1/24/2013,0.7509,88.51
1/25/2013,0.75,89.36
1/26/2013,0.7454,90.71
1/27/2013,0.7427,90.87
1/28/2013,0.7427,90.88
1/29/2013,0.7433,90.87
1/30/2013,0.7431,90.65
1/31/2013,0.7394,91.03
2/1/2013,0.737,91.05
2/2/2013,0.7334,92.11
2/3/2013,0.733,92.8
2/4/2013,0.733,92.8
2/5/2013,0.7357,92.7
2/6/2013,0.7393,92.77
2/7/2013,0.738,93.64
2/8/2013,0.741,93.55
2/9/2013,0.7466,93.03
2/10/2013,0.7479,92.61
2/11/2013,0.7479,92.6
2/12/2013,0.7471,92.98
2/13/2013,0.7453,93.96
2/14/2013,0.743,93.34
2/15/2013,0.7468,93.32
2/16/2013,0.7489,92.92
2/17/2013,0.7483,93.47
2/18/2013,0.7483,93.47
2/19/2013,0.7492,93.94
2/20/2013,0.7486,93.62
2/21/2013,0.747,93.54
2/22/2013,0.7558,93.31
2/23/2013,0.758,93.26
2/24/2013,0.758,93.39
2/25/2013,0.758,93.39
2/26/2013,0.7571,93.8
2/27/2013,0.7651,92
2/28/2013,0.7643,91.82
3/1/2013,0.7621,92.34
3/2/2013,0.7667,92.86
3/3/2013,0.7679,93.57
3/4/2013,0.7679,93.57
3/5/2013,0.7686,93.45
3/6/2013,0.7671,93.26
3/7/2013,0.7671,93.43
3/8/2013,0.7675,94.25
3/9/2013,0.7653,95.51
3/10/2013,0.7689,95.98
3/11/2013,0.7689,95.98
3/12/2013,0.7688,96.14
3/13/2013,0.7675,96.23
3/14/2013,0.7689,95.9
3/15/2013,0.7713,96.11
3/16/2013,0.7669,95.88
3/17/2013,0.7647,95.26
3/18/2013,0.7647,95.26
3/19/2013,0.7733,94.9
3/20/2013,0.7732,95.32
3/21/2013,0.7747,95.34
3/22/2013,0.7737,95.52
3/23/2013,0.773,94.73
3/24/2013,0.7698,94.41
3/25/2013,0.7698,94.41
3/26/2013,0.7712,94.58
3/27/2013,0.7774,94.27
3/28/2013,0.7802,94.51
3/29/2013,0.7813,94.17
3/30/2013,0.78,94.12
3/31/2013,0.78,94.16
4/1/2013,0.78,94.16
4/2/2013,0.7802,93.73
4/3/2013,0.7786,93.17
4/4/2013,0.7798,93.29
4/5/2013,0.7783,94.77
4/6/2013,0.7718,96.69
4/7/2013,0.7694,97.5
4/8/2013,0.7694,97.5
4/9/2013,0.769,98.7
4/10/2013,0.7661,99.13
4/11/2013,0.7644,99.35
4/12/2013,0.7639,99.62
4/13/2013,0.7638,99.25
4/14/2013,0.7624,98.33
4/15/2013,0.7624,98.33
4/16/2013,0.7645,97.96
4/17/2013,0.7634,97.46
4/18/2013,0.7616,97.94
4/19/2013,0.7662,98.13
4/20/2013,0.765,98.89
4/21/2013,0.766,99.48
4/22/2013,0.766,99.48
4/23/2013,0.7659,99.63
4/24/2013,0.7679,99.06
4/25/2013,0.7691,99.47
4/26/2013,0.7672,99.33
4/27/2013,0.7679,98.6
4/28/2013,0.7672,97.99
4/29/2013,0.7672,97.99
4/30/2013,0.7649,97.83
5/1/2013,0.7627,97.68
5/2/2013,0.7584,97.34
5/3/2013,0.7611,97.54
5/4/2013,0.7637,98.4
5/5/2013,0.7624,98.95
5/6/2013,0.7624,98.95
5/7/2013,0.7631,99.24
5/8/2013,0.7641,99.11
5/9/2013,0.762,98.9
5/10/2013,0.7616,99.14
5/11/2013,0.7685,101.25
5/12/2013,0.7696,101.58
5/13/2013,0.7696,101.58
5/14/2013,0.7707,101.79
5/15/2013,0.7703,101.75
5/16/2013,0.7753,102.33
5/17/2013,0.7762,102.26
5/18/2013,0.7778,102.57
5/19/2013,0.7787,103.19
5/20/2013,0.7787,103.19
5/21/2013,0.7779,102.58
5/22/2013,0.776,102.54
5/23/2013,0.7746,102.84
5/24/2013,0.7763,102.19
5/25/2013,0.7731,101.57
5/26/2013,0.773,101.22
5/27/2013,0.773,101.22
5/28/2013,0.7731,101.02
5/29/2013,0.7749,101.91
5/30/2013,0.7754,101.67
5/31/2013,0.7699,101.01
6/1/2013,0.7686,100.78
6/2/2013,0.7692,100.38
6/3/2013,0.7692,100.38
6/4/2013,0.7677,100.1
6/5/2013,0.765,99.96
6/6/2013,0.7645,99.66
6/7/2013,0.7608,98.67
6/8/2013,0.7554,96.84
6/9/2013,0.7563,97.54
6/10/2013,0.7563,97.54
6/11/2013,0.7567,98.49
6/12/2013,0.7533,97.57
6/13/2013,0.7512,96.26
6/14/2013,0.7495,94.72
6/15/2013,0.7496,94.88
6/16/2013,0.7491,94.04
6/17/2013,0.7491,94.04
6/18/2013,0.7496,94.72
6/19/2013,0.7477,95.07
6/20/2013,0.7472,95.37
6/21/2013,0.7554,97.36
6/22/2013,0.7578,97.53
6/23/2013,0.7619,97.88
6/24/2013,0.7619,97.88
6/25/2013,0.763,98.03
6/26/2013,0.7626,97.61
6/27/2013,0.7665,97.7
6/28/2013,0.7676,98.05
6/29/2013,0.7667,98.92
6/30/2013,0.7685,99.1
7/1/2013,0.7685,99.1
7/2/2013,0.7671,99.52
7/3/2013,0.7671,99.97
7/4/2013,0.7705,100.17
7/5/2013,0.7709,99.88
7/6/2013,0.7768,100.48
7/7/2013,0.7791,101.17
7/8/2013,0.7791,101.17
7/9/2013,0.7786,101.15
7/10/2013,0.7786,101.08
7/11/2013,0.7802,100.52
7/12/2013,0.7651,99.08
7/13/2013,0.7653,99.17
7/14/2013,0.765,99.18
7/15/2013,0.765,99.18
7/16/2013,0.766,99.62
7/17/2013,0.7633,99.57
7/18/2013,0.7611,99.45
7/19/2013,0.7631,100.12
7/20/2013,0.7618,100.31
7/21/2013,0.7607,100.53
7/22/2013,0.7607,100.53
7/23/2013,0.7593,99.89
7/24/2013,0.7577,99.63
7/25/2013,0.7566,99.93
7/26/2013,0.7566,99.87
7/27/2013,0.7531,98.66
7/28/2013,0.7529,98.2
7/29/2013,0.7529,98.2
7/30/2013,0.7533,97.91
7/31/2013,0.7539,98.08
8/1/2013,0.7536,98
8/2/2013,0.7545,98.64
8/3/2013,0.7556,99.36
8/4/2013,0.7528,98.89
8/5/2013,0.7528,98.89
8/6/2013,0.7536,98.63
8/7/2013,0.7531,98.06
8/8/2013,0.7514,97.03
8/9/2013,0.7486,96.39
8/10/2013,0.748,96.5
8/11/2013,0.7492,96.16
8/12/2013,0.7492,96.16
8/13/2013,0.7511,96.54
8/14/2013,0.7528,97.72
8/15/2013,0.7542,98.17
8/16/2013,0.7528,97.85
8/17/2013,0.7495,97.46
8/18/2013,0.7501,97.48
8/19/2013,0.7501,97.48
8/20/2013,0.7497,97.71
8/21/2013,0.7475,97.37
8/22/2013,0.7464,97.5
8/23/2013,0.7494,98.33
8/24/2013,0.7484,98.85
8/25/2013,0.747,98.68
8/26/2013,0.747,98.68
8/27/2013,0.7475,98.59
8/28/2013,0.7479,97.79
8/29/2013,0.7483,97.39
8/30/2013,0.7529,98.02
8/31/2013,0.7558,98.2
9/1/2013,0.7562,98.1
9/2/2013,0.7562,98.1
9/3/2013,0.7572,98.96
9/4/2013,0.7588,99.5
9/5/2013,0.7587,99.6
9/6/2013,0.7592,99.88
9/7/2013,0.7611,99.55
9/8/2013,0.7586,99.08
9/9/2013,0.7586,99.08
9/10/2013,0.7573,99.59
9/11/2013,0.7543,99.98
9/12/2013,0.7532,100.22
9/13/2013,0.7516,99.48
9/14/2013,0.7525,99.55
9/15/2013,0.7519,99.36
9/16/2013,0.7519,99.36
9/17/2013,0.7486,98.89
9/18/2013,0.7492,99.18
9/19/2013,0.7478,98.95
9/20/2013,0.7389,98.78
9/21/2013,0.7391,99.38
9/22/2013,0.7391,99.28
9/23/2013,0.7391,99.28
9/24/2013,0.7398,98.99
9/25/2013,0.7413,98.81
9/26/2013,0.741,98.62
9/27/2013,0.7404,98.78
9/28/2013,0.7403,98.57
9/29/2013,0.7394,98.22
9/30/2013,0.7394,98.22
10/1/2013,0.7402,97.92
10/2/2013,0.7386,98.08
10/3/2013,0.7383,97.59
10/4/2013,0.735,97.5
10/5/2013,0.7352,97.21
10/6/2013,0.7374,97.46
10/7/2013,0.7374,97.46
10/8/2013,0.7368,97.02
10/9/2013,0.7367,96.94
10/10/2013,0.7385,97.25
10/11/2013,0.7398,97.82
10/12/2013,0.7382,98.36
10/13/2013,0.738,98.55
10/14/2013,0.738,98.55
10/15/2013,0.7371,98.29
10/16/2013,0.739,98.51
10/17/2013,0.7394,98.52
10/18/2013,0.735,98.25
10/19/2013,0.7311,97.89
10/20/2013,0.7306,97.64
10/21/2013,0.7306,97.64
10/22/2013,0.7312,98.06
10/23/2013,0.7295,98.23
10/24/2013,0.726,97.54
10/25/2013,0.7249,97.35
10/26/2013,0.7245,97.27
10/27/2013,0.7244,97.38
10/28/2013,0.7244,97.38
10/29/2013,0.7245,97.62
10/30/2013,0.7261,97.77
10/31/2013,0.7273,98.24
11/1/2013,0.7314,98.34
11/2/2013,0.739,98.37
11/3/2013,0.7414,98.61
11/4/2013,0.7414,98.61
11/5/2013,0.7407,98.67
11/6/2013,0.7411,98.44
11/7/2013,0.7405,98.59
11/8/2013,0.7421,98.62
11/9/2013,0.7464,98.41
11/10/2013,0.7476,99.01
11/11/2013,0.7476,99.01
11/12/2013,0.7472,99.11
11/13/2013,0.7457,99.54
11/14/2013,0.7442,99.49
11/15/2013,0.7428,99.72
11/16/2013,0.7427,100.21
11/17/2013,0.7409,100.16
11/18/2013,0.7409,100.16
11/19/2013,0.7406,100.09
11/20/2013,0.7399,99.92
11/21/2013,0.7397,100.02
11/22/2013,0.7439,100.66
11/23/2013,0.7405,101.17
11/24/2013,0.7375,101.25
11/25/2013,0.7375,101.24
11/26/2013,0.7391,101.64
11/27/2013,0.7384,101.45
11/28/2013,0.7363,101.69
11/29/2013,0.7358,102.18
11/30/2013,0.7349,102.35
12/1/2013,0.7357,102.41
12/2/2013,0.7357,102.41
12/3/2013,0.7368,102.67
12/4/2013,0.7373,102.8
12/5/2013,0.7362,102.46
12/6/2013,0.7345,102.08
12/7/2013,0.7314,102.24
12/8/2013,0.7295,102.88
12/9/2013,0.7295,102.88
12/10/2013,0.7291,103.08
12/11/2013,0.727,103.08
12/12/2013,0.7262,102.63
12/13/2013,0.7259,102.78
12/14/2013,0.7277,103.46
12/15/2013,0.7274,103.2
12/16/2013,0.7274,103.2
12/17/2013,0.7268,102.99
12/18/2013,0.7266,102.91
12/19/2013,0.7266,102.99
12/20/2013,0.7314,104.1
12/21/2013,0.7324,104.31
12/22/2013,0.7312,104.02
12/23/2013,0.7312,104.02
12/24/2013,0.7306,104.01
12/25/2013,0.7309,104.25
12/26/2013,0.7308,104.24
12/27/2013,0.7307,104.69
12/28/2013,0.7268,104.88
12/29/2013,0.727,105.13
12/30/2013,0.7269,105.13
12/31/2013,0.7263,105.22
1/1/2014,0.7253,105.03
1/2/2014,0.7252,105.25
1/3/2014,0.729,105.17
1/4/2014,0.7331,104.48
1/5/2014,0.7358,104.83
1/6/2014,0.7358,104.83
1/7/2014,0.735,104.48
1/8/2014,0.7339,104.41
1/9/2014,0.7351,104.84
1/10/2014,0.7359,104.86
1/11/2014,0.734,104.68
1/12/2014,0.7314,104.15
1/13/2014,0.7314,104.15
1/14/2014,0.7317,103.45
1/15/2014,0.7314,103.53
1/16/2014,0.7338,104.38
1/17/2014,0.7346,104.58
1/18/2014,0.7358,104.33
1/19/2014,0.7384,104.28
1/20/2014,0.7384,104.28
1/21/2014,0.7382,104.11
1/22/2014,0.7382,104.45
1/23/2014,0.7376,104.34
1/24/2014,0.7349,104.12
1/25/2014,0.7306,102.88
1/26/2014,0.7309,102.32
1/27/2014,0.7309,102.32
1/28/2014,0.731,102.47
1/29/2014,0.7318,102.8
1/30/2014,0.7321,102.81
1/31/2014,0.7346,102.45
2/1/2014,0.7389,102.46
2/2/2014,0.7413,101.95
2/3/2014,0.7413,101.94
2/4/2014,0.7408,101.86
2/5/2014,0.7398,101.29
2/6/2014,0.7396,101.37
2/7/2014,0.7381,101.59
2/8/2014,0.7357,102.13
2/9/2014,0.7333,102.3
2/10/2014,0.7333,102.3
2/11/2014,0.7335,102.27
2/12/2014,0.7321,102.34
2/13/2014,0.7344,102.49
2/14/2014,0.7332,102.17
2/15/2014,0.7305,101.92
2/16/2014,0.7302,101.77
2/17/2014,0.7302,101.77
2/18/2014,0.7296,101.78
2/19/2014,0.7285,102.31
2/20/2014,0.7269,102.2
2/21/2014,0.7287,102.11
2/22/2014,0.7288,102.5
2/23/2014,0.7276,102.45
2/24/2014,0.7276,102.45
2/25/2014,0.7279,102.43
2/26/2014,0.7276,102.36
2/27/2014,0.7287,102.32
2/28/2014,0.7308,102.19
3/1/2014,0.7271,101.92
3/2/2014,0.7243,101.75
3/3/2014,0.7243,101.75
3/4/2014,0.7261,101.39
3/5/2014,0.7276,101.81
3/6/2014,0.7282,102.3
3/7/2014,0.7263,102.72
3/8/2014,0.7209,103.1
3/9/2014,0.7204,103.18
3/10/2014,0.7204,103.17
3/11/2014,0.7205,103.19
3/12/2014,0.7213,103.22
3/13/2014,0.7208,102.83
3/14/2014,0.7185,102.45
3/15/2014,0.7203,101.57
3/16/2014,0.7186,101.34
3/17/2014,0.7186,101.34
3/18/2014,0.7189,101.6
3/19/2014,0.7183,101.6
3/20/2014,0.7188,101.61
3/21/2014,0.7244,102.39
3/22/2014,0.7252,102.29
3/23/2014,0.725,102.22
3/24/2014,0.725,102.22
3/25/2014,0.7248,102.35
3/26/2014,0.7235,102.26
3/27/2014,0.7244,102.27
3/28/2014,0.7263,102.1
3/29/2014,0.7276,102.39
3/30/2014,0.7271,102.8
3/31/2014,0.7271,102.8
4/1/2014,0.7263,103.03
4/2/2014,0.7253,103.37
4/3/2014,0.7253,103.76
4/4/2014,0.7274,103.92
4/5/2014,0.7295,103.73
4/6/2014,0.7295,103.27
4/7/2014,0.7295,103.27
4/8/2014,0.7289,103.18
4/9/2014,0.7263,102.51
4/10/2014,0.7244,101.95
4/11/2014,0.7212,101.71
4/12/2014,0.7199,101.57
4/13/2014,0.7201,101.6
4/14/2014,0.7201,101.6
4/15/2014,0.7227,101.67
4/16/2014,0.724,101.82
4/17/2014,0.7234,102.18
4/18/2014,0.7228,102.16
4/19/2014,0.7238,102.41
4/20/2014,0.7237,102.36
4/21/2014,0.7237,102.36
4/22/2014,0.7241,102.56
4/23/2014,0.7246,102.59
4/24/2014,0.7235,102.45
4/25/2014,0.7234,102.38
4/26/2014,0.7228,102.21
4/27/2014,0.7228,102.17
4/28/2014,0.7228,102.17
4/29/2014,0.7222,102.28
4/30/2014,0.7223,102.57
5/1/2014,0.7229,102.39
5/2/2014,0.7208,102.25
5/3/2014,0.7214,102.39
5/4/2014,0.7206,102.16
5/5/2014,0.7206,102.16
5/6/2014,0.7207,102.04
5/7/2014,0.719,101.87
5/8/2014,0.7182,101.65
5/9/2014,0.7193,101.75
5/10/2014,0.7243,101.71
5/11/2014,0.7266,101.82
5/12/2014,0.7266,101.82
5/13/2014,0.7267,101.98
5/14/2014,0.728,102.24
5/15/2014,0.7293,101.99
5/16/2014,0.7299,101.77
5/17/2014,0.7294,101.51
5/18/2014,0.7302,101.49
5/19/2014,0.7302,101.49
5/20/2014,0.7293,101.36
5/21/2014,0.7298,101.39
5/22/2014,0.7304,101.24
5/23/2014,0.7316,101.61
5/24/2014,0.7332,101.83
5/25/2014,0.7333,101.94
5/26/2014,0.7333,101.94
5/27/2014,0.7334,101.92
5/28/2014,0.7329,101.95
5/29/2014,0.7343,101.88
5/30/2014,0.735,101.66
5/31/2014,0.7344,101.68
6/1/2014,0.7333,101.67
6/2/2014,0.7333,101.67
6/3/2014,0.7345,102.09
6/4/2014,0.7346,102.4
6/5/2014,0.7345,102.64
6/6/2014,0.7348,102.53
6/7/2014,0.7327,102.4
6/8/2014,0.7329,102.46
6/9/2014,0.7329,102.46
6/10/2014,0.734,102.51
6/11/2014,0.737,102.36
6/12/2014,0.7388,102.15
6/13/2014,0.7385,101.96
6/14/2014,0.738,101.92
6/15/2014,0.7381,101.99
6/16/2014,0.7381,101.99
6/17/2014,0.7381,101.87
6/18/2014,0.7375,102.02
6/19/2014,0.7375,102.16
6/20/2014,0.7348,101.88
6/21/2014,0.7351,101.99
6/22/2014,0.7352,102.06
6/23/2014,0.7352,102.06
6/24/2014,0.7355,101.94
6/25/2014,0.735,101.94
6/26/2014,0.7343,101.87
6/27/2014,0.7342,101.73
6/28/2014,0.7339,101.45
6/29/2014,0.7325,101.4
6/30/2014,0.7325,101.4
7/1/2014,0.732,101.34
7/2/2014,0.7306,101.47
7/3/2014,0.7317,101.62
7/4/2014,0.7332,101.98
7/5/2014,0.7353,102.09
7/6/2014,0.7354,102.09
7/7/2014,0.7355,102.01
7/8/2014,0.7356,101.99
7/9/2014,0.735,101.7
7/10/2014,0.7342,101.62
7/11/2014,0.7339,101.41
7/12/2014,0.735,101.31
7/13/2014,0.7346,101.26
7/14/2014,0.7346,101.26
7/15/2014,0.7345,101.46
7/16/2014,0.7352,101.6
7/17/2014,0.7382,101.71
7/18/2014,0.7392,101.48
7/19/2014,0.7395,101.32
7/20/2014,0.7394,101.32
7/21/2014,0.7392,101.27
7/22/2014,0.7392,101.31
7/23/2014,0.7409,101.48
7/24/2014,0.7426,101.44
7/25/2014,0.7427,101.62
7/26/2014,0.7434,101.81
7/27/2014,0.7445,101.81
7/28/2014,0.7445,101.81
7/29/2014,0.7443,101.82
7/30/2014,0.7447,101.98
7/31/2014,0.7463,102.37
8/1/2014,0.7467,102.82
8/2/2014,0.7461,102.78
8/3/2014,0.7443,102.6
8/4/2014,0.7443,102.6
8/5/2014,0.745,102.57
8/6/2014,0.7463,102.62
8/7/2014,0.7482,102.4
8/8/2014,0.7477,102.19
8/9/2014,0.7471,101.89
8/10/2014,0.7455,102.01
8/11/2014,0.7454,102.01
8/12/2014,0.7466,102.12
8/13/2014,0.7482,102.25
8/14/2014,0.7481,102.36
8/15/2014,0.748,102.47
8/16/2014,0.7475,102.48
8/17/2014,0.746,102.34
8/18/2014,0.746,102.34
8/19/2014,0.7472,102.45
8/20/2014,0.7495,102.69
8/21/2014,0.7521,103.23
8/22/2014,0.7538,103.8
8/23/2014,0.7536,103.82
8/24/2014,0.755,103.92
8/25/2014,0.755,103.92
8/26/2014,0.7576,104.07
8/27/2014,0.7579,103.96
8/28/2014,0.7588,103.96
8/29/2014,0.758,103.76
8/30/2014,0.7592,103.87
8/31/2014,0.7612,104.07
9/1/2014,0.7614,104.04
9/2/2014,0.7615,104.21
9/3/2014,0.7619,104.83
9/4/2014,0.7611,105.02
9/5/2014,0.7646,104.98
9/6/2014,0.7723,105.19
9/7/2014,0.772,105.06
9/8/2014,0.772,105.06
9/9/2014,0.7728,105.33
9/10/2014,0.7754,106.2
9/11/2014,0.7735,106.53
9/12/2014,0.7738,106.89
9/13/2014,0.7732,107.22
9/14/2014,0.7713,107.34
9/15/2014,0.7713,107.34
9/16/2014,0.7725,107.23
9/17/2014,0.7723,107.12
9/18/2014,0.7722,107.39
9/19/2014,0.7763,108.65
9/20/2014,0.7764,108.96
9/21/2014,0.7794,109.01
9/22/2014,0.7794,109.01
9/23/2014,0.7785,108.92
9/24/2014,0.7775,108.7
9/25/2014,0.7795,108.74
9/26/2014,0.7843,109.05
9/27/2014,0.7856,109.03
9/28/2014,0.7881,109.27
9/29/2014,0.7881,109.27
9/30/2014,0.7882,109.43
10/1/2014,0.7904,109.52
10/2/2014,0.7928,109.63
10/3/2014,0.7908,108.66
10/4/2014,0.7935,109.1
10/5/2014,0.799,109.75
10/6/2014,0.799,109.75
10/7/2014,0.7967,109.38
10/8/2014,0.7915,108.57
10/9/2014,0.7895,108.24
10/10/2014,0.7855,107.91
10/11/2014,0.7896,107.83
10/12/2014,0.7916,107.63
10/13/2014,0.7916,107.63
10/14/2014,0.7889,107.29
10/15/2014,0.788,107.05
10/16/2014,0.7877,106.79
10/17/2014,0.7812,106.01
10/18/2014,0.7816,106.47
10/19/2014,0.7836,106.85
10/20/2014,0.7836,106.85
10/21/2014,0.7831,107.04
10/22/2014,0.7827,106.72
10/23/2014,0.7878,107.04
10/24/2014,0.7906,107.6
10/25/2014,0.7899,108.07
10/26/2014,0.7891,108.14
10/27/2014,0.7891,108.14
10/28/2014,0.7877,107.9
10/29/2014,0.7863,107.94
10/30/2014,0.7856,108.19
10/31/2014,0.793,109.04
11/1/2014,0.7957,110.95
11/2/2014,0.7983,112.32
11/3/2014,0.7983,112.32
11/4/2014,0.8005,113.18
11/5/2014,0.7988,113.56
11/6/2014,0.7989,114.23
11/7/2014,0.8018,114.71
11/8/2014,0.8065,115.07
11/9/2014,0.8027,114.58
11/10/2014,0.8028,114.58
11/11/2014,0.8023,114.37
11/12/2014,0.8043,115.37
11/13/2014,0.8024,115.45
11/14/2014,0.8028,115.62
11/15/2014,0.8021,116.21
11/16/2014,0.7982,116.25
11/17/2014,0.7982,116.25
11/18/2014,0.7996,116.19
11/19/2014,0.8002,116.66
11/20/2014,0.7977,117.41
11/21/2014,0.7974,118.22
11/22/2014,0.8012,117.84
11/23/2014,0.8066,117.79
11/24/2014,0.8066,117.79
11/25/2014,0.8061,118.07
11/26/2014,0.8038,118.04
11/27/2014,0.8011,117.76
11/28/2014,0.8005,117.56
11/29/2014,0.8028,118.27
11/30/2014,0.8029,118.55
12/1/2014,0.8029,118.54
12/2/2014,0.8024,118.55
12/3/2014,0.8039,118.77
12/4/2014,0.8097,119.43
12/5/2014,0.8106,119.85
12/6/2014,0.8097,120.49
12/7/2014,0.8136,121.42
12/8/2014,0.8136,121.42
12/9/2014,0.8138,121.18
12/10/2014,0.8097,119.96
12/11/2014,0.8068,119.06
12/12/2014,0.8043,118.48
12/13/2014,0.8047,118.68
12/14/2014,0.8023,118.75
12/15/2014,0.8023,118.75
12/16/2014,0.8035,118.4
12/17/2014,0.8012,117.15
12/18/2014,0.8023,117.13
12/19/2014,0.812,118.72
12/20/2014,0.8149,119.24
12/21/2014,0.8176,119.47
12/22/2014,0.8176,119.47
12/23/2014,0.8165,119.69
12/24/2014,0.8188,120.29
12/25/2014,0.8205,120.47
12/26/2014,0.82,120.45
12/27/2014,0.8198,120.3
12/28/2014,0.8207,120.34
12/29/2014,0.8207,120.34
12/30/2014,0.8207,120.47
12/31/2014,0.8226,119.93
1/1/2015,0.8235,119.57
1/2/2015,0.8263,119.87
1/3/2015,0.83,120.3
1/4/2015,0.8331,120.42
1/5/2015,0.8331,120.42
1/6/2015,0.8374,120.13
1/7/2015,0.8383,119
1/8/2015,0.8434,119.06
1/9/2015,0.8469,119.62
1/10/2015,0.8467,119.25
1/11/2015,0.8443,118.52
1/12/2015,0.8443,118.52
1/13/2015,0.8447,118.51
1/14/2015,0.8467,118.26
1/15/2015,0.8488,117.16
1/16/2015,0.8534,117.17
1/17/2015,0.8621,116.68
1/18/2015,0.8639,117.55
1/19/2015,0.8639,117.55
1/20/2015,0.8629,117.35
1/21/2015,0.8634,118.3
1/22/2015,0.8638,117.95
1/23/2015,0.8657,117.96
1/24/2015,0.8854,118.2
1/25/2015,0.8921,117.75
1/26/2015,0.8921,117.75
1/27/2015,0.8912,118.03
1/28/2015,0.8855,118.06
1/29/2015,0.8811,117.86
1/30/2015,0.8851,117.91
1/31/2015,0.8832,117.8
2/1/2015,0.8855,117.47
2/2/2015,0.8855,117.47
2/3/2015,0.8832,117.48
2/4/2015,0.8788,117.37
2/5/2015,0.8733,117.56
2/6/2015,0.8778,117.32
2/7/2015,0.8754,117.87
2/8/2015,0.8832,119.11
2/9/2015,0.8832,119.11
2/10/2015,0.8829,118.74
2/11/2015,0.8834,118.88
2/12/2015,0.884,119.78
2/13/2015,0.8815,119.72
2/14/2015,0.8764,118.84
2/15/2015,0.8773,118.73
2/16/2015,0.8773,118.72
2/17/2015,0.8772,118.54
2/18/2015,0.8789,118.72
2/19/2015,0.8781,119.15
2/20/2015,0.8773,118.8
2/21/2015,0.8807,118.82
2/22/2015,0.8786,118.97
2/23/2015,0.8786,118.96
2/24/2015,0.8809,119.01
2/25/2015,0.8826,119.14
2/26/2015,0.8808,118.82
2/27/2015,0.8838,119.01
2/28/2015,0.8921,119.39
3/1/2015,0.8927,119.53
3/2/2015,0.8927,119.53
3/3/2015,0.8935,119.87
3/4/2015,0.8939,119.78
3/5/2015,0.8979,119.66
3/6/2015,0.9049,119.95
3/7/2015,0.9121,120.31
3/8/2015,0.9218,120.79
3/9/2015,0.9218,120.79
3/10/2015,0.9212,120.95
3/11/2015,0.928,121.44
3/12/2015,0.9405,121.34
3/13/2015,0.9451,121.31
3/14/2015,0.9458,121.38
3/15/2015,0.9524,121.34
3/16/2015,0.9524,121.34
3/17/2015,0.9487,121.31
3/18/2015,0.9444,121.34
3/19/2015,0.9403,121.1
3/20/2015,0.932,120.54
3/21/2015,0.9325,120.65
3/22/2015,0.9237,120.02
3/23/2015,0.9237,120.02
3/24/2015,0.9206,119.88
3/25/2015,0.9141,119.64
3/26/2015,0.9133,119.59
3/27/2015,0.9122,119.06
3/28/2015,0.9196,119.21
3/29/2015,0.9179,119.1
3/30/2015,0.9179,119.1
3/31/2015,0.9215,119.63
4/1/2015,0.9282,120.04
4/2/2015,0.9292,119.81
4/3/2015,0.9241,119.65
4/4/2015,0.916,119.42
4/5/2015,0.9106,118.92
4/6/2015,0.9106,118.92
4/7/2015,0.9101,119.07
4/8/2015,0.9183,119.89
4/9/2015,0.9231,119.99
4/10/2015,0.9314,120.27
4/11/2015,0.9406,120.38
4/12/2015,0.9428,120.12
4/13/2015,0.9428,120.12
4/14/2015,0.945,120.33
4/15/2015,0.9434,119.69
4/16/2015,0.9405,119.4
4/17/2015,0.9337,119.13
4/18/2015,0.9272,118.93
4/19/2015,0.9249,118.84
4/20/2015,0.9249,118.84
4/21/2015,0.9286,118.99
4/22/2015,0.9327,119.47
4/23/2015,0.931,119.67
4/24/2015,0.9303,119.84
4/25/2015,0.9225,119.32
4/26/2015,0.9193,118.93
4/27/2015,0.9193,118.93
4/28/2015,0.9203,119.07
4/29/2015,0.916,119
4/30/2015,0.9066,118.95
5/1/2015,0.8962,119.11
5/2/2015,0.891,119.84
5/3/2015,0.8927,120.14
5/4/2015,0.8927,120.14
5/5/2015,0.8953,120.14
5/6/2015,0.897,120.1
5/7/2015,0.8883,119.71
5/8/2015,0.8834,119.47
5/9/2015,0.8907,119.86
5/10/2015,0.8921,119.72
5/11/2015,0.8921,119.72
5/12/2015,0.8958,119.92
5/13/2015,0.8925,120.03
5/14/2015,0.887,119.59
5/15/2015,0.8784,119.16
5/16/2015,0.8771,119.43
5/17/2015,0.8732,119.27
5/18/2015,0.8732,119.27
5/19/2015,0.8777,119.69
5/20/2015,0.8908,120.2
5/21/2015,0.8993,120.96
5/22/2015,0.899,121.09
5/23/2015,0.9006,121.09
5/24/2015,0.9076,121.48
5/25/2015,0.9076,121.48
5/26/2015,0.9104,121.56
5/27/2015,0.9159,122.41
5/28/2015,0.9185,123.36
5/29/2015,0.9159,123.94
5/30/2015,0.9116,123.87
5/31/2015,0.9096,124.11
6/1/2015,0.9096,124.11
6/2/2015,0.9142,124.29
6/3/2015,0.9074,124.51
6/4/2015,0.8943,124.18
6/5/2015,0.8866,124.32
6/6/2015,0.8939,124.91
6/7/2015,0.8994,125.53
6/8/2015,0.8994,125.53
6/9/2015,0.8959,125.24
6/10/2015,0.8863,124.37
6/11/2015,0.8847,123.29
6/12/2015,0.8869,123.33
6/13/2015,0.8896,123.52
6/14/2015,0.8869,123.33
6/15/2015,0.8869,123.33
6/16/2015,0.8901,123.43
6/17/2015,0.888,123.46
6/18/2015,0.8876,123.69
6/19/2015,0.8791,123.01
6/20/2015,0.8813,122.91
6/21/2015,0.8809,122.64
6/22/2015,0.8809,122.64
6/23/2015,0.8799,123.03
6/24/2015,0.8895,123.69
6/25/2015,0.8936,123.94
6/26/2015,0.8926,123.68
6/27/2015,0.894,123.6
6/28/2015,0.8944,123.79
6/29/2015,0.8944,123.79
6/30/2015,0.9012,122.72
7/1/2015,0.8943,122.36
7/2/2015,0.9002,122.78
7/3/2015,0.9031,123.28
7/4/2015,0.9011,122.92
7/5/2015,0.8992,122.7
7/6/2015,0.8992,122.7
7/7/2015,0.9055,122.52
7/8/2015,0.9091,122.53
7/9/2015,0.9067,121.58
7/10/2015,0.9047,121.2
7/11/2015,0.899,122.21
7/12/2015,0.8958,122.72
7/13/2015,0.8958,122.72
7/14/2015,0.9023,123.04
7/15/2015,0.9082,123.4
7/16/2015,0.9099,123.58
7/17/2015,0.9165,123.95
7/18/2015,0.9195,124.07
7/19/2015,0.9232,123.99
7/20/2015,0.9232,123.99
7/21/2015,0.9226,124.2
7/22/2015,0.9201,124.22
7/23/2015,0.9153,123.84
7/24/2015,0.9119,123.92
7/25/2015,0.9116,123.88
7/26/2015,0.9099,123.76
7/27/2015,0.9099,123.76
7/28/2015,0.905,123.4
7/29/2015,0.9038,123.51
7/30/2015,0.9051,123.64
7/31/2015,0.9129,124.19
8/1/2015,0.9111,124.02
8/2/2015,0.9102,123.8
8/3/2015,0.9102,123.8
8/4/2015,0.9116,124.02
8/5/2015,0.9133,124.03
8/6/2015,0.9193,124.51
8/7/2015,0.9166,124.77
8/8/2015,0.9148,124.6
8/9/2015,0.9116,124.18
8/10/2015,0.9116,124.18
8/11/2015,0.9112,124.49
8/12/2015,0.9072,124.83
8/13/2015,0.8996,124.58
8/14/2015,0.898,124.4
8/15/2015,0.8974,124.32
8/16/2015,0.8998,124.28
8/17/2015,0.8998,124.28
8/18/2015,0.9015,124.39
8/19/2015,0.9043,124.38
8/20/2015,0.9045,124.23
8/21/2015,0.8961,123.81
8/22/2015,0.8857,122.78
8/23/2015,0.8779,121.96
8/24/2015,0.8779,121.96
8/25/2015,0.8699,120.2
8/26/2015,0.8684,119.48
8/27/2015,0.8733,119.37
8/28/2015,0.8853,120.38
8/29/2015,0.8895,121.06
8/30/2015,0.8938,121.66
8/31/2015,0.8938,121.66
9/1/2015,0.8913,121.22
9/2/2015,0.8876,120.31
9/3/2015,0.8877,120.03
9/4/2015,0.8937,120.28
9/5/2015,0.8982,119.34
9/6/2015,0.8963,118.99
9/7/2015,0.8963,118.99
9/8/2015,0.8963,119.29
9/9/2015,0.8944,119.64
9/10/2015,0.8947,120.53
9/11/2015,0.8908,120.64
9/12/2015,0.8853,120.66
9/13/2015,0.8817,120.56
9/14/2015,0.8817,120.56
9/15/2015,0.8826,120.29
9/16/2015,0.8848,120.08
9/17/2015,0.8868,120.42
9/18/2015,0.8833,120.67
9/19/2015,0.8773,119.73
9/20/2015,0.8845,119.93
9/21/2015,0.8845,119.93
9/22/2015,0.8876,120.19
9/23/2015,0.8954,120.18
9/24/2015,0.8972,120.11
9/25/2015,0.8917,119.89
9/26/2015,0.895,120.55
9/27/2015,0.8925,120.55
9/28/2015,0.8925,120.55
9/29/2015,0.893,120.16
9/30/2015,0.8893,119.75
10/1/2015,0.8915,119.95
10/2/2015,0.8953,119.93
10/3/2015,0.8925,119.85
10/4/2015,0.8916,119.88
10/5/2015,0.8916,119.88
10/6/2015,0.8911,120.16
10/7/2015,0.8914,120.35
10/8/2015,0.8885,120.05
10/9/2015,0.8875,119.88
10/10/2015,0.8831,120.12
10/11/2015,0.8803,120.15
10/12/2015,0.8803,120.15