id,Date,Open,High,Low,Close,Volume,SMA-8,WMA-12
0,5/14/2012,54.51,54.61,53.64,53.67,11794600,53.67,53.67
1,5/15/2012,53.8,54.1,53.08,53.34,19779800,53.39,53.35
2,5/16/2012,53.59,54.05,52.84,53.02,15818000,53.16,53.08
3,5/17/2012,53.19,53.2,51.63,51.67,17960000,52.39,52.05
4,5/18/2012,52.02,53.17,51.43,51.53,22738200,52.33,52.14
5,5/21/2012,51.71,53.74,51.53,53.7,20695000,52.95,53.35
6,5/22/2012,53.81,54.4,53.07,53.37,15757000,52.9,53.08
7,5/23/2012,53.96,55.48,53.9,55.29,18498400,52.9,52.96
8,5/24/2012,55.82,56.39,53.93,54.76,20236800,53.13,52.83
9,5/25/2012,54.87,55.06,54.29,54.56,10169400,53.33,52.82
10,5/29/2012,54.99,55.85,54.8,55.58,12982000,53.55,52.96
11,5/30/2012,54.86,55.12,54.41,54.73,10412600,54.11,53.57
12,5/31/2012,54.83,55.08,53.91,54.89,15055200,54.57,54.33
13,6/1/2012,53.11,54.06,52.04,52.15,17456400,54.74,54.59
14,6/4/2012,52,53.97,51.49,53.9,24502800,54.57,54.89
15,6/5/2012,52.35,52.68,51.63,52.41,22337600,54.37,54.66
16,6/6/2012,53.09,53.6,52.88,53.47,13980400,54.03,54.47
17,6/7/2012,54.07,54.38,53.28,53.44,14475600,53.88,54.3
18,6/8/2012,52.84,53.76,52.39,53.59,12509800,53.57,53.8
19,6/11/2012,54.15,54.17,52.75,52.83,9770000,53.41,53.47
20,6/12/2012,53,53.43,51.87,53.04,21075400,53.11,53.03
21,6/13/2012,52.84,53.36,51.03,51.27,21445600,53.24,53.3
22,6/14/2012,51.43,52.48,51.1,52.33,16009600,52.86,53.04
23,6/15/2012,51.77,52.59,51.55,52.54,20108800,52.85,53.15
24,6/18/2012,52.34,54.29,52.25,54.18,15911000,52.72,52.96
25,6/19/2012,54.71,55.55,54.53,55.12,15032400,52.83,52.81
26,6/20/2012,55.3,55.91,55,55.64,14967200,53.04,52.67
27,6/21/2012,55.82,55.97,54,54.07,12379800,53.45,52.83
28,6/22/2012,54.27,54.73,54.04,54.64,9148800,53.59,52.96
29,6/25/2012,54.16,54.24,53.01,53.29,10005800,54.07,53.67
30,6/26/2012,53.27,54.1,53,53.95,9467000,54.21,54.14
31,6/27/2012,53.88,54.1,52.36,52.75,14015800,54.41,54.6
32,6/28/2012,52.53,52.59,51.25,52.09,15650200,54.21,54.61
33,6/29/2012,53.19,53.41,52.83,53.32,16983200,53.78,54.28
34,7/2/2012,53.44,53.44,52.15,52.79,10270800,53.44,53.73
35,7/3/2012,52.47,52.6,51.72,51.94,9112800,53.26,53.52
36,7/5/2012,52.04,52.8,51.97,52.4,8752200,52.88,53.08
37,7/6/2012,52.15,52.2,51.3,51.97,12096200,52.75,52.95
38,7/9/2012,51.77,52.4,51.72,52.39,9328600,52.47,52.58
39,7/10/2012,52.75,53.01,52.05,52.34,10558200,52.41,52.49
40,7/11/2012,52.18,52.38,51.7,52.16,8700000,52.45,52.58
41,7/12/2012,51.6,52.95,51.44,52.68,10980800,52.28,52.32
42,7/13/2012,52.43,53.69,52.16,53.61,11089600,52.27,52.19
43,7/16/2012,53.46,53.86,52.76,52.9,9318800,52.51,52.34
44,7/17/2012,53.29,53.92,52.94,53.73,8470000,52.58,52.38
45,7/18/2012,52.83,53.59,52.27,53.3,11023400,52.83,52.59
46,7/19/2012,53.33,54.28,52.9,54.2,10426200,52.96,52.74
47,7/20/2012,53.32,53.39,51.54,51.96,23471400,53.23,52.96
48,7/23/2012,51.13,51.17,49.6,50.6,21166200,53.2,53.22
49,7/24/2012,50.53,51.16,50.08,50.48,12079200,52.9,53.27
50,7/25/2012,50.5,50.7,49.86,50.41,13157800,52.45,52.98
51,7/26/2012,51.71,52.89,51.38,52.4,28380400,52.1,52.78
52,7/27/2012,46.9,48.2,46.12,47.47,56945200,51.91,52.33
53,7/30/2012,47.45,47.73,46.69,46.88,17497200,51.07,51.77
54,7/31/2012,46.97,47,45.09,45.28,30425400,50.03,50.73
55,8/1/2012,45.47,45.51,43.7,43.78,33427000,49.07,50.01
56,8/2/2012,43.6,44.18,43.04,43.16,30760200,48.1,49.38
57,8/3/2012,43.83,44.2,43.4,43.91,24472800,47.05,48.53
58,8/6/2012,44.19,44.21,43.46,43.48,19911200,46.13,47.45
59,8/7/2012,43.81,45.38,43.69,45.31,25045400,44.85,45.57
60,8/8/2012,45.28,45.4,44.9,45.29,16627200,44.54,44.84
61,8/9/2012,45.59,45.66,45.03,45.11,18177600,44.32,44.19
62,8/10/2012,45.25,45.61,45.1,45.57,13512200,44.29,43.95
63,8/13/2012,45.74,46.31,45.48,46.11,16786200,44.55,44.14
64,8/14/2012,46.5,46.69,46.23,46.43,14132000,44.97,44.59
65,8/15/2012,46.75,48.31,46.74,48.1,29404800,45.33,44.95
66,8/16/2012,48.14,48.62,47.65,48.4,19389200,45.99,45.57
67,8/17/2012,48.61,48.61,47.84,48.22,17089200,46.43,45.85
68,8/20/2012,48.25,48.4,47.85,48.05,12297800,46.85,46.24
69,8/21/2012,48.32,48.45,47.95,48.09,14280200,47.27,46.78
70,8/22/2012,48.05,48.32,47.9,48.12,11817600,47.63,47.3
71,8/23/2012,48.14,48.39,47.82,47.9,13075800,47.92,47.75
72,8/24/2012,47.69,48.78,47.01,48.7,18156200,48.13,48.17
73,8/27/2012,49,49.31,48.75,49.14,16089800,48.21,48.2
74,8/28/2012,48.94,49.51,48.89,49.36,13325600,48.32,48.18
75,8/29/2012,49.44,49.67,49.05,49.17,12303000,48.48,48.24
76,8/30/2012,49.45,50,49.4,49.71,15918200,48.64,48.39
77,8/31/2012,50.02,50.06,49.36,49.61,11868200,48.87,48.59
78,9/4/2012,49.45,49.79,49.04,49.51,10806200,49.08,48.83
79,9/5/2012,49.57,50.65,49.51,49.8,12976400,49.31,49.18
80,9/6/2012,50.26,50.99,50.1,50.84,11363200,49.47,49.37
81,9/7/2012,50.97,51.32,50.76,51.17,10288200,49.71,49.52
82,9/10/2012,51.18,51.32,50.62,50.83,13784000,49.97,49.67
83,9/11/2012,51,51.28,50.61,50.73,13456200,50.21,49.93
84,9/12/2012,50.99,51.45,50.99,51.17,11277400,50.36,50.09
85,9/13/2012,51.17,51.85,50.88,51.72,11352000,50.58,50.33
86,9/14/2012,51.85,52,50.38,50.46,24167200,50.89,50.68
87,9/17/2012,49.95,50.07,48.99,49.66,21955400,50.99,50.98
88,9/18/2012,49.56,49.64,49.08,49.25,17068800,50.82,50.97
89,9/19/2012,49.34,50.41,49.15,50.11,14277200,50.55,50.82
90,9/20/2012,49.81,51.21,49.65,51.19,18039800,50.44,50.72
91,9/21/2012,51.49,51.65,51.02,51.07,18128000,50.51,50.66
92,9/24/2012,50.9,51.43,50.6,51.16,9267000,50.49,50.5
93,9/25/2012,51.31,51.68,50.47,50.53,14178400,50.41,50.17
94,9/26/2012,50.54,51,49.81,50.1,13970800,50.42,50.16
95,9/27/2012,50.33,51.07,50,51.04,11752400,50.49,50.37
96,9/28/2012,50.56,50.96,49.89,50.71,16058600,50.74,50.74
97,10/1/2012,50.93,51.3,49.9,50.15,15432600,50.83,50.92
98,10/2/2012,50.44,50.44,48.8,49.3,21860200,50.68,50.79
99,10/3/2012,49.65,49.83,49.05,49.49,15040200,50.43,50.63
100,10/4/2012,49.89,49.93,48.76,49.1,24816200,50.19,50.39
101,10/5/2012,49.47,49.63,48.66,48.74,17917000,49.98,50.25
102,10/8/2012,48.66,49.17,48.4,48.76,15495600,49.79,50.18
103,10/9/2012,48.68,48.98,47.26,47.35,24286400,49.46,49.78
104,10/10/2012,47.74,47.81,46.62,46.95,22044000,48.98,49.35
105,10/11/2012,47.2,47.52,46.89,47.16,17288400,48.53,48.94
106,10/12/2012,47.52,47.69,47.04,47.18,17032800,48.22,48.67
107,10/15/2012,47.47,47.82,47.34,47.67,13587600,47.89,48.27
108,10/16/2012,48.03,49.28,47.88,48.96,17480600,47.69,47.92
109,10/17/2012,48.79,49.17,48.33,48.39,14531000,47.72,47.67
110,10/18/2012,48.43,48.55,47.19,47.41,19686400,47.67,47.39
111,10/19/2012,46.93,46.95,45.4,45.69,36760000,47.67,47.47
112,10/22/2012,45.73,45.74,45.09,45.3,16497400,47.49,47.61
113,10/23/2012,44.96,45.18,44.27,44.97,22447600,47.23,47.63
114,10/24/2012,45.3,45.53,45.08,45.26,17443800,46.91,47.56
115,10/25/2012,46.08,46.87,45.91,46.25,23508200,46.57,47.28
116,10/26/2012,46.05,46.2,45.38,45.87,21732800,46.18,46.59
117,10/31/2012,45.87,46.19,45,45.9,17869200,45.82,45.95
118,11/1/2012,45.74,46.74,45.39,46.62,25082400,45.61,45.5
119,11/2/2012,50.52,51.94,50.4,50.84,54965400,45.74,45.51
120,11/5/2012,50.8,51.29,50.7,51.01,20253800,46.53,45.82
121,11/6/2012,51.09,52.2,50.89,51.71,16161600,47.39,46.42
122,11/7/2012,51.24,52.3,51.09,51.81,19532000,48.31,47.19
123,11/8/2012,51.64,51.74,50.83,50.86,15438000,49.11,47.9
124,11/9/2012,50.94,51.5,50.67,50.96,14356400,49.82,48.89
125,11/12/2012,50.96,51.36,50.66,50.68,9687800,50.54,50.05
126,11/13/2012,50.42,51.02,50.05,50.31,9822400,51.12,51.18
127,11/14/2012,50,50.48,48.8,48.84,22024400,51.05,51.23
128,11/15/2012,49,49.07,48.16,48.43,15778000,50.74,51.16
129,11/16/2012,48.83,49,47.85,48.76,18604400,50.27,50.8
130,11/19/2012,48.97,50,48.95,49.74,12666600,49.83,50.31
131,11/20/2012,49.58,50.33,49.43,50.06,10971600,49.67,50.01
132,11/21/2012,49.95,50.64,49.91,50.51,8090400,49.55,49.66
133,11/23/2012,50.55,51.32,50.55,51.19,4949400,49.52,49.37
134,11/26/2012,50.85,51.03,50.49,50.89,7801000,49.65,49.2
135,11/27/2012,50.88,51.46,50.13,50.21,10800600,49.94,49.48
136,11/28/2012,50.19,51.4,49.9,51.37,10903000,50.19,49.92
137,11/29/2012,51.78,52.31,51.5,51.8,12829000,50.57,50.37
138,11/30/2012,51.42,52.01,51.04,51.87,11997400,50.86,50.65
139,12/3/2012,52.14,52.27,51.5,51.79,13776000,51.12,50.91
140,12/4/2012,51.65,51.98,50.94,51.12,12239000,51.3,51.11
141,12/5/2012,52,52.14,49.56,50.79,27640200,51.29,51.14
142,12/6/2012,51.5,53.85,51.19,53.7,49862000,51.28,51.23
143,12/7/2012,53.43,54,53.14,53.64,21244200,51.78,51.63
144,12/10/2012,53.52,53.7,52.8,52.96,14844400,52.1,51.81
145,12/11/2012,53.33,53.5,53,53.19,15011400,52.27,51.93
146,12/12/2012,53.47,54.19,53.15,53.6,18553000,52.46,52.07
147,12/13/2012,53.5,54.31,52.95,53.18,14360600,52.71,52.3
148,12/14/2012,53.2,53.75,53.06,53.36,9656200,53.01,52.78
149,12/17/2012,53.51,54.67,53.5,54.58,16114800,53.38,53.42
150,12/18/2012,54.67,54.9,54.28,54.34,15380800,53.5,53.37
151,12/19/2012,54.4,54.85,54.13,54.27,14237200,53.6,53.36
152,12/20/2012,54.53,54.61,53.7,54.21,9797800,53.79,53.57
153,12/21/2012,53.05,53.69,52.59,53.6,22153600,53.93,53.76
154,12/24/2012,53.37,54,53.33,53.69,3405800,53.93,53.84
155,12/26/2012,53.62,53.79,52.88,53.13,6094200,54.01,54.05
156,12/27/2012,53.09,53.64,52.71,53.24,9167200,53.97,54.2
157,12/28/2012,52.98,53.27,52.62,52.64,6791400,53.78,54
158,12/31/2012,52.41,53.67,52.39,53.63,9247000,53.54,53.8
159,1/2/2013,54.59,55,54.26,55,13267600,53.45,53.6
160,1/3/2013,55.07,55.61,55,55.37,14670400,53.56,53.43
161,1/4/2013,55.53,56,55.31,55.69,10911400,53.81,53.49
162,1/7/2013,55.4,55.79,55.01,55.72,8720000,54.1,53.59
163,1/8/2013,55.58,55.72,55.07,55.62,9613400,54.47,53.92
164,1/9/2013,55.89,55.9,54.33,54.63,16678400,54.81,54.32
165,1/10/2013,54.76,55.17,54.3,54.54,14367600,55.09,54.93
166,1/11/2013,55.11,55.24,54.44,55.01,13302600,55.22,55.33
167,1/14/2013,55.09,55.5,54.54,54.67,11596400,55.23,55.39
168,1/15/2013,54.63,54.79,53.68,54.48,13147800,55.13,55.32
169,1/16/2013,54.09,54.42,53.96,54.35,8919000,54.95,55.14
170,1/17/2013,54.79,54.9,54.22,54.5,9013000,54.76,54.9
171,1/18/2013,54.52,55.03,54.15,54.81,13091600,54.6,54.64
172,1/22/2013,55.07,55.07,54.5,54.99,11965000,54.62,54.64
173,1/23/2013,54.88,54.93,54.2,54.46,10900800,54.69,54.68
174,1/24/2013,54.74,54.9,54.06,54.57,23473600,54.61,54.58
175,1/25/2013,56.68,57.27,56.37,56.81,30797200,54.59,54.56
176,1/28/2013,56.84,57.15,55.85,56.02,13224800,54.93,54.67
177,1/29/2013,55.62,56.01,55.29,55.6,12092600,55.17,54.88
178,1/30/2013,55.76,56.2,55.38,56,13147600,55.32,55.08
179,1/31/2013,55.88,56.49,55.75,56.12,10583000,55.49,55.25
180,2/1/2013,56.57,57.1,56.55,56.86,9606200,55.65,55.42
181,2/4/2013,56.35,56.71,55.91,56.09,7926400,56,55.8
182,2/5/2013,56.24,56.45,55.91,56.2,8151400,56.21,56.21
183,2/6/2013,55.9,56.29,55.72,56.05,7449000,56.13,56.04
184,2/7/2013,56.05,56.06,55.15,55.86,9123600,56.13,56.07
185,2/8/2013,55.84,56.65,55.84,56.37,7146400,56.17,56.21
186,2/11/2013,56.52,56.52,55.86,56.14,5457400,56.22,56.27
187,2/12/2013,56,56.55,55.95,56.26,8665600,56.22,56.29
188,2/13/2013,56.46,56.46,55.5,55.83,7022800,56.14,56.11
189,2/14/2013,55.53,55.81,55.35,55.55,8899400,56.1,56.12
190,2/15/2013,55.61,55.7,54.17,54.34,18195800,56.01,56.07
191,2/19/2013,54.36,54.61,54.02,54.45,11761000,55.76,56
192,2/20/2013,54.6,54.84,53.18,53.31,12473000,55.56,55.92
193,2/21/2013,53.07,53.64,52.52,53.35,13897400,55.13,55.61
194,2/22/2013,53.7,54.21,53.28,54.17,11487400,54.73,55.26
195,2/25/2013,54.4,54.71,53.2,53.21,12334000,54.43,54.8
196,2/26/2013,53.43,53.86,52.85,53.28,10611400,54.05,54.36
197,2/27/2013,53.25,54.97,53.08,54.57,12056400,53.73,53.9
198,2/28/2013,54.65,55.17,54.45,54.85,10436400,53.76,53.76
199,3/1/2013,54.63,54.93,54,54.87,8451800,53.82,53.6
200,3/4/2013,54.77,55.72,54.66,55.7,10195000,54.04,53.78
201,3/5/2013,56,56.8,56,56.51,12932000,54.38,54.04
202,3/6/2013,56.76,57.49,56.65,57.1,14925200,54.71,54.18
203,3/7/2013,57.1,58.5,57.09,58.25,18237200,55.27,54.69
204,3/8/2013,58.67,58.97,58.15,58.67,14217800,55.98,55.37
205,3/11/2013,58.4,58.93,58.33,58.61,9898000,56.56,55.86
206,3/12/2013,58.45,58.55,57.98,58.28,11670200,57.1,56.43
207,3/13/2013,58.33,58.8,58.28,58.59,7435400,57.59,57.11
208,3/14/2013,58.52,58.75,57.41,57.68,14723200,58,57.68
209,3/15/2013,57.36,57.86,57.26,57.66,15103000,58.17,58.1
210,3/18/2013,57.06,57.42,56.75,56.93,10521200,58.25,58.38
211,3/19/2013,56.51,56.98,55.96,56.83,13337400,58.06,58.34
212,3/20/2013,57.22,57.61,57,57.43,9622600,57.8,58.12
213,3/21/2013,57.3,57.42,56.75,57.05,8307400,57.63,57.87
214,3/22/2013,57.3,57.75,57.16,57.38,8747600,57.45,57.67
215,3/25/2013,57.53,57.83,56.15,56.69,10581400,57.28,57.34
216,3/26/2013,56.99,57.16,56.71,57.05,6128600,57.14,57.2
217,3/27/2013,56.86,56.95,56.21,56.91,7457000,57.05,57.05
218,3/28/2013,56.93,57.26,56.86,56.95,7620400,57.05,57.08
219,4/1/2013,57.13,57.34,56.65,56.87,7009800,57.07,57.14
220,4/2/2013,57.19,58.33,57.15,58.26,13495800,56.99,57.03
221,4/3/2013,58.4,58.9,57.38,57.7,11272800,57.16,57.06
222,4/4/2013,57.61,58.31,57.61,58.11,7568600,57.2,57.01
223,4/5/2013,57.21,57.88,56.72,57.8,8993600,57.41,57.19
224,4/8/2013,57.83,58.12,57.46,58.12,7344000,57.51,57.31
225,4/9/2013,57.96,58,57.18,57.41,8361200,57.69,57.5
226,4/10/2013,57.64,58.31,57.61,57.8,8577400,57.75,57.7
227,4/11/2013,57.95,58.99,57.8,58.58,10417000,57.89,57.96
228,4/12/2013,58.71,59.71,58.6,59.09,10418400,57.93,57.87
229,4/15/2013,58.66,59.44,57.6,57.71,10700400,58.13,57.98
230,4/16/2013,57.94,58.94,57.72,58.56,8849400,58.07,57.97
231,4/17/2013,58.03,58.55,57.65,58.17,7207400,58.18,58.07
232,4/18/2013,58.36,58.48,57.5,57.72,8920600,58.19,58.08
233,4/19/2013,57.58,58.58,57.54,58.4,8605600,58.23,58.29
234,4/22/2013,58.42,58.87,57.98,58.64,5547400,58.32,58.42
235,4/23/2013,58.84,59.9,58.78,59.39,11324000,58.33,58.36
236,4/24/2013,59.69,59.97,59.13,59.83,10413400,58.37,58.18
237,4/25/2013,60,60.64,59.91,60.5,16609000,58.67,58.42
238,4/26/2013,59.3,60.39,59.2,60,14971000,58.95,58.51
239,4/29/2013,60.35,60.92,60.13,60.58,7401200,59.21,58.77
240,4/30/2013,60.63,60.91,60.31,60.84,8041200,59.62,59.25
241,5/1/2013,60.55,60.68,59.95,60.14,6294600,59.97,59.64
242,5/2/2013,60.44,60.68,59.6,60.38,6238200,60.18,60.03
243,5/3/2013,60.85,61.97,60.7,61.87,9835800,60.32,60.26
244,5/6/2013,62,62.48,61.92,62.48,6997200,60.62,60.46
245,5/7/2013,62.53,62.53,61.71,62.19,7495800,60.9,60.56
246,5/8/2013,62.34,62.44,61.73,62.41,5508200,61.21,60.86
247,5/9/2013,62.66,62.9,62.04,62.36,8277000,61.47,61.08
248,5/10/2013,62.57,63.19,62.39,63.1,7481000,61.69,61.3
249,5/13/2013,63.2,63.23,62.61,62.82,5907000,62.11,61.79
250,5/14/2013,62.92,63.57,62.78,63.52,7510600,62.46,62.31
251,5/15/2013,63.32,64.2,63.22,64.07,9654600,62.7,62.52
252,5/16/2013,64,64.07,63.45,63.55,6661400,62.92,62.63
253,5/17/2013,63.77,64.14,63.5,64.13,6934400,63.12,62.86
254,5/20/2013,64.03,64.61,63.78,63.83,7211800,63.36,63.1
255,5/21/2013,64.04,64.46,63.88,64.25,6589000,63.57,63.4
256,5/22/2013,64.15,64.93,63.96,64.15,11014000,63.74,63.56
257,5/23/2013,63.69,63.82,63.03,63.52,8258400,63.93,63.84
258,5/24/2013,63.08,63.4,62.61,63.36,6507400,63.93,63.94
259,5/28/2013,64.21,64.7,64.04,64.26,7438600,63.83,63.88
260,5/29/2013,63.79,64.1,63.12,63.63,7562400,63.93,63.97
261,5/30/2013,63.87,64.04,63.46,63.47,8799000,63.86,63.91
262,5/31/2013,63.21,64.35,62.79,63.14,10205800,63.81,63.9
263,6/3/2013,63.26,63.54,62.62,63.46,11417600,63.65,63.75
264,6/4/2013,62.61,64.14,62.61,63.33,8622600,63.55,63.6
265,6/5/2013,63.04,63.3,62.31,62.34,8408600,63.52,63.6
266,6/6/2013,62.35,63.06,62.32,63.02,8625400,63.38,63.6
267,6/7/2013,63.41,65.09,63.41,65.04,13753000,63.2,63.34
268,6/10/2013,65.66,66.31,65.48,66.11,12412400,63.4,63.28
269,6/11/2013,65.47,66.11,65.31,65.42,7897600,63.78,63.36
270,6/12/2013,65.82,66,64.26,64.45,10070000,64.1,63.6
271,6/13/2013,64.54,66.19,64.07,65.97,11909800,64.24,63.79
272,6/14/2013,65.95,66.67,65.45,65.6,9854600,64.62,64.12
273,6/17/2013,66.19,66.56,65.71,66.03,8115800,65.09,64.8
274,6/18/2013,66,67.13,65.95,67.1,7453600,65.52,65.43
275,6/19/2013,67.02,67.48,66.41,66.41,10647200,65.81,65.62
276,6/20/2013,65.82,66.32,65.04,65.22,11606600,65.85,65.56
277,6/21/2013,65.71,65.92,64.23,64.69,14709600,65.83,65.66
278,6/24/2013,64,64.58,63.18,64.01,9913200,65.86,66.01
279,6/25/2013,64.53,65.36,64.44,64.74,9857000,65.58,65.91
280,6/26/2013,65.37,66.71,64.89,65.8,9545800,65.46,65.88
281,6/27/2013,66.27,66.5,65.65,65.69,6296000,65.42,65.73
282,6/28/2013,65.51,66.25,65.4,65.51,10836600,65.22,65.26
283,7/1/2013,66.09,66.49,65.82,66.24,6692200,65.09,64.93
284,7/2/2013,66.24,67.2,66.08,66.79,6765600,65.24,64.93
285,7/3/2013,66.43,67.68,66.4,67.3,5616400,65.54,65.15
286,7/5/2013,67.87,68,66.9,67.72,5189400,66.01,65.65
287,7/8/2013,67.94,68.82,67.88,68.29,8030000,66.44,66.07
288,7/9/2013,68.9,69,67.99,68.13,7460000,66.79,66.32
289,7/10/2013,67.87,68.12,67.45,68.1,8090800,67.14,66.68
290,7/11/2013,68.68,69.52,68.35,69.34,8385800,67.51,67.18
291,7/12/2013,69.24,69.72,68.78,69.72,9706600,67.95,67.61
292,7/15/2013,69.69,69.9,69.53,69.66,6180600,68.37,68
293,7/16/2013,69.64,69.72,69.08,69.52,6068200,68.71,68.36
294,7/17/2013,69.74,69.82,67.89,68.2,12147400,68.97,68.67
295,7/18/2013,68.45,69.01,68.04,68.48,8537800,68.95,68.83
296,7/19/2013,68.57,69.11,68.4,68.79,7197000,69,69.05
297,7/22/2013,69.08,69.21,68.55,69.02,6559800,69.1,69.3
298,7/23/2013,69.24,69.32,67.45,67.66,8466200,69.06,69.23
299,7/24/2013,68.12,68.43,66.3,66.61,14034200,68.76,68.99
300,7/25/2013,66.94,68.3,66.73,68.17,15978400,68.33,68.66
301,7/26/2013,72.6,73.52,71.85,73.36,32293400,68.13,68.31
302,7/29/2013,72.75,73.08,72.1,72.45,12800800,68.87,68.48
303,7/30/2013,72.9,72.98,71.71,71.93,9808800,69.44,68.72
304,7/31/2013,72.14,72.5,71.22,71.29,11248400,69.89,68.99
305,8/1/2013,72.27,73.73,72.08,73.48,12854600,70.21,69.29
306,8/2/2013,73.5,74.27,73.16,74.23,9416800,71.04,70.13
307,8/5/2013,74.22,74.27,73.71,73.97,7606200,72.13,71.51
308,8/6/2013,73.66,73.85,72.78,72.8,7956000,72.96,72.71
309,8/7/2013,72.36,73.15,72.17,72.19,7066000,72.88,72.59
310,8/8/2013,72.77,73.4,72.4,72.94,5923800,72.84,72.69
311,8/9/2013,72.59,73.23,72.52,72.8,5366400,72.99,72.95
312,8/12/2013,72.28,73.13,72.25,72.93,5472400,73.2,73.43
313,8/13/2013,73.09,73.09,71.93,72.64,5377800,73.12,73.34
314,8/14/2013,72.58,72.58,71.79,71.85,4932000,72.9,73.01
315,8/15/2013,71.31,71.35,70.31,70.74,7198800,72.59,72.66
316,8/16/2013,70.98,71.39,70.55,70.71,6929800,72.3,72.54
317,8/19/2013,70.58,71.3,70.18,70.29,6349200,72.09,72.51
318,8/20/2013,70.36,71.03,70.11,70.66,6045000,71.71,72.2
319,8/21/2013,70.42,71.4,70.28,70.71,6917000,71.4,71.85
320,8/22/2013,71.08,72.26,71.01,71.9,5399600,71.09,71.39
321,8/23/2013,72.06,72.19,71.58,71.97,5869800,70.98,70.98
322,8/26/2013,72.07,72.21,71.6,71.88,4929400,71,70.77
323,8/27/2013,70.9,71.37,70.11,70.16,8025200,71.16,70.87
324,8/28/2013,70.09,71.32,69.86,70.96,6249800,71.08,70.96
325,8/29/2013,70.73,71.84,70.5,71.18,5510000,71.18,71.19
326,8/30/2013,71.38,71.4,70.33,70.52,5665000,71.25,71.33
327,9/3/2013,71.7,72.14,71.19,71.6,7249400,71.22,71.46
328,9/4/2013,71.42,72.27,71.09,72.14,6502200,71.18,71.28
329,9/5/2013,72.25,72.76,72.01,72.05,4931200,71.21,71.09
330,9/6/2013,72.37,72.65,70.93,71.57,6356600,71.23,70.93
331,9/9/2013,71.68,72.49,71.67,72.44,4936800,71.43,71.25
332,9/10/2013,72.98,74.32,72.93,74.22,11779000,71.64,71.42
333,9/11/2013,74.33,75.5,74.33,75.39,9982400,72.08,71.64
334,9/12/2013,75.5,75.91,75.12,75.67,7628600,72.77,72.2
335,9/13/2013,75.59,75.7,74.65,75.57,5767400,73.35,72.64
336,9/16/2013,76.57,76.6,74.86,75.24,8708400,73.84,73.07
337,9/17/2013,75.26,76.24,75.17,76.04,6660600,74.3,73.63
338,9/18/2013,75.88,77.62,75.55,77.33,9487000,74.94,74.47
339,9/19/2013,77.52,77.84,76.3,76.35,8041600,75.64,75.27
340,9/20/2013,76.26,77,76.07,76.12,9635400,75.94,75.7
341,9/23/2013,76.11,76.38,75.07,75.36,6783800,76.05,75.87
342,9/24/2013,75.53,77.31,75.48,76.55,7736000,76,75.95
343,9/25/2013,76.84,77.01,76.07,76.34,7251800,76.14,76.09
344,9/26/2013,76.64,77.28,76.32,77.18,4988800,76.3,76.36
345,9/27/2013,76.91,77.48,76.4,77.33,6200200,76.46,76.46
346,9/30/2013,76.5,77.08,76.05,76.97,8861200,76.46,76.25
347,10/1/2013,76.98,77.34,76.56,77.16,5205200,76.55,76.3
348,10/2/2013,76.59,77.23,76.21,77.19,6088400,76.7,76.44
349,10/3/2013,76.96,77.46,76.32,76.87,8266400,76.96,76.84
350,10/4/2013,76.8,77.46,76.51,77.4,5226600,77.01,76.95
351,10/7/2013,76.6,77.39,76.41,76.86,5106800,77.16,77.16
352,10/8/2013,77.11,78.03,75.44,75.53,12637800,77.11,77.14
353,10/9/2013,75.39,75.8,74.45,75.26,9482000,76.85,77.02
354,10/10/2013,76.29,77.31,76.13,77.12,6625800,76.61,76.93
355,10/11/2013,77.22,77.84,76.88,77.82,5530400,76.6,76.79
356,10/14/2013,77.54,78.32,77.25,78.1,5986600,76.69,76.67
357,10/15/2013,77.83,77.9,76.6,76.71,8135200,76.87,76.67
358,10/16/2013,77.2,78.22,76.89,78.04,10104000,76.77,76.51
359,10/17/2013,77.67,78.85,77.45,78.74,6551000,76.94,76.53
360,10/18/2013,79.27,79.67,78.97,79.31,9050000,77.4,77
361,10/21/2013,79.11,79.91,78.67,79.46,6770200,77.98,77.68
362,10/22/2013,79.9,81.08,79.6,80.9,8419600,78.31,77.98
363,10/23/2013,80.45,80.85,79.89,80.05,7892200,78.75,78.21
364,10/24/2013,79.36,79.44,78.51,79.05,13504600,79.03,78.44
365,10/25/2013,79.47,80,79.27,79.96,7251800,79.36,79.11
366,10/28/2013,80.2,80.43,78.53,78.71,11242800,79.64,79.51
367,10/29/2013,79.21,79.62,79.05,79.62,7898400,79.63,79.73
368,10/30/2013,80.63,80.85,79.76,80.83,17518800,79.68,79.82
369,10/31/2013,78.69,81.62,78.57,81.05,20491600,79.87,79.92
370,11/1/2013,81.54,81.54,79.67,80.37,12005200,79.9,79.67
371,11/4/2013,80.75,80.78,80.21,80.37,8283800,79.94,79.65
372,11/5/2013,80.36,82.34,80.15,81.99,10090200,80.13,79.92
373,11/6/2013,82.39,82.5,80.97,81.13,8562200,80.42,80.03
374,11/7/2013,81.3,81.35,79,79.07,13283200,80.77,80.55
375,11/8/2013,79.51,81.25,79.4,81.2,11487800,80.69,80.81
376,11/11/2013,81.2,81.42,80.98,80.99,5133600,80.74,80.79
377,11/12/2013,80.76,81.05,80.12,80.61,6613000,80.73,80.71
378,11/13/2013,79.24,81.5,79.19,81.46,12519000,80.77,80.81
379,11/14/2013,81.53,81.54,80.79,81.14,7647600,80.92,80.95
380,11/15/2013,81.25,81.45,80.78,81.19,6445400,80.8,80.65
381,11/18/2013,81.02,81.34,80.21,80.54,8316400,80.81,80.57
382,11/19/2013,80.01,80.92,79.86,79.92,8726000,81.02,81.06
383,11/20/2013,80.13,80.25,79.32,79.69,8733800,80.84,80.97
384,11/21/2013,79.8,81.65,79.75,81.53,13131800,80.65,80.88
385,11/22/2013,81.7,81.7,81.1,81.35,7919200,80.78,80.92
386,11/25/2013,81.37,81.48,80.51,80.71,9001200,80.77,80.75
387,11/26/2013,80.86,81.65,80.41,81.51,8767800,80.7,80.64
388,11/27/2013,81.39,81.91,81.2,81.62,4752000,80.75,80.53
389,11/29/2013,81.85,82.37,81.37,81.46,4387200,80.9,80.62
390,12/2/2013,81.49,81.69,80.91,81.07,5773200,81.12,80.92
391,12/3/2013,80.74,81.16,80.29,80.55,7893200,81.32,81.33
392,12/4/2013,80.39,80.72,79.44,79.5,10204600,81.18,81.24
393,12/5/2013,79.56,80.25,79.33,79.72,6569200,80.92,81.13
394,12/6/2013,80.6,80.75,79.71,79.94,6721200,80.78,81.15
395,12/9/2013,80.26,80.46,79.61,79.73,7920600,80.55,80.91
396,12/10/2013,78.99,79.07,76.68,77.38,26320600,80.28,80.58
397,12/11/2013,77.6,78,76.29,76.4,15752000,79.7,80.14
398,12/12/2013,76.28,77.09,76,76.48,9651000,79.03,79.63
399,12/13/2013,76.83,76.93,76.09,76.35,8041000,78.45,79.1
400,12/16/2013,76.03,76.98,75.91,76.46,9345400,78,78.73
401,12/17/2013,76.58,76.58,75.91,76.09,7003600,77.53,78.18
402,12/18/2013,76.13,77.69,76.1,77.68,10252000,76.98,77.44
403,12/19/2013,78.24,78.5,77.02,77.15,11402200,76.69,76.68
404,12/20/2013,77.52,77.98,77.24,77.66,12707400,76.66,76.5
405,12/23/2013,77.97,78.34,77.35,78.32,7621600,76.84,76.61
406,12/24/2013,78.1,78.75,77.95,78.57,3896600,77.1,76.77
407,12/26/2013,78.73,79.03,78.44,78.88,4391400,77.42,77.03
408,12/27/2013,79.29,79.3,78.46,78.57,4505000,77.76,77.36
409,12/30/2013,78.79,78.83,77.86,78.55,4733400,78.12,77.87
410,12/31/2013,78.43,78.78,78.01,78.39,6016200,78.24,78.01
411,1/2/2014,78.07,78.27,77.01,77.17,8487200,78.42,78.33
412,1/3/2014,77.3,77.77,76.94,76.95,6545000,78.35,78.5
413,1/6/2014,76.9,77.35,76.01,76.17,10585400,78.15,78.46
414,1/7/2014,76.65,77.41,76.47,77.21,8162200,77.81,78.27
415,1/8/2014,77.28,78.15,77.19,78.03,10178800,77.57,77.94
416,1/9/2014,78.07,78.1,76.8,77.6,8361200,77.5,77.67
417,1/10/2014,77.56,77.99,76.95,77.67,6467000,77.36,77.37
418,1/13/2014,77.38,77.39,74.76,75.12,14644800,77.26,77.09
419,1/14/2014,75.12,76.36,74.75,75.46,18653200,76.96,77.04
420,1/15/2014,75.54,76.33,75.41,76.19,8660200,76.75,76.99
421,1/16/2014,75.82,76.19,75.13,75.29,9072600,76.75,77.14
422,1/17/2014,75,75.46,74.67,74.9,12937400,76.48,76.95
423,1/21/2014,75.05,75.07,73.26,73.65,18774600,76.03,76.45
424,1/22/2014,73.95,74.2,73.54,73.6,13969400,75.47,75.92
425,1/23/2014,73.48,73.73,71.68,73.39,29936000,74.89,75.23
426,1/24/2014,74.73,76.16,74.11,74.98,33049000,74.64,75.11
427,1/27/2014,75.23,75.23,74.02,74.21,18207200,74.57,74.88
428,1/28/2014,74.57,74.8,73.67,73.89,11091600,74.29,74.41
429,1/29/2014,73.5,73.66,71.46,71.56,15959800,74.09,74.11
430,1/30/2014,72.28,72.43,71.31,71.91,15179800,73.61,73.79
431,1/31/2014,70.89,71.94,70.87,71.12,12256600,73.36,73.71
432,2/3/2014,71,71.51,68.67,68.97,20311000,73.01,73.57
433,2/4/2014,70,71.2,69.37,70.65,20440800,72.38,73.31
434,2/5/2014,70.09,70.74,69.61,70.49,10956000,71.76,72.51
435,2/6/2014,70.66,72.8,70.56,72.36,13818400,71.23,71.76
436,2/7/2014,73.61,74.49,72.69,74.04,14657600,71.01,71.04
437,2/10/2014,74.31,75.18,74.31,74.8,12944600,71.36,70.99
438,2/11/2014,74.87,75.19,73.79,74.5,16124000,71.78,70.96
439,2/12/2014,74.49,75.06,73.7,73.91,9956600,72.26,71.24
440,2/13/2014,73.56,74.69,73.39,74.69,8447800,72.96,72.24
441,2/14/2014,74.35,75.09,74.01,75.03,8241000,73.54,72.96
442,2/18/2014,74.99,75,73.94,73.97,10923400,74.19,73.89
443,2/19/2014,73.84,74.28,73.23,73.32,9770600,74.42,74.4
444,2/20/2014,73.4,73.71,72.48,73.55,8552600,74.32,74.47
445,2/21/2014,73.78,73.86,72.52,72.56,11288200,74.14,74.31
446,2/24/2014,72.66,72.88,72.02,72.56,11933800,73.86,74.15
447,2/25/2014,72.5,72.66,70.55,70.55,18618400,73.67,74.09
448,2/26/2014,70.8,72.22,69.95,71.78,19129200,73.08,73.69
449,2/27/2014,71.62,72.24,71.43,72.19,11288200,72.61,73.08
450,2/28/2014,71.54,71.93,70.5,70.96,22464800,72.36,72.68
451,3/3/2014,70.01,70.73,70,70.47,12248400,72.02,72.35
452,3/4/2014,71.43,71.96,71.05,71.66,12226200,71.58,71.86
453,3/5/2014,71.99,72.09,70.88,71.3,9715600,71.45,71.58
454,3/6/2014,71.83,73.33,71.77,72.69,13762600,71.27,71.26
455,3/7/2014,72.99,73.1,72.21,73.07,8386000,71.58,71.52
456,3/10/2014,73.25,73.64,72.79,73.56,8633800,71.76,71.52
457,3/11/2014,73.99,75.41,73.85,75.03,18344400,71.96,71.46
458,3/12/2014,74.55,75.66,74.5,75.63,10394600,72.54,71.85
459,3/13/2014,75.84,76.42,74.03,74.43,11380800,73.28,72.55
460,3/14/2014,74.09,74.89,74.02,74.27,8962600,73.67,73.06
461,3/17/2014,74.81,74.99,73.82,74.18,11019800,74.1,73.76
462,3/18/2014,74.35,74.84,74.05,74.6,5997600,74.31,74.16
463,3/19/2014,75,77.33,74.82,75.91,24983200,74.53,74.53
464,3/20/2014,76.29,77.13,75.6,76.96,13851400,74.86,74.85
465,3/21/2014,78.21,78.64,76.62,76.71,18034400,75.14,74.88
466,3/24/2014,76.9,77.11,75.21,75.77,10018800,75.29,74.8
467,3/25/2014,76.44,76.51,74.29,74.61,10568200,75.49,75.06
468,3/26/2014,74.93,74.99,73.52,73.54,8371200,75.53,75.38
469,3/27/2014,73.07,73.96,72.69,73.4,12675600,75.44,75.69
470,3/28/2014,73.29,74.06,73.05,73.7,6582800,75.27,75.86
471,3/31/2014,73.9,74.4,73.17,73.38,7721800,74.96,75.62
472,4/1/2014,73.64,74.98,73.41,74.01,8740800,74.44,74.99
473,4/2/2014,74.35,74.37,73.24,73.67,8304400,74.06,74.33
474,4/3/2014,73.86,74.34,72.82,73.09,7165400,73.76,73.83
475,4/4/2014,73.55,73.89,71.32,71.55,11708600,73.54,73.56
476,4/7/2014,71.2,71.38,70.05,70.43,11089800,73.26,73.49
477,4/8/2014,70.64,71.69,70.5,71.48,10660800,72.83,73.35
478,4/9/2014,71.63,72.68,71.2,72.48,9055600,72.52,73.05
479,4/10/2014,72.74,72.74,70.17,70.22,13375400,72.39,72.8
480,4/11/2014,69.79,70.13,68.68,68.73,16367200,71.85,72.26
481,4/14/2014,69.63,70.04,68.7,69.31,12175400,71.14,71.63
482,4/15/2014,69.96,70.1,67.93,68.89,15461800,70.6,71.01
483,4/16/2014,69.65,70.88,69.16,70.79,11277400,70.22,70.67
484,4/17/2014,70.57,71.39,70.14,70.15,9245800,70.27,70.63
485,4/21/2014,70.31,70.6,69.85,70.48,6095600,70.08,70.28
486,4/22/2014,70.53,71.28,70.33,71.15,8862600,69.8,69.61
487,4/23/2014,71.46,71.47,70.22,70.39,8881600,69.93,69.54
488,4/24/2014,71.52,72.04,70.11,71.09,15577000,70.17,69.9
489,4/25/2014,72,72.25,70.94,71.45,18111400,70.42,70.18
490,4/28/2014,71.89,72.02,69.8,70.93,10733600,70.79,70.65
491,4/29/2014,71.18,71.45,70.27,70.64,9827200,70.81,70.66
492,4/30/2014,70.62,70.76,70.12,70.62,7282400,70.88,70.84
493,5/1/2014,70.75,71.2,70.32,71.12,7918400,70.9,70.94
494,5/2/2014,71.25,71.53,70.57,70.6,8306400,70.89,70.88
495,5/5/2014,70.5,71.06,70.18,70.92,5486400,70.92,71.01
496,5/6/2014,70.73,70.83,69.33,69.58,10926800,70.9,70.96
497,5/7/2014,69.78,70,69.14,69.74,10959800,70.63,70.76
498,5/8/2014,69.6,70.5,69.34,69.58,7531400,70.46,70.64
499,5/9/2014,69.7,70.31,69.52,70.29,6623200,70.31,70.56
500,5/12/2014,70.64,71.24,70.4,71.15,7227200,70.26,70.47
501,5/13/2014,70.97,71.34,70.9,71.16,5803000,70.27,70.25
502,5/14/2014,71.18,71.2,70.03,70.17,8585000,70.35,70.19
503,5/15/2014,70.26,70.33,69.28,69.85,9124600,70.24,70.02
504,5/16/2014,70,71.04,69.81,70.94,9294800,70.28,70.19
505,5/19/2014,70.56,71.12,70.28,71.02,6745000,70.45,70.37
506,5/20/2014,70.76,70.9,69.84,70.23,8699800,70.65,70.64
507,5/21/2014,70.71,70.75,70.07,70.4,6089200,70.65,70.73
508,5/22/2014,70.35,71.77,70.3,71.4,7359600,70.54,70.57
509,5/23/2014,72.29,72.51,71.83,71.98,7166400,70.57,70.43
510,5/27/2014,72.64,73.78,72.54,73.66,10100400,70.83,70.59
511,5/28/2014,73.3,73.57,72.92,73.27,8210000,71.38,70.97
512,5/29/2014,73.52,73.56,72.65,73.11,6448000,71.71,71.17
513,5/30/2014,73.16,73.5,72.53,73.24,6879200,72.01,71.41
514,6/2/2014,73.22,74.06,73.16,73.85,5926200,72.44,71.96
515,6/3/2014,73.72,74.35,73.58,74.18,6764400,72.93,72.6
516,6/4/2014,74.12,74.7,73.64,74.67,6495800,73.33,73.08
517,6/5/2014,74.36,75.14,74.2,74.72,5187400,73.71,73.51
518,6/6/2014,75.06,75.54,74.8,75.33,6204800,73.86,73.56
519,6/9/2014,75.38,75.4,74.65,75.18,5701000,74.16,73.78
520,6/10/2014,75.25,75.44,74.32,74.6,6641000,74.45,74.12
521,6/11/2014,74.14,74.87,73.85,74.8,7510800,74.65,74.47
522,6/12/2014,74.69,74.7,73.73,73.96,7193800,74.78,74.71
523,6/13/2014,73.87,74.9,73.53,74.69,7708800,74.75,74.85
524,6/16/2014,74.48,75.16,74.46,75.09,6759600,74.75,74.87
525,6/17/2014,75.03,75.65,74.99,75.31,5778600,74.81,74.89
526,6/18/2014,75.2,75.68,74.6,75.56,5786600,74.8,74.76
527,6/19/2014,76.55,77.5,76.46,77.23,12555000,74.86,74.68
528,6/20/2014,77.63,77.63,76.41,76.6,12436000,75.23,74.84
529,6/23/2014,76.69,77.27,76.19,76.73,4779800,75.49,75.01
530,6/24/2014,76.9,77.75,76.54,77.43,10912400,75.89,75.49
531,6/25/2014,77.04,78.18,76.96,78.12,7813800,76.28,75.89
532,6/26/2014,78.01,78.33,77.47,78.06,6983200,76.71,76.29
533,6/27/2014,77.96,78.35,77.79,77.94,8669200,77.1,76.74
534,6/30/2014,78.1,78.19,77.08,77.38,9610000,77.44,77.21
535,7/1/2014,77.89,78.2,77.6,78.08,8061400,77.47,77.27
536,7/2/2014,78.38,78.41,77.91,78.19,4785200,77.68,77.54
537,7/3/2014,78.39,79.4,78.14,79.06,6662600,77.89,77.83
538,7/7/2014,78.78,79.38,78.61,78.69,7443600,78.12,78
539,7/8/2014,78.64,78.9,78.25,78.56,7802000,78.2,78.02
540,7/9/2014,78.54,79.48,78.36,79.45,7782600,78.27,78.08
541,7/10/2014,78.61,79.05,78.19,78.85,4720000,78.49,78.21
542,7/11/2014,78.96,78.99,78.14,78.6,4239400,78.7,78.54
543,7/14/2014,78.98,78.98,78.42,78.56,4562000,78.77,78.72
544,7/15/2014,78.65,79.15,78.46,78.89,8305600,78.82,78.87
545,7/16/2014,79.06,79.06,78.31,78.73,8615400,78.8,78.81
546,7/17/2014,78.12,78.46,77.12,77.24,8446400,78.81,78.84
547,7/18/2014,77.7,78.15,77.25,77.94,6744600,78.62,78.85
548,7/21/2014,77.86,77.93,77.17,77.61,5021000,78.4,78.59
549,7/22/2014,78.33,79.03,78.2,78.74,6457000,78.22,78.43
550,7/23/2014,78.51,79.28,78.4,79.14,6439800,78.24,78.34
551,7/24/2014,79.59,80.64,79.15,80.45,16129200,78.33,78.29
552,7/25/2014,78.4,79.32,77.9,78.74,18974600,78.55,78.2
553,7/28/2014,78.8,79,78.17,78.36,8013000,78.55,78.16
554,7/29/2014,78.49,79.25,78.41,78.65,7936000,78.71,78.52
555,7/30/2014,79,79.18,78.52,78.9,8911000,78.81,78.74
556,7/31/2014,78.52,78.7,77.52,77.68,8146000,79,79.09
557,8/1/2014,77.5,77.89,76.58,76.98,7797800,78.85,79.12
558,8/4/2014,77.26,77.76,77.03,77.53,6282600,78.54,78.97
559,8/5/2014,77.17,77.46,76.43,76.79,6694600,78.12,78.38
560,8/6/2014,76.5,77.44,76.27,77.13,5935200,77.84,78.16
561,8/7/2014,77.33,77.44,76.56,76.71,5428000,77.67,77.98
562,8/8/2014,76.63,77.67,76.51,77.62,5957200,77.39,77.67
563,8/11/2014,77.67,78.25,77.65,77.87,4513400,77.21,77.25
564,8/12/2014,77.87,78.14,77.52,77.82,4723600,77.23,77.13
565,8/13/2014,78.1,78.1,77.13,77.24,6935200,77.35,77.23
566,8/14/2014,77.48,77.5,76.16,76.62,10892600,77.31,77.17
567,8/15/2014,77.22,77.28,76.37,76.91,8090000,77.29,77.3
568,8/18/2014,77.19,77.86,77.18,77.59,6830800,77.26,77.33
569,8/19/2014,77.8,78.2,77.6,78.12,4907000,77.38,77.5
570,8/20/2014,78.01,78.47,77.74,78.03,4668800,77.45,77.45
571,8/21/2014,77.81,78.17,77.39,77.47,4812000,77.48,77.36
572,8/22/2014,77.24,77.6,77.05,77.28,4538800,77.43,77.26
573,8/25/2014,77.64,78.22,77.51,77.97,5698400,77.43,77.31
574,8/26/2014,78.01,78.43,77.76,77.79,5501600,77.62,77.56
575,8/27/2014,77.91,78.27,77.66,77.92,4903600,77.75,77.77
576,8/28/2014,77.79,78.03,77.51,77.81,3956800,77.8,77.82
577,8/29/2014,78.07,78.1,77.52,77.81,4657400,77.75,77.73
578,9/2/2014,77.7,77.98,77.16,77.48,6196200,77.72,77.65
579,9/3/2014,77.56,77.93,76.7,76.79,6796800,77.72,77.71
580,9/4/2014,76.8,77.37,76.76,77.16,5741000,77.65,77.81
581,9/5/2014,77.01,77.97,76.81,77.95,8026600,77.54,77.7
582,9/8/2014,77.76,77.96,77.33,77.67,4492800,77.56,77.64
583,9/9/2014,77.45,77.75,76.98,77.12,5114600,77.52,77.54
584,9/10/2014,77.01,77.4,76.75,77.21,5918600,77.43,77.44
585,9/11/2014,76.98,77,76.08,76.12,9353400,77.34,77.33
586,9/12/2014,75.83,76.07,74.94,75.47,14614800,77.15,77.24
587,9/15/2014,75.26,75.34,74.39,74.92,10845800,76.96,77.29
588,9/16/2014,74.84,75.45,74.53,75.09,8040200,76.64,77.15
589,9/17/2014,75.34,75.82,75.11,75.34,7475800,76.23,76.72
590,9/18/2014,75.59,75.89,75,75.73,8027600,75.9,76.28
591,9/19/2014,75.97,76.33,75.77,76.07,12040800,75.7,75.93
592,9/22/2014,76.05,76.05,74.33,74.6,7859600,75.53,75.51
593,9/23/2014,74.29,74.88,73.78,73.96,7739000,75.32,75.31
594,9/24/2014,74.53,75.43,74.35,75.32,8586200,75.1,75.21
595,9/25/2014,75.18,75.28,74.09,74.12,8010800,75.16,75.27
596,9/26/2014,74,75.23,73.94,75.17,7659600,75.02,75.26
597,9/29/2014,74.55,75.52,74.45,75.27,6366400,75,75.17
598,9/30/2014,75.56,75.85,75.02,75.46,7799600,74.93,74.97
599,10/1/2014,75.68,75.91,74.41,74.61,8119000,74.84,74.66
600,10/2/2014,74.41,75,73.78,74.45,8573600,74.84,74.72
601,10/3/2014,74.8,76.1,74.77,75.89,8229000,74.91,74.96
602,10/6/2014,76.02,76.23,75.1,75.15,5208000,75,74.88
603,10/7/2014,74.9,75.05,74.02,74.05,6383400,75.14,75.14
604,10/8/2014,74.24,75.42,73.63,75.26,6713400,74.98,75.09
605,10/9/2014,75.04,75.82,74.36,74.48,9342800,74.98,75.02
606,10/10/2014,74.26,75.79,74.1,74.46,10495400,74.84,74.86
607,10/13/2014,74.21,74.44,72.01,72.19,12428600,74.82,74.92
608,10/14/2014,72.41,73.58,72.21,72.74,10995000,74.5,74.93
609,10/15/2014,72.03,72.93,71.27,72.38,13621800,74.05,74.47
610,10/16/2014,71.18,72.87,70.77,72.64,9738000,73.65,74.09
611,10/17/2014,73.35,73.91,72.88,73.54,9580600,73.45,73.94
612,10/20/2014,73.61,74.75,73.41,74.7,7945200,73.2,73.43
613,10/21/2014,75,75.19,74.14,74.36,12296600,73.24,73.12
614,10/22/2014,74.48,74.99,74.16,74.6,6469600,73.22,72.81
615,10/23/2014,75.15,75.51,74.76,74.84,6837800,73.57,73.15
616,10/24/2014,74.9,75.91,74.35,75.81,7358400,73.87,73.43
617,10/27/2014,76.01,76.38,75.82,75.97,5783400,74.36,73.93
618,10/28/2014,76.34,77.07,75.88,77.05,8151000,74.83,74.47
619,10/29/2014,77.1,77.67,76.22,76.54,8795000,75.33,74.92
620,10/30/2014,76.18,77.45,76.11,77.32,13389000,75.6,75.15
621,10/31/2014,75.25,76.74,74.92,75.56,35890000,76.02,75.56
622,11/3/2014,75.97,76.27,75.47,76.1,10607000,76.16,75.95
623,11/4/2014,75.61,76.94,75.5,76.71,10420000,76.34,76.32
624,11/5/2014,77.01,77.39,76.59,76.66,7403400,76.46,76.49
625,11/6/2014,76.97,77.55,76.66,77.45,6167200,76.56,76.64
626,11/7/2014,77.64,78.09,77.21,77.79,8249000,76.62,76.53
627,11/10/2014,77.64,77.9,77.17,77.65,6555400,76.8,76.59
628,11/11/2014,77.83,78.2,77.25,77.73,5198200,76.85,76.47
629,11/12/2014,77.41,78.01,77.27,77.85,5312200,77.16,76.87
630,11/13/2014,78.19,78.48,77.41,77.89,6842200,77.41,77.2
631,11/14/2014,78.08,78.3,77.73,78.12,6039200,77.57,77.42
632,11/17/2014,77.94,78.47,77.65,77.83,5899000,77.78,77.7
633,11/18/2014,77.63,78,77.32,77.57,5755600,77.84,77.79
634,11/19/2014,77.44,78.08,77.4,77.82,5231200,77.81,77.8
635,11/20/2014,77.66,78.64,77.65,78.2,6287000,77.83,77.84
636,11/21/2014,79.13,79.92,78.77,79.76,14027800,77.9,77.88
637,11/24/2014,79.9,80.82,79.71,80.52,9426200,78.17,77.96
638,11/25/2014,80.56,80.92,80.05,80.21,8118400,78.55,78.13
639,11/26/2014,80.12,80.31,79.4,79.7,6196800,78.84,78.31
640,11/28/2014,80.43,81.64,80.41,81.21,6766600,79.11,78.63
641,12/1/2014,81,81.5,80.62,80.85,8627400,79.63,79.15
642,12/2/2014,80.69,80.85,80.09,80.37,7656400,80.06,79.71
643,12/3/2014,80.42,80.75,80.07,80.47,11201400,80.37,80.25
644,12/4/2014,80.6,82.3,80.39,81.31,13999000,80.48,80.43
645,12/5/2014,82.5,83.92,82.43,83.57,14788200,80.59,80.45
646,12/8/2014,84.2,84.2,83.1,83.8,11770600,81.07,80.66
647,12/9/2014,83.07,83.29,82.2,83.03,8725600,81.65,81.15
648,12/10/2014,82.9,84.04,82.55,82.66,10096400,81.91,81.33
649,12/11/2014,82.9,84.02,82.66,83.12,10046000,82.17,81.66
650,12/12/2014,82.74,83.97,82.57,83.25,9164200,82.57,82.2
651,12/15/2014,82.27,82.5,80.69,80.89,16287000,82.96,82.83
652,12/16/2014,80.49,81.09,79.11,79.13,13981800,82.9,83.23
653,12/17/2014,79.13,80.59,78.44,80.44,10161600,82.27,82.9
654,12/18/2014,81.55,81.64,79.26,80.03,17583000,81.79,82.4
655,12/19/2014,80.2,80.29,79.41,79.44,17444200,81.36,81.98
656,12/22/2014,79.85,80.55,79.77,80.54,7583800,80.9,81.54
657,12/23/2014,81.5,82.05,81.13,81.43,8147800,80.53,80.89
658,12/24/2014,81.47,81.86,81.18,81.27,2601800,80.27,80.15
659,12/26/2014,81.43,82.4,81.38,81.83,4550400,80.33,80.01
660,12/29/2014,81.66,82.55,81.5,82.38,4796600,80.71,80.4
661,12/30/2014,82.07,82.88,81.79,81.79,5253400,80.99,80.54
662,12/31/2014,82.19,83.33,82,82.05,7625400,81.24,80.84
663,1/2/2015,82.13,82.98,80.89,81.44,6886000,81.61,81.39
664,1/5/2015,80.14,80.67,79.49,79.88,11623800,81.74,81.69
665,1/6/2015,80.34,80.39,78.56,79.23,7664400,81.52,81.71
666,1/7/2015,79.75,81.23,79.4,81.18,9732600,81.23,81.7
667,1/8/2015,82.33,83.3,82.02,82.49,13170600,81.14,81.52
668,1/9/2015,80.99,81.51,79.12,79.79,27556800,81.15,81.22
669,1/12/2015,80.29,80.83,79.82,80.23,10021400,80.87,80.99
670,1/13/2015,81.48,82.14,80.13,80.87,11040800,80.61,80.63
671,1/14/2015,80.05,80.78,79.61,80.42,9290800,80.52,80.4
672,1/15/2015,80.6,80.9,79.19,79.58,8126600,80.6,80.58
673,1/16/2015,79.26,80.78,79,80.61,9015600,80.65,80.93
674,1/20/2015,80.8,81.47,80.33,81.22,10738400,80.57,80.78
675,1/21/2015,81.05,81.63,80.53,81.29,10844200,80.39,80.25
676,1/22/2015,81.36,82.84,80.89,82.74,23913000,80.6,80.46
677,1/23/2015,86.5,88.7,86.44,88.22,38107200,80.96,80.64
678,1/26/2015,88.09,88.5,87.41,88.12,14098600,82.01,80.93
679,1/27/2015,87.78,89.21,87.45,88.34,10994200,83.11,81.6
680,1/28/2015,88.7,89.59,87.49,87.57,11963200,84.36,82.79
681,1/29/2015,88.01,89.3,87.57,89.05,12475800,85.36,83.98
682,1/30/2015,88.58,88.94,87.39,87.53,10070400,86.48,85.3
683,2/2/2015,87.68,88.09,85.86,87.99,13638800,87.37,86.81
684,2/3/2015,87.98,88.49,86.93,88.49,9252400,88.12,88.16
685,2/4/2015,88,89.43,87.99,88.7,11496600,88.16,88.14
686,2/5/2015,88.71,89.77,88.71,89.64,7598600,88.24,88.17
687,2/6/2015,89.5,89.68,88.68,89,7835400,88.42,88.19
688,2/9/2015,88.51,89.21,88.14,88.82,6911600,88.63,88.46
689,2/10/2015,89.37,91.38,89.33,91.18,12469600,88.6,88.34
690,2/11/2015,91.16,91.79,90.71,90.79,6467000,89.12,88.74
691,2/12/2015,91.09,91.94,90.09,91.83,7197600,89.52,89.12
692,2/13/2015,91.99,91.99,90.91,91.58,6109600,89.99,89.5
693,2/17/2015,91.77,92.24,91.26,92.03,6387000,90.41,89.93
694,2/18/2015,92.39,93.33,92,93,6542000,90.75,90.2
695,2/19/2015,93.15,93.78,93.01,93.17,6109200,91.32,90.78
696,2/20/2015,93.46,93.67,92.97,93.51,6461400,91.94,91.56
697,2/23/2015,93.85,93.93,93.08,93.58,5854600,92.27,91.84
698,2/24/2015,93.26,93.99,93.16,93.45,6337800,92.67,92.31
699,2/25/2015,93.3,94.83,93.25,94.26,8119600,92.9,92.57
700,2/26/2015,94.3,94.82,94.08,94.55,6816400,93.29,93
701,2/27/2015,94.79,94.8,93.27,93.49,8658400,93.65,93.4
702,3/2/2015,93.33,94.55,93.33,94.23,7947000,93.72,93.58
703,3/3/2015,94.1,94.21,93.2,94,7578400,93.87,93.76
704,3/4/2015,93.81,94.19,92.01,93.06,7774600,93.94,93.86
705,3/5/2015,93.28,93.96,93.06,93.63,5848400,93.86,93.93
706,3/6/2015,93.3,93.7,91.88,92.22,6814400,93.89,94.04
707,3/9/2015,92.39,93.13,92.09,93.04,5984800,93.6,93.88
708,3/10/2015,92.16,92.91,91.77,92.18,6077000,93.38,93.59
709,3/11/2015,92.12,92.98,91.22,91.42,8185800,93.19,93.51
710,3/12/2015,91.97,93.53,91.84,93.38,7295400,92.79,93.15
711,3/13/2015,92.68,94.37,92.68,93.29,5835200,92.7,92.83
712,3/16/2015,94,94.62,93.74,94.05,6772600,92.74,92.75
713,3/17/2015,93.76,94.48,93.6,94.39,5508800,92.8,92.54
714,3/18/2015,94,96.57,93.35,95.84,15430000,93.11,92.76
715,3/19/2015,96.76,99.2,96.38,97.76,22020600,93.51,92.88
716,3/20/2015,98.49,98.9,97.01,97.46,17360600,94.3,93.41
717,3/23/2015,97.88,97.9,96.71,97.37,7986000,95.17,94.35
718,3/24/2015,97.11,98.33,96.76,97.92,7718400,95.74,94.94
719,3/25/2015,98.14,98.48,95.77,95.77,9907200,96.4,95.71
720,3/26/2015,95.35,95.75,93.66,95.08,10344400,96.64,96.36
721,3/27/2015,95,95.95,94.75,95.07,7993400,96.74,96.95
722,3/30/2015,96.04,96.5,95.5,95.98,6830200,96.63,97.15
723,3/31/2015,95.67,96.2,94.69,94.7,8717800,96.38,96.8
724,4/1/2015,94.28,94.5,92.56,93.02,14125400,95.98,96.43
725,4/2/2015,93.42,94.64,93.22,94.39,8863000,95.36,95.93
726,4/6/2015,93.85,94.8,93.45,94.52,6058800,94.86,95.17
727,4/7/2015,94.41,94.96,93.96,94.07,5354600,94.68,94.89
728,4/8/2015,93.84,95.28,93.84,95.23,3413900,94.54,94.76
729,4/9/2015,47.65,47.99,47.25,47.96,7109600,94.56,94.63
730,4/10/2015,48.6,48.6,47.88,48.17,6643100,87.7,92.56
731,4/13/2015,48.56,48.89,48.38,48.5,8171000,81.05,89.15
732,4/14/2015,48.52,48.71,47.97,48.3,5952400,74.69,84.57
733,4/15/2015,48.81,48.81,48.13,48.14,5162200,68.11,78
734,4/16/2015,48.23,48.48,48.16,48.25,5312500,61.48,69.74
735,4/17/2015,47.9,48,47.39,47.62,7539900,54.94,59.95
736,4/20/2015,47.9,48.12,47.7,47.97,4868400,48.13,48.18
737,4/21/2015,48.35,48.48,48.02,48.37,6213400,48.14,48.22
738,4/22/2015,48.5,48.6,47.98,48.34,7248100,48.16,48.22
739,4/23/2015,48.55,49.7,48.28,49.43,15866100,48.14,48.13
740,4/24/2015,51.32,52.09,50.62,51.84,22284900,48.3,48.13
741,4/27/2015,51.81,51.94,50.76,50.87,11222600,48.83,48.3
742,4/28/2015,50.6,50.8,49.98,50.61,8882900,49.21,48.54
743,4/29/2015,50.42,50.95,50.2,50.65,7162000,49.63,49.05
744,4/30/2015,50.63,50.68,49.43,49.58,8492000,50.02,49.56
745,5/1/2015,49.95,50.42,49.68,50.29,5916500,50.19,50.01
746,5/4/2015,50.3,50.93,50.27,50.45,7493400,50.47,50.54
747,5/5/2015,49.94,50.05,49.36,49.41,10691200,50.61,50.84
748,5/6/2015,49.68,49.7,48.57,48.93,8033500,50.27,50.45
749,5/7/2015,48.74,49.55,48.72,49.35,5681400,49.99,50.23
750,5/8/2015,49.99,50.43,49.46,49.78,6039800,49.81,50.03
751,5/11/2015,49.71,50.22,49.38,49.5,5047200,49.68,49.78
752,5/12/2015,49.15,49.99,49,49.71,5868600,49.67,49.81
753,5/13/2015,49.85,50.15,49.43,49.59,4927100,49.59,49.63
754,5/14/2015,49.98,50.59,49.67,50.56,7339700,49.47,49.39
755,5/15/2015,50.79,50.85,50.39,50.8,6016700,49.63,49.44
756,5/18/2015,50.65,51.29,50.56,51.18,8999800,49.9,49.68
757,5/19/2015,51.48,51.72,50.96,51.42,6976100,50.16,49.89
758,5/20/2015,51.31,51.44,50.43,51.03,5644700,50.39,50.04
759,5/21/2015,50.94,51.45,50.78,51.33,5084000,50.61,50.32
760,5/22/2015,51.33,51.65,51.21,51.48,5857700,50.84,50.6
761,5/26/2015,51.38,51.78,50.66,50.84,7369900,51.11,50.98
762,5/27/2015,51.04,51.7,50.91,51.59,6213600,51.15,51.13
763,5/28/2015,51.84,51.94,51.45,51.81,5874400,51.27,51.25
764,5/29/2015,51.95,52.23,51.45,51.96,9399100,51.36,51.29
765,6/1/2015,51.96,52.46,51.67,52.22,7075100,51.43,51.3
766,6/2/2015,51.98,52.3,51.66,51.73,7877800,51.6,51.44
767,6/3/2015,52,52.27,51.67,52.12,5522700,51.66,51.52
768,6/4/2015,51.87,52.18,51.57,51.72,6230800,51.75,51.59
769,6/5/2015,51.57,52.44,51.27,52.19,7123200,51.88,51.85
770,6/8/2015,52,52.23,51.49,51.53,6320200,51.96,51.94
771,6/9/2015,51.35,51.7,51.1,51.54,5034000,51.92,51.97
772,6/10/2015,51.8,52.86,51.66,52.69,8003600,51.86,51.95
773,6/11/2015,52.81,53,52.44,52.49,6030200,51.93,51.88
774,6/12/2015,52.41,52.74,52.16,52.63,5236700,52.04,51.95
775,6/15/2015,52.23,52.46,52.01,52.27,5555000,52.11,51.95
776,6/16/2015,52.27,53.14,52.2,52.97,6106500,52.19,52.07
777,6/17/2015,53.09,53.47,52.72,53.24,6735300,52.3,52.1
778,6/18/2015,53.5,54.28,53.4,54.11,10711000,52.55,52.35
779,6/19/2015,54.08,54.44,53.84,53.93,10609700,52.91,52.7
780,6/22/2015,54.33,54.43,53.88,53.9,7100700,53.09,52.8
781,6/23/2015,54.04,54.18,53.72,54.12,5679000,53.29,53
782,6/24/2015,53.75,53.97,53.52,53.71,5525000,53.51,53.22
783,6/25/2015,54.09,54.45,54,54.07,5389900,53.71,53.58
784,6/26/2015,54.46,54.75,54.3,54.62,6637200,53.87,53.8
785,6/29/2015,53.87,54.39,53.51,53.55,6534100,54.07,54.01
786,6/30/2015,54.15,54.3,53.14,53.62,9794000,53.99,53.98
787,7/1/2015,53.86,54.21,53.6,53.89,6107700,53.94,53.98
788,7/2/2015,54.03,54.7,53.95,54.24,5684700,53.94,53.99
789,7/6/2015,53.64,54.41,53.63,54.31,5396400,53.96,53.95
790,7/7/2015,54.29,54.54,53.36,54.38,9462300,54.04,54.03
791,7/8/2015,53.86,54.02,53.31,53.39,8139300,54.09,54.04
792,7/9/2015,54.07,54.5,53.88,54.05,7681000,53.91,53.86
793,7/10/2015,54.54,54.73,54.18,54.57,8087800,53.98,53.97
794,7/13/2015,55,55.89,54.9,55.7,7477200,54.12,54.09
795,7/14/2015,55.96,56.06,55.52,55.75,7028000,54.38,54.21
796,7/15/2015,55.92,55.95,55.29,55.34,8212600,54.59,54.3
797,7/16/2015,56.06,56.16,55.66,55.74,7305500,54.74,54.41
798,7/17/2015,55.9,55.9,55.37,55.69,8715400,54.93,54.55
799,7/20/2015,55.73,56.74,55.7,56.21,7970800,55.26,55.02
800,7/21/2015,56.38,56.47,55.78,56.2,6717500,55.57,55.4
801,7/22/2015,56.43,56.87,56.25,56.69,6876100,55.8,55.71
802,7/23/2015,56.98,57,56.16,56.56,12439200,55.95,55.77
803,7/24/2015,59.12,59.31,57.15,57.29,14559700,56.06,55.84
804,7/27/2015,57.21,57.47,56.85,56.98,8993500,56.34,56.09
805,7/28/2015,57.39,57.4,56.56,57.14,8689200,56.52,56.29
806,7/29/2015,57.38,57.8,57.14,57.51,8470500,56.72,56.55
807,7/30/2015,57.3,58.15,57.01,58.06,7337900,56.91,56.72
808,7/31/2015,58.44,58.44,57.73,57.93,6519500,57.18,56.97
809,8/3/2015,58.62,58.96,58.04,58.19,7664000,57.35,57.13
810,8/4/2015,58.25,58.72,58.03,58.7,9113100,57.59,57.39
811,8/5/2015,59.15,59.32,58.83,59.01,7349100,57.79,57.51
812,8/6/2015,59.13,59.2,57.09,57.23,11064500,58.08,57.79
813,8/7/2015,57.33,57.36,56.51,57.2,7749000,58.09,58.02
814,8/10/2015,57.29,57.63,55.75,56.27,11994700,58.05,58.16
815,8/11/2015,55.79,56.44,55.24,56.35,8017600,57.79,58.09
816,8/12/2015,55.69,56.4,54.95,56.38,10064400,57.56,58
817,8/13/2015,56.52,57.25,56.51,56.85,6725600,57.31,57.78
818,8/14/2015,56.95,57.12,56.66,57.1,4790900,57.04,57.36
819,8/17/2015,57,57.76,56.73,57.74,5749100,56.77,56.8
820,8/18/2015,57.96,58.06,57.66,57.83,5575400,56.84,56.71
821,8/19/2015,57.58,58.08,57.12,57.59,6041500,56.93,56.64
822,8/20/2015,57,57.15,55.77,55.81,7411700,57.12,56.85
823,8/21/2015,54.72,54.86,52.6,52.84,20102200,57.04,57.03
824,8/24/2015,48.05,52.67,42.05,50.34,27094800,56.54,57.06
825,8/25/2015,52.96,53.61,51.05,51.09,19546000,55.61,56.75
826,8/26/2015,52.99,54.15,51.27,53.96,15453100,54.75,56.17
827,8/27/2015,54.76,56.21,54.41,55.95,15871100,54.21,55.28
828,8/28/2015,55.7,56.31,55.2,55.63,7580500,53.94,54.31
829,8/31/2015,55.19,55.47,54.5,54.71,7891600,53.66,53.33
830,9/1/2015,53,54.36,52.74,53.5,13338000,53.5,52.75
831,9/2/2015,54.5,55.29,53.75,55.26,9876600,53.6,52.94
832,9/3/2015,55.72,55.76,54.48,54.69,7862200,54.3,53.93
833,9/4/2015,53.87,54.57,53.84,54.28,6990300,54.81,54.86
834,9/8/2015,55.31,55.45,54.53,55.21,7988700,54.86,55.09
835,9/9/2015,55.9,56,54.57,54.69,8347400,54.75,54.79
836,9/10/2015,54.34,55.69,54.33,55.37,8881800,54.62,54.54
837,9/11/2015,55.19,56.54,55.03,56.53,8347000,54.71,54.54
838,9/14/2015,56.54,56.91,56.05,56.29,5463900,55.15,54.95
839,9/15/2015,56.43,57.21,56.12,56.91,6737300,55.29,54.96
840,9/16/2015,56.83,57.35,56.21,57.26,6590600,55.61,55.19
841,9/17/2015,57.32,58.1,57.04,57.28,7408000,56.04,55.63
842,9/18/2015,56.49,57.63,56.28,56.84,16167600,56.33,55.91
843,9/21/2015,57.2,57.84,56.96,57.54,6209200,56.64,56.39
844,9/22/2015,56.85,57.25,56.7,57.12,8540700,56.95,56.79
845,9/23/2015,57.16,57.93,57.05,57.79,6808500,57.03,56.92
846,9/24/2015,57.38,58.54,57.17,58.37,9945100,57.25,57.16
847,9/25/2015,58.92,58.96,57.74,57.99,10586700,57.46,57.29
848,9/28/2015,58.01,58.43,55.62,55.77,11505400,57.56,57.37
849,9/29/2015,55.85,56.3,54.81,55.72,9388200,57.35,57.38
850,9/30/2015,56.4,56.9,55.61,56.84,9776200,57.19,57.47